date,match_id,player,mu,sigma,score
2026-01-26,1,NathV,21.891677369701625,7.7743633497703355,-1.4314126796093802
2026-01-26,1,Lily,21.891677369701625,7.7743633497703355,-1.4314126796093802
2026-01-26,1,Roland,28.108322630298364,7.7743633497703355,4.785232580987358
2026-01-26,1,Rémi,28.108322630298364,7.7743633497703355,4.785232580987358
2026-01-26,2,NathV,20.393129601602936,7.408653219474769,-1.832830056821372
2026-01-26,2,Lily,20.393129601602936,7.408653219474769,-1.832830056821372
2026-01-26,2,Roland,29.606870398397053,7.408653219474769,7.3809107399727445
2026-01-26,2,Rémi,29.606870398397053,7.408653219474769,7.3809107399727445
2026-01-27,3,NathV,20.393129601602936,7.408653219474769,-1.832830056821372
2026-01-27,3,Lily,20.393129601602936,7.408653219474769,-1.832830056821372
2026-01-27,3,Roland,31.6471959251066,7.038022537314474,10.533128313163182
2026-01-27,3,Rémi,29.606870398397053,7.408653219474769,7.3809107399727445
2026-01-27,3,ManonV,27.581350161456253,7.801910776882905,4.175617830807539
2026-01-27,3,Lilou,22.41864983854374,7.801910776882905,-0.9870824921049746
2026-01-27,3,Paul,22.41864983854374,7.801910776882905,-0.9870824921049746
2026-01-27,4,NathV,20.393129601602936,7.408653219474769,-1.832830056821372
2026-01-27,4,Lily,18.35280407489339,7.038022537314474,-2.7612635370500307
2026-01-27,4,Roland,31.6471959251066,7.038022537314474,10.533128313163182
2026-01-27,4,Rémi,29.606870398397053,7.408653219474769,7.3809107399727445
2026-01-27,4,ManonV,27.581350161456253,7.801910776882905,4.175617830807539
2026-01-27,4,Lilou,22.41864983854374,7.801910776882905,-0.9870824921049746
2026-01-27,4,Paul,22.41864983854374,7.801910776882905,-0.9870824921049746
2026-01-27,4,Raphaël,27.58135016145625,7.801910776882905,4.175617830807536
2026-01-27,5,NathV,20.393129601602936,7.408653219474769,-1.832830056821372
2026-01-27,5,Lily,18.35280407489339,7.038022537314474,-2.7612635370500307
2026-01-27,5,Roland,32.9235856682454,6.761473195903226,12.639166080535723
2026-01-27,5,Rémi,29.606870398397053,7.408653219474769,7.3809107399727445
2026-01-27,5,ManonV,27.581350161456253,7.801910776882905,4.175617830807539
2026-01-27,5,Lilou,20.850192826044797,7.423188206237744,-1.4193717926684357
2026-01-27,5,Paul,20.850192826044797,7.423188206237744,-1.4193717926684357
2026-01-27,5,Raphaël,27.58135016145625,7.801910776882905,4.175617830807536
2026-01-27,5,Julia,26.78937782995626,7.8700401632933445,3.1792573400762265
2026-01-27,6,NathV,20.393129601602936,7.408653219474769,-1.832830056821372
2026-01-27,6,Lily,17.37506277852337,6.792876504819232,-3.0035667359343243
2026-01-27,6,Roland,32.9235856682454,6.761473195903226,12.639166080535723
2026-01-27,6,Rémi,29.606870398397053,7.408653219474769,7.3809107399727445
2026-01-27,6,ManonV,27.581350161456253,7.801910776882905,4.175617830807539
2026-01-27,6,Lilou,19.762522094812393,7.134858208287672,-1.6420525300506235
2026-01-27,6,Paul,20.850192826044797,7.423188206237744,-1.4193717926684357
2026-01-27,6,Raphaël,28.782821107885347,7.466355154627915,6.383755644001603
2026-01-27,6,Julia,26.78937782995626,7.8700401632933445,3.1792573400762265
2026-01-27,7,NathV,20.393129601602936,7.408653219474769,-1.832830056821372
2026-01-27,7,Lily,17.37506277852337,6.792876504819232,-3.0035667359343243
2026-01-27,7,Roland,32.9235856682454,6.761473195903226,12.639166080535723
2026-01-27,7,Rémi,31.12713794211769,7.061073812807163,9.943916503696201
2026-01-27,7,ManonV,27.581350161456253,7.801910776882905,4.175617830807539
2026-01-27,7,Lilou,19.762522094812393,7.134858208287672,-1.6420525300506235
2026-01-27,7,Paul,19.323954980865665,7.073521729255186,-1.8966102068998936
2026-01-27,7,Raphaël,28.782821107885347,7.466355154627915,6.383755644001603
2026-01-27,7,Julia,25.073884103487202,7.451953792555561,2.718022725820518
2026-01-27,8,NathV,24.674210402633797,6.82595709168106,4.196339127590619
2026-01-27,8,Lily,20.97415306136109,6.346883516340804,1.933502512338677
2026-01-27,8,Roland,32.9235856682454,6.761473195903226,12.639166080535723
2026-01-27,8,Rémi,31.12713794211769,7.061073812807163,9.943916503696201
2026-01-27,8,ManonV,27.581350161456253,7.801910776882905,4.175617830807539
2026-01-27,8,Lilou,15.791979295767716,6.616070728550879,-4.056232889884919
2026-01-27,8,Paul,19.323954980865665,7.073521729255186,-1.8966102068998936
2026-01-27,8,Raphaël,24.43480310642292,6.86952568603186,3.8262260483273387
2026-01-27,8,Julia,25.073884103487202,7.451953792555561,2.718022725820518
2026-01-27,9,NathV,24.674210402633797,6.82595709168106,4.196339127590619
2026-01-27,9,Lily,20.172958564595604,6.159406361010871,1.6947394815629906
2026-01-27,9,Roland,32.9235856682454,6.761473195903226,12.639166080535723
2026-01-27,9,Rémi,32.1187550885646,6.80172490066428,11.713580386571756
2026-01-27,9,ManonV,27.581350161456253,7.801910776882905,4.175617830807539
2026-01-27,9,Lilou,15.791979295767716,6.616070728550879,-4.056232889884919
2026-01-27,9,Paul,18.328839010474525,6.812777898657142,-2.1094946854969017
2026-01-27,9,Raphaël,24.43480310642292,6.86952568603186,3.8262260483273387
2026-01-27,9,Julia,25.073884103487202,7.451953792555561,2.718022725820518
2026-01-27,9,Armelle,26.38109316116688,7.903400317669538,2.6708922081582642
2026-01-27,10,NathV,24.674210402633797,6.82595709168106,4.196339127590619
2026-01-27,10,Lily,20.172958564595604,6.159406361010871,1.6947394815629906
2026-01-27,10,Roland,31.549044598444606,6.464034065624219,12.15694240157195
2026-01-27,10,Rémi,33.50970793050902,6.498847074869039,14.01316670590191
2026-01-27,10,ManonV,27.581350161456253,7.801910776882905,4.175617830807539
2026-01-27,10,Lilou,14.47591147921022,6.337724812774465,-4.537262959113177
2026-01-27,10,Paul,18.328839010474525,6.812777898657142,-2.1094946854969017
2026-01-27,10,Raphaël,24.43480310642292,6.86952568603186,3.8262260483273387
2026-01-27,10,Julia,25.073884103487202,7.451953792555561,2.718022725820518
2026-01-27,10,Armelle,28.259048828594718,7.423937718874953,5.987235671969859
2026-01-27,11,NathV,24.674210402633797,6.82595709168106,4.196339127590619
2026-01-27,11,Lily,20.172958564595604,6.159406361010871,1.6947394815629906
2026-01-27,11,Roland,29.40131965852148,6.1114469297129705,11.066978869382567
2026-01-27,11,Rémi,33.50970793050902,6.498847074869039,14.01316670590191
2026-01-27,11,ManonV,27.581350161456253,7.801910776882905,4.175617830807539
2026-01-27,11,Lilou,12.411287113140924,6.00581486680872,-5.606157487285236
2026-01-27,11,Paul,20.714521536519573,6.398547899536367,1.5188778379104733
2026-01-27,11,Raphaël,24.43480310642292,6.86952568603186,3.8262260483273387
2026-01-27,11,Julia,25.073884103487202,7.451953792555561,2.718022725820518
2026-01-27,11,Armelle,31.091892251045717,6.884455484053054,10.438525798886555
2026-01-27,12,NathV,24.674210402633797,6.82595709168106,4.196339127590619
2026-01-27,12,Lily,20.172958564595604,6.159406361010871,1.6947394815629906
2026-01-27,12,Roland,28.259383918094247,5.865335835006294,10.663376413075365
2026-01-27,12,Rémi,33.50970793050902,6.498847074869039,14.01316670590191
2026-01-27,12,ManonV,27.581350161456253,7.801910776882905,4.175617830807539
2026-01-27,12,Lilou,11.308478060744848,5.772451101379228,-6.0088752433928345
2026-01-27,12,Paul,21.966247742084896,6.115419599059017,3.6199889449078455
2026-01-27,12,Raphaël,24.43480310642292,6.86952568603186,3.8262260483273387
2026-01-27,12,Julia,25.073884103487202,7.451953792555561,2.718022725820518
2026-01-27,12,Armelle,32.540916508271394,6.530341739323471,12.949891290300982
2026-01-28,13,NathV,24.674210402633797,6.82595709168106,4.196339127590619
2026-01-28,13,Lily,20.172958564595604,6.159406361010871,1.6947394815629906
2026-01-28,13,Roland,28.259383918094247,5.865335835006294,10.663376413075365
2026-01-28,13,Rémi,33.97435127162554,6.355855291760168,14.906785396345033
2026-01-28,13,ManonV,27.581350161456253,7.801910776882905,4.175617830807539
2026-01-28,13,Lilou,10.941882917774093,5.672706563120158,-6.076236771586382
2026-01-28,13,Paul,21.966247742084896,6.115419599059017,3.6199889449078455
2026-01-28,13,Raphaël,23.91565283130787,6.7002977802534645,3.814759490547477
2026-01-28,13,Julia,25.073884103487202,7.451953792555561,2.718022725820518
2026-01-28,13,Armelle,32.540916508271394,6.530341739323471,12.949891290300982
2026-01-28,13,Jules,25.76393536426053,8.02893950941396,1.6771168360186515
2026-01-28,14,NathV,24.674210402633797,6.82595709168106,4.196339127590619
2026-01-28,14,Lily,20.172958564595604,6.159406361010871,1.6947394815629906
2026-01-28,14,Roland,30.01629730487079,5.6147732350069415,13.171977599849967
2026-01-28,14,Rémi,33.97435127162554,6.355855291760168,14.906785396345033
2026-01-28,14,ManonV,27.581350161456253,7.801910776882905,4.175617830807539
2026-01-28,14,Lilou,10.941882917774093,5.672706563120158,-6.076236771586382
2026-01-28,14,Paul,23.876145345295043,5.830768015402876,6.383841299086413
2026-01-28,14,Raphaël,23.91565283130787,6.7002977802534645,3.814759490547477
2026-01-28,14,Julia,22.238110604615795,6.930124403754811,1.4477373933513604
2026-01-28,14,Armelle,32.540916508271394,6.530341739323471,12.949891290300982
2026-01-28,14,Jules,25.76393536426053,8.02893950941396,1.6771168360186515
2026-01-28,14,BenjaminC,21.453843799990413,7.5963448974937595,-1.3351908924908678
2026-01-28,15,NathV,24.674210402633797,6.82595709168106,4.196339127590619
2026-01-28,15,Lily,20.172958564595604,6.159406361010871,1.6947394815629906
2026-01-28,15,Roland,30.01629730487079,5.6147732350069415,13.171977599849967
2026-01-28,15,Rémi,34.47976417294473,6.205864998292483,15.862169178067283
2026-01-28,15,ManonV,27.581350161456253,7.801910776882905,4.175617830807539
2026-01-28,15,Lilou,10.539260436612734,5.566547878319687,-6.1603831983463255
2026-01-28,15,Paul,23.876145345295043,5.830768015402876,6.383841299086413
2026-01-28,15,Raphaël,24.477320019344315,6.524220900171351,4.90465731883026
2026-01-28,15,Julia,22.238110604615795,6.930124403754811,1.4477373933513604
2026-01-28,15,Armelle,32.540916508271394,6.530341739323471,12.949891290300982
2026-01-28,15,Jules,24.957467948135204,7.723721408403289,1.7863037229253358
2026-01-28,15,BenjaminC,21.453843799990413,7.5963448974937595,-1.3351908924908678
2026-01-28,16,NathV,24.674210402633797,6.82595709168106,4.196339127590619
2026-01-28,16,Lily,20.172958564595604,6.159406361010871,1.6947394815629906
2026-01-28,16,Roland,27.354844673199224,5.326393941498584,11.37566284870347
2026-01-28,16,Rémi,34.47976417294473,6.205864998292483,15.862169178067283
2026-01-28,16,ManonV,27.581350161456253,7.801910776882905,4.175617830807539
2026-01-28,16,Lilou,10.539260436612734,5.566547878319687,-6.1603831983463255
2026-01-28,16,Paul,21.006033178773993,5.507030399180343,4.484941981232964
2026-01-28,16,Raphaël,24.477320019344315,6.524220900171351,4.90465731883026
2026-01-28,16,Julia,26.292295000202905,6.379341831227814,7.154269506519462
2026-01-28,16,Armelle,32.540916508271394,6.530341739323471,12.949891290300982
2026-01-28,16,Jules,24.957467948135204,7.723721408403289,1.7863037229253358
2026-01-28,16,BenjaminC,26.324867641801795,6.864343745581099,5.731836405058498
2026-01-28,17,NathV,24.674210402633797,6.82595709168106,4.196339127590619
2026-01-28,17,Lily,20.172958564595604,6.159406361010871,1.6947394815629906
2026-01-28,17,Roland,27.354844673199224,5.326393941498584,11.37566284870347
2026-01-28,17,Rémi,34.821180262310094,6.0933308401369315,16.5411877418993
2026-01-28,17,ManonV,27.581350161456253,7.801910776882905,4.175617830807539
2026-01-28,17,Lilou,10.264553104880726,5.485695130198094,-6.192532285713554
2026-01-28,17,Paul,21.006033178773993,5.507030399180343,4.484941981232964
2026-01-28,17,Raphaël,24.09998319016104,6.393221315499949,4.9203192436611936
2026-01-28,17,Julia,26.292295000202905,6.379341831227814,7.154269506519462
2026-01-28,17,Armelle,32.540916508271394,6.530341739323471,12.949891290300982
2026-01-28,17,Jules,25.486284191668855,7.505042488785399,2.9711567253126567
2026-01-28,17,BenjaminC,26.324867641801795,6.864343745581099,5.731836405058498
2026-01-29,18,NathV,24.674210402633797,6.82595709168106,4.196339127590619
2026-01-29,18,Lily,20.172958564595604,6.159406361010871,1.6947394815629906
2026-01-29,18,Roland,27.354844673199224,5.326393941498584,11.37566284870347
2026-01-29,18,Rémi,34.821180262310094,6.0933308401369315,16.5411877418993
2026-01-29,18,ManonV,27.581350161456253,7.801910776882905,4.175617830807539
2026-01-29,18,Lilou,10.264553104880726,5.485695130198094,-6.192532285713554
2026-01-29,18,Paul,23.099554436897478,5.267381327365185,7.297410454801923
2026-01-29,18,Raphaël,26.921328552977254,6.01482378515034,8.876857197526235
2026-01-29,18,Julia,26.292295000202905,6.379341831227814,7.154269506519462
2026-01-29,18,Armelle,32.540916508271394,6.530341739323471,12.949891290300982
2026-01-29,18,Jules,25.486284191668855,7.505042488785399,2.9711567253126567
2026-01-29,18,BenjaminC,23.072459482995814,6.393546656565655,3.8918195132988487
2026-01-30,19,NathV,24.674210402633797,6.82595709168106,4.196339127590619
2026-01-30,19,Lily,20.172958564595604,6.159406361010871,1.6947394815629906
2026-01-30,19,Roland,27.354844673199224,5.326393941498584,11.37566284870347
2026-01-30,19,Rémi,35.271700847345606,5.94926918108448,17.423893304092168
2026-01-30,19,ManonV,27.581350161456253,7.801910776882905,4.175617830807539
2026-01-30,19,Lilou,9.899389534372895,5.381028797603657,-6.243696858438076
2026-01-30,19,Paul,23.099554436897478,5.267381327365185,7.297410454801923
2026-01-30,19,Raphaël,26.48234012488969,5.876330415076615,8.853348879659844
2026-01-30,19,Julia,26.292295000202905,6.379341831227814,7.154269506519462
2026-01-30,19,Armelle,32.540916508271394,6.530341739323471,12.949891290300982
2026-01-30,19,Jules,25.486284191668855,7.505042488785399,2.9711567253126567
2026-01-30,19,BenjaminC,23.5684591112576,6.226808656047203,4.88803314311599
2026-01-30,20,NathV,24.674210402633797,6.82595709168106,4.196339127590619
2026-01-30,20,Lily,20.172958564595604,6.159406361010871,1.6947394815629906
2026-01-30,20,Roland,27.354844673199224,5.326393941498584,11.37566284870347
2026-01-30,20,Rémi,35.271700847345606,5.94926918108448,17.423893304092168
2026-01-30,20,ManonV,27.581350161456253,7.801910776882905,4.175617830807539
2026-01-30,20,Lilou,9.899389534372895,5.381028797603657,-6.243696858438076
2026-01-30,20,Paul,23.099554436897478,5.267381327365185,7.297410454801923
2026-01-30,20,Raphaël,28.28721421684923,5.6235931575283,11.416434744264329
2026-01-30,20,Julia,26.292295000202905,6.379341831227814,7.154269506519462
2026-01-30,20,Armelle,32.540916508271394,6.530341739323471,12.949891290300982
2026-01-30,20,Jules,22.542492891017304,6.970097936991597,1.6321990800425112
2026-01-30,20,BenjaminC,25.59500286046651,5.9251251894657715,7.819627292069196
2026-01-30,21,NathV,24.674210402633797,6.82595709168106,4.196339127590619
2026-01-30,21,Lily,20.172958564595604,6.159406361010871,1.6947394815629906
2026-01-30,21,Roland,25.00198611170218,5.077316521682362,9.770036546655096
2026-01-30,21,Rémi,35.271700847345606,5.94926918108448,17.423893304092168
2026-01-30,21,ManonV,22.53387181836354,6.994226643386582,1.551191888203796
2026-01-30,21,Lilou,9.899389534372895,5.381028797603657,-6.243696858438076
2026-01-30,21,Paul,25.400578539390892,5.026648760725388,10.320632257214728
2026-01-30,21,Raphaël,28.28721421684923,5.6235931575283,11.416434744264329
2026-01-30,21,Julia,26.292295000202905,6.379341831227814,7.154269506519462
2026-01-30,21,Armelle,32.540916508271394,6.530341739323471,12.949891290300982
2026-01-30,21,Jules,26.571173111450264,6.400905982676268,7.368455163421459
2026-01-30,21,BenjaminC,25.59500286046651,5.9251251894657715,7.819627292069196
2026-01-30,22,NathV,24.674210402633797,6.82595709168106,4.196339127590619
2026-01-30,22,Lily,20.172958564595604,6.159406361010871,1.6947394815629906
2026-01-30,22,Roland,25.00198611170218,5.077316521682362,9.770036546655096
2026-01-30,22,Rémi,35.271700847345606,5.94926918108448,17.423893304092168
2026-01-30,22,ManonV,22.53387181836354,6.994226643386582,1.551191888203796
2026-01-30,22,Lilou,9.5082117301719,5.2683572592754375,-6.296860047654414
2026-01-30,22,Paul,25.05921600703921,4.9350901717544415,10.253945491775887
2026-01-30,22,Raphaël,28.714445032352597,5.494743929549654,12.230213243703634
2026-01-30,22,Julia,26.842045050122547,6.190264973287938,8.271250130258732
2026-01-30,22,Armelle,32.540916508271394,6.530341739323471,12.949891290300982
2026-01-30,22,Jules,26.571173111450264,6.400905982676268,7.368455163421459
2026-01-30,22,BenjaminC,25.59500286046651,5.9251251894657715,7.819627292069196
2026-01-30,23,NathV,24.674210402633797,6.82595709168106,4.196339127590619
2026-01-30,23,Lily,20.172958564595604,6.159406361010871,1.6947394815629906
2026-01-30,23,Roland,25.00198611170218,5.077316521682362,9.770036546655096
2026-01-30,23,Rémi,35.271700847345606,5.94926918108448,17.423893304092168
2026-01-30,23,ManonV,22.53387181836354,6.994226643386582,1.551191888203796
2026-01-30,23,Lilou,9.131848120701031,5.166167722959585,-6.366655048177725
2026-01-30,23,Paul,25.05921600703921,4.9350901717544415,10.253945491775887
2026-01-30,23,Raphaël,29.123840789973066,5.3785922457574955,12.98806405270058
2026-01-30,23,Julia,27.36161702685517,6.023366363963347,9.291517934965132
2026-01-30,23,Armelle,32.540916508271394,6.530341739323471,12.949891290300982
2026-01-30,23,Jules,26.01564627568624,6.216130608785502,7.367254449329735
2026-01-30,23,BenjaminC,25.59500286046651,5.9251251894657715,7.819627292069196
2026-01-30,24,NathV,24.674210402633797,6.82595709168106,4.196339127590619
2026-01-30,24,Lily,20.172958564595604,6.159406361010871,1.6947394815629906
2026-01-30,24,Roland,25.00198611170218,5.077316521682362,9.770036546655096
2026-01-30,24,Rémi,35.271700847345606,5.94926918108448,17.423893304092168
2026-01-30,24,ManonV,17.535610220689968,6.3088181536822505,-1.3908442403567847
2026-01-30,24,Lilou,11.859116789907995,4.896885465978144,-2.8315396080264374
2026-01-30,24,Paul,22.570404926908306,4.701023233407986,8.46733522668435
2026-01-30,24,Raphaël,29.123840789973066,5.3785922457574955,12.98806405270058
2026-01-30,24,Julia,27.36161702685517,6.023366363963347,9.291517934965132
2026-01-30,24,Armelle,32.540916508271394,6.530341739323471,12.949891290300982
2026-01-30,24,Jules,29.963819868576223,5.740526176037322,12.742241340464258
2026-01-30,24,BenjaminC,25.59500286046651,5.9251251894657715,7.819627292069196
2026-01-30,25,NathV,24.674210402633797,6.82595709168106,4.196339127590619
2026-01-30,25,Lily,20.172958564595604,6.159406361010871,1.6947394815629906
2026-01-30,25,Roland,25.00198611170218,5.077316521682362,9.770036546655096
2026-01-30,25,Rémi,38.204153072430735,5.517502366831846,21.651645971935196
2026-01-30,25,ManonV,17.535610220689968,6.3088181536822505,-1.3908442403567847
2026-01-30,25,Lilou,13.846054031459085,4.6594266996501545,-0.13222606749137888
2026-01-30,25,Paul,20.73918819590901,4.491456996763544,7.264817205618376
2026-01-30,25,Raphaël,29.123840789973066,5.3785922457574955,12.98806405270058
2026-01-30,25,Julia,27.36161702685517,6.023366363963347,9.291517934965132
2026-01-30,25,Armelle,32.540916508271394,6.530341739323471,12.949891290300982
2026-01-30,25,Jules,27.23350070024657,5.353747109692851,11.172259371168018
2026-01-30,25,BenjaminC,25.59500286046651,5.9251251894657715,7.819627292069196
2026-01-30,26,NathV,24.674210402633797,6.82595709168106,4.196339127590619
2026-01-30,26,Lily,20.172958564595604,6.159406361010871,1.6947394815629906
2026-01-30,26,Roland,25.00198611170218,5.077316521682362,9.770036546655096
2026-01-30,26,Rémi,36.726614490785934,5.239110254624287,21.009283726913072
2026-01-30,26,ManonV,17.535610220689968,6.3088181536822505,-1.3908442403567847
2026-01-30,26,Lilou,12.792253096644874,4.493374730236317,-0.6878710940640769
2026-01-30,26,Paul,20.73918819590901,4.491456996763544,7.264817205618376
2026-01-30,26,Raphaël,30.527934838939895,5.1211010111091975,15.164631805612302
2026-01-30,26,Julia,27.36161702685517,6.023366363963347,9.291517934965132
2026-01-30,26,Armelle,32.540916508271394,6.530341739323471,12.949891290300982
2026-01-30,26,Jules,28.62465605371026,5.0998778215281115,13.325022589125926
2026-01-30,26,BenjaminC,25.59500286046651,5.9251251894657715,7.819627292069196
2026-01-30,27,NathV,24.674210402633797,6.82595709168106,4.196339127590619
2026-01-30,27,Lily,20.172958564595604,6.159406361010871,1.6947394815629906
2026-01-30,27,Roland,25.00198611170218,5.077316521682362,9.770036546655096
2026-01-30,27,Rémi,36.726614490785934,5.239110254624287,21.009283726913072
2026-01-30,27,ManonV,19.170481110713524,5.927031258266664,1.3893873359135327
2026-01-30,27,Lilou,11.962772369264641,4.358099321179135,-1.1115255942727629
2026-01-30,27,Paul,20.73918819590901,4.491456996763544,7.264817205618376
2026-01-30,27,Raphaël,31.605276221483358,4.91945235530856,16.84691915555768
2026-01-30,27,Julia,27.36161702685517,6.023366363963347,9.291517934965132
2026-01-30,27,Armelle,32.540916508271394,6.530341739323471,12.949891290300982
2026-01-30,27,Jules,27.55622338105111,4.900770366321157,12.853912282087641
2026-01-30,27,BenjaminC,25.59500286046651,5.9251251894657715,7.819627292069196
2026-01-30,28,NathV,24.674210402633797,6.82595709168106,4.196339127590619
2026-01-30,28,Lily,20.172958564595604,6.159406361010871,1.6947394815629906
2026-01-30,28,Roland,25.00198611170218,5.077316521682362,9.770036546655096
2026-01-30,28,Rémi,38.70608140146523,4.950626891467117,23.854200727063876
2026-01-30,28,ManonV,16.63719883041473,5.505518521390294,0.12064326624384591
2026-01-30,28,Lilou,13.332632787218378,4.19390650977602,0.7509132578903195
2026-01-30,28,Paul,20.73918819590901,4.491456996763544,7.264817205618376
2026-01-30,28,Raphaël,29.859930655492217,4.681583146162588,15.815181217004454
2026-01-30,28,Julia,27.36161702685517,6.023366363963347,9.291517934965132
2026-01-30,28,Armelle,32.540916508271394,6.530341739323471,12.949891290300982
2026-01-30,28,Jules,27.55622338105111,4.900770366321157,12.853912282087641
2026-01-30,28,BenjaminC,25.59500286046651,5.9251251894657715,7.819627292069196
2026-01-30,29,NathV,24.674210402633797,6.82595709168106,4.196339127590619
2026-01-30,29,Lily,20.172958564595604,6.159406361010871,1.6947394815629906
2026-01-30,29,Roland,25.00198611170218,5.077316521682362,9.770036546655096
2026-01-30,29,Rémi,35.48852411250885,4.640432338037589,21.56722709839608
2026-01-30,29,ManonV,12.658154275491677,5.075147008368171,-2.567286749612837
2026-01-30,29,Lilou,15.641993544430125,4.007444147175592,3.6196611029033487
2026-01-30,29,Paul,20.73918819590901,4.491456996763544,7.264817205618376
2026-01-30,29,Raphaël,29.859930655492217,4.681583146162588,15.815181217004454
2026-01-30,29,Julia,27.36161702685517,6.023366363963347,9.291517934965132
2026-01-30,29,Armelle,32.540916508271394,6.530341739323471,12.949891290300982
2026-01-30,29,Jules,30.709318830355187,4.600081049274149,16.90907568253274
2026-01-30,29,BenjaminC,25.59500286046651,5.9251251894657715,7.819627292069196
2026-01-30,30,NathV,24.674210402633797,6.82595709168106,4.196339127590619
2026-01-30,30,Lily,20.172958564595604,6.159406361010871,1.6947394815629906
2026-01-30,30,Roland,25.00198611170218,5.077316521682362,9.770036546655096
2026-01-30,30,Rémi,36.70092303038325,4.462659553515885,23.312944369835595
2026-01-30,30,ManonV,12.658154275491677,5.075147008368171,-2.567286749612837
2026-01-30,30,Lilou,15.641993544430125,4.007444147175592,3.6196611029033487
2026-01-30,30,Paul,20.73918819590901,4.491456996763544,7.264817205618376
2026-01-30,30,Raphaël,31.093920774579356,4.498948444924681,17.597075439805316
2026-01-30,30,Julia,27.36161702685517,6.023366363963347,9.291517934965132
2026-01-30,30,Armelle,30.140253780546516,6.023302314792532,12.07034683616892
2026-01-30,30,Jules,29.5179065145063,4.426990170318986,16.236936003549346
2026-01-30,30,BenjaminC,25.59500286046651,5.9251251894657715,7.819627292069196
2026-01-30,31,NathV,24.674210402633797,6.82595709168106,4.196339127590619
2026-01-30,31,Lily,20.172958564595604,6.159406361010871,1.6947394815629906
2026-01-30,31,Roland,25.00198611170218,5.077316521682362,9.770036546655096
2026-01-30,31,Rémi,37.44930706461049,4.327071061157445,24.468093881138152
2026-01-30,31,ManonV,12.658154275491677,5.075147008368171,-2.567286749612837
2026-01-30,31,Lilou,15.641993544430125,4.007444147175592,3.6196611029033487
2026-01-30,31,Paul,20.73918819590901,4.491456996763544,7.264817205618376
2026-01-30,31,Raphaël,31.85452126474725,4.359965106936381,18.77462594393811
2026-01-30,31,Julia,27.36161702685517,6.023366363963347,9.291517934965132
2026-01-30,31,Armelle,28.777121405359832,5.684204290519452,11.724508533801476
2026-01-30,31,Jules,28.78143396333732,4.294683995531876,15.897381976741695
2026-01-30,31,BenjaminC,25.59500286046651,5.9251251894657715,7.819627292069196
2026-01-30,32,NathV,24.674210402633797,6.82595709168106,4.196339127590619
2026-01-30,32,Lily,20.172958564595604,6.159406361010871,1.6947394815629906
2026-01-30,32,Roland,25.00198611170218,5.077316521682362,9.770036546655096
2026-01-30,32,Rémi,37.44930706461049,4.327071061157445,24.468093881138152
2026-01-30,32,ManonV,11.234477947612035,4.826785057317025,-3.24587722433904
2026-01-30,32,Lilou,16.529802756498192,3.886835687741667,4.869295693273191
2026-01-30,32,Paul,20.73918819590901,4.491456996763544,7.264817205618376
2026-01-30,32,Raphaël,31.85452126474725,4.359965106936381,18.77462594393811
2026-01-30,32,Julia,27.36161702685517,6.023366363963347,9.291517934965132
2026-01-30,32,Armelle,26.99133454012691,5.332617881605495,10.993480895310425
2026-01-30,32,Jules,29.80101757805784,4.145644092774117,17.36408529973549
2026-01-30,32,BenjaminC,25.59500286046651,5.9251251894657715,7.819627292069196
2026-01-30,33,NathV,24.674210402633797,6.82595709168106,4.196339127590619
2026-01-30,33,Lily,20.172958564595604,6.159406361010871,1.6947394815629906
2026-01-30,33,Roland,25.00198611170218,5.077316521682362,9.770036546655096
2026-01-30,33,Rémi,38.175051624872395,4.216674656706596,25.525027654752606
2026-01-30,33,ManonV,12.137461912512283,4.67267629130686,-1.8805669614082952
2026-01-30,33,Lilou,15.944168279433448,3.807327633167227,4.522185379931766
2026-01-30,33,Paul,20.73918819590901,4.491456996763544,7.264817205618376
2026-01-30,33,Raphaël,31.85452126474725,4.359965106936381,18.77462594393811
2026-01-30,33,Julia,27.36161702685517,6.023366363963347,9.291517934965132
2026-01-30,33,Armelle,26.99133454012691,5.332617881605495,10.993480895310425
2026-01-30,33,Jules,29.80101757805784,4.145644092774117,17.36408529973549
2026-01-30,33,BenjaminC,25.59500286046651,5.9251251894657715,7.819627292069196
2026-01-30,34,NathV,24.674210402633797,6.82595709168106,4.196339127590619
2026-01-30,34,Lily,20.172958564595604,6.159406361010871,1.6947394815629906
2026-01-30,34,Roland,25.00198611170218,5.077316521682362,9.770036546655096
2026-01-30,34,Rémi,38.175051624872395,4.216674656706596,25.525027654752606
2026-01-30,34,ManonV,12.137461912512283,4.67267629130686,-1.8805669614082952
2026-01-30,34,Lilou,15.944168279433448,3.807327633167227,4.522185379931766
2026-01-30,34,Paul,20.73918819590901,4.491456996763544,7.264817205618376
2026-01-30,34,Raphaël,32.941473369380105,4.240895439439164,20.218787051062613
2026-01-30,34,Julia,27.36161702685517,6.023366363963347,9.291517934965132
2026-01-30,34,Armelle,26.99133454012691,5.332617881605495,10.993480895310425
2026-01-30,34,Jules,28.8182626459447,4.043570748138038,16.687550401530586
2026-01-30,34,BenjaminC,25.59500286046651,5.9251251894657715,7.819627292069196
2026-01-30,35,NathV,24.674210402633797,6.82595709168106,4.196339127590619
2026-01-30,35,Lily,20.172958564595604,6.159406361010871,1.6947394815629906
2026-01-30,35,Roland,25.00198611170218,5.077316521682362,9.770036546655096
2026-01-30,35,Rémi,39.56687352414474,4.0388888226281345,27.450207056260336
2026-01-30,35,ManonV,12.137461912512283,4.67267629130686,-1.8805669614082952
2026-01-30,35,Lilou,17.07897630329728,3.6772762090069095,6.047147676276552
2026-01-30,35,Paul,20.73918819590901,4.491456996763544,7.264817205618376
2026-01-30,35,Raphaël,32.941473369380105,4.240895439439164,20.218787051062613
2026-01-30,35,Julia,27.36161702685517,6.023366363963347,9.291517934965132
2026-01-30,35,Armelle,24.76566407296421,4.967175224672248,9.864138398947466
2026-01-30,35,Jules,27.538326222577464,3.8871973117552616,15.87673428731168
2026-01-30,35,BenjaminC,25.59500286046651,5.9251251894657715,7.819627292069196
2026-01-30,36,NathV,24.674210402633797,6.82595709168106,4.196339127590619
2026-01-30,36,Lily,20.172958564595604,6.159406361010871,1.6947394815629906
2026-01-30,36,Roland,25.00198611170218,5.077316521682362,9.770036546655096
2026-01-30,36,Rémi,39.5919167562165,4.02910400113878,27.50460475280016
2026-01-30,36,ManonV,12.137461912512283,4.67267629130686,-1.8805669614082952
2026-01-30,36,Lilou,17.058214875538805,3.670187385581274,6.047652718794984
2026-01-30,36,Paul,20.73918819590901,4.491456996763544,7.264817205618376
2026-01-30,36,Raphaël,32.96908324969362,4.229390373409073,20.2809121294664
2026-01-30,36,Julia,27.36161702685517,6.023366363963347,9.291517934965132
2026-01-30,36,Armelle,24.727791665085228,4.948065083812027,9.883596413649146
2026-01-30,36,Jules,27.538326222577464,3.8871973117552616,15.87673428731168
2026-01-30,36,BenjaminC,25.59500286046651,5.9251251894657715,7.819627292069196
2026-01-30,37,NathV,24.674210402633797,6.82595709168106,4.196339127590619
2026-01-30,37,Lily,20.172958564595604,6.159406361010871,1.6947394815629906
2026-01-30,37,Roland,25.00198611170218,5.077316521682362,9.770036546655096
2026-01-30,37,Rémi,40.04648629033416,3.933967508838979,28.24458376381722
2026-01-30,37,ManonV,11.526143992449475,4.523069757931984,-2.043065281346477
2026-01-30,37,Lilou,17.435437681536214,3.5987129722937006,6.639298764655113
2026-01-30,37,Paul,20.73918819590901,4.491456996763544,7.264817205618376
2026-01-30,37,Raphaël,32.468217029558744,4.119041718719974,20.11109187339882
2026-01-30,37,Julia,27.36161702685517,6.023366363963347,9.291517934965132
2026-01-30,37,Armelle,24.727791665085228,4.948065083812027,9.883596413649146
2026-01-30,37,Jules,27.538326222577464,3.8871973117552616,15.87673428731168
2026-01-30,37,BenjaminC,25.59500286046651,5.9251251894657715,7.819627292069196
2026-01-30,38,NathV,24.674210402633797,6.82595709168106,4.196339127590619
2026-01-30,38,Lily,20.172958564595604,6.159406361010871,1.6947394815629906
2026-01-30,38,Roland,25.00198611170218,5.077316521682362,9.770036546655096
2026-01-30,38,Rémi,41.06357681379818,3.791597667607703,29.68878381097507
2026-01-30,38,ManonV,12.870509011730585,4.304807761721743,-0.043914273434642936
2026-01-30,38,Lilou,16.584239923414195,3.4903384205260473,6.113224661836053
2026-01-30,38,Paul,20.73918819590901,4.491456996763544,7.264817205618376
2026-01-30,38,Raphaël,31.353220950111197,3.9551577732251912,19.487747630435624
2026-01-30,38,Julia,27.36161702685517,6.023366363963347,9.291517934965132
2026-01-30,38,Armelle,24.727791665085228,4.948065083812027,9.883596413649146
2026-01-30,38,Jules,27.538326222577464,3.8871973117552616,15.87673428731168
2026-01-30,38,BenjaminC,25.59500286046651,5.9251251894657715,7.819627292069196
2026-01-30,39,NathV,24.674210402633797,6.82595709168106,4.196339127590619
2026-01-30,39,Lily,20.172958564595604,6.159406361010871,1.6947394815629906
2026-01-30,39,Roland,25.00198611170218,5.077316521682362,9.770036546655096
2026-01-30,39,Rémi,40.17176733079898,3.6727162272435994,29.15361864906818
2026-01-30,39,ManonV,11.721064273316978,4.129485111743344,-0.6673910619130545
2026-01-30,39,Lilou,16.584239923414195,3.4903384205260473,6.113224661836053
2026-01-30,39,Paul,20.73918819590901,4.491456996763544,7.264817205618376
2026-01-30,39,Raphaël,32.323592894866465,3.8198688967519865,20.863986204610505
2026-01-30,39,Julia,27.36161702685517,6.023366363963347,9.291517934965132
2026-01-30,39,Armelle,26.246281286453016,4.679475713106705,12.207854147132899
2026-01-30,39,Jules,27.538326222577464,3.8871973117552616,15.87673428731168
2026-01-30,39,BenjaminC,25.59500286046651,5.9251251894657715,7.819627292069196
2026-01-30,40,NathV,24.674210402633797,6.82595709168106,4.196339127590619
2026-01-30,40,Lily,20.172958564595604,6.159406361010871,1.6947394815629906
2026-01-30,40,Roland,25.00198611170218,5.077316521682362,9.770036546655096
2026-01-30,40,Rémi,40.192812978961186,3.6651871352986056,29.19725157306537
2026-01-30,40,ManonV,11.721064273316978,4.129485111743344,-0.6673910619130545
2026-01-30,40,Lilou,16.565231478131018,3.484059716611059,6.11305232829784
2026-01-30,40,Paul,20.73918819590901,4.491456996763544,7.264817205618376
2026-01-30,40,Raphaël,32.346357891310724,3.8112430816914387,20.912628646236406
2026-01-30,40,Julia,27.36161702685517,6.023366363963347,9.291517934965132
2026-01-30,40,Armelle,26.21212299567313,4.662682016382122,12.224076946526765
2026-01-30,40,Jules,27.538326222577464,3.8871973117552616,15.87673428731168
2026-01-30,40,BenjaminC,25.59500286046651,5.9251251894657715,7.819627292069196
2026-02-02,41,NathV,24.674210402633797,6.82595709168106,4.196339127590619
2026-02-02,41,Lily,20.172958564595604,6.159406361010871,1.6947394815629906
2026-02-02,41,Roland,25.00198611170218,5.077316521682362,9.770036546655096
2026-02-02,41,Rémi,40.192812978961186,3.6651871352986056,29.19725157306537
2026-02-02,41,ManonV,11.721064273316978,4.129485111743344,-0.6673910619130545
2026-02-02,41,Lilou,16.565231478131018,3.484059716611059,6.11305232829784
2026-02-02,41,Paul,20.73918819590901,4.491456996763544,7.264817205618376
2026-02-02,41,Raphaël,33.03665210920698,3.740354984142965,21.815587156778086
2026-02-02,41,Julia,27.36161702685517,6.023366363963347,9.291517934965132
2026-02-02,41,Armelle,26.21212299567313,4.662682016382122,12.224076946526765
2026-02-02,41,Jules,27.538326222577464,3.8871973117552616,15.87673428731168
2026-02-02,41,BenjaminC,27.262919409267962,5.652274337196043,10.306096397679834
2026-02-02,41,LaureS,21.701060939546597,7.554241252410028,-0.9616628176834858
2026-02-02,42,NathV,24.674210402633797,6.82595709168106,4.196339127590619
2026-02-02,42,Lily,20.172958564595604,6.159406361010871,1.6947394815629906
2026-02-02,42,Roland,25.00198611170218,5.077316521682362,9.770036546655096
2026-02-02,42,Rémi,40.264055696670276,3.6471282017367113,29.322671091460144
2026-02-02,42,ManonV,11.721064273316978,4.129485111743344,-0.6673910619130545
2026-02-02,42,Lilou,16.50085261720213,3.4687335635032346,6.094651926692428
2026-02-02,42,Paul,20.73918819590901,4.491456996763544,7.264817205618376
2026-02-02,42,Raphaël,33.03665210920698,3.740354984142965,21.815587156778086
2026-02-02,42,Julia,27.36161702685517,6.023366363963347,9.291517934965132
2026-02-02,42,Armelle,26.21212299567313,4.662682016382122,12.224076946526765
2026-02-02,42,Jules,27.61845646238444,3.8654116775392326,16.02222142976674
2026-02-02,42,BenjaminC,27.262919409267962,5.652274337196043,10.306096397679834
2026-02-02,42,LaureS,21.701060939546597,7.554241252410028,-0.9616628176834858
2026-02-02,42,Sabine,24.631867078385547,8.108022030451199,0.3078009870319498
2026-02-02,43,NathV,24.674210402633797,6.82595709168106,4.196339127590619
2026-02-02,43,Lily,20.172958564595604,6.159406361010871,1.6947394815629906
2026-02-02,43,Roland,25.00198611170218,5.077316521682362,9.770036546655096
2026-02-02,43,Rémi,41.028808757612744,3.5648165046738143,30.3343592435913
2026-02-02,43,ManonV,11.721064273316978,4.129485111743344,-0.6673910619130545
2026-02-02,43,Lilou,16.50085261720213,3.4687335635032346,6.094651926692428
2026-02-02,43,Paul,20.73918819590901,4.491456996763544,7.264817205618376
2026-02-02,43,Raphaël,32.232323249504596,3.651419002002632,21.2780662434967
2026-02-02,43,Julia,27.36161702685517,6.023366363963347,9.291517934965132
2026-02-02,43,Armelle,26.21212299567313,4.662682016382122,12.224076946526765
2026-02-02,43,Jules,27.61845646238444,3.8654116775392326,16.02222142976674
2026-02-02,43,BenjaminC,25.42666291986673,5.3378510810237785,9.413109676795393
2026-02-02,43,LaureS,21.701060939546597,7.554241252410028,-0.9616628176834858
2026-02-02,43,Sabine,24.631867078385547,8.108022030451199,0.3078009870319498
2026-02-03,44,NathV,24.674210402633797,6.82595709168106,4.196339127590619
2026-02-03,44,Lily,20.172958564595604,6.159406361010871,1.6947394815629906
2026-02-03,44,Roland,26.11465189448517,4.910198725765387,11.38405571718901
2026-02-03,44,Rémi,41.028808757612744,3.5648165046738143,30.3343592435913
2026-02-03,44,ManonV,11.721064273316978,4.129485111743344,-0.6673910619130545
2026-02-03,44,Lilou,16.50085261720213,3.4687335635032346,6.094651926692428
2026-02-03,44,Paul,19.868418615950258,4.37648569651987,6.738961526390648
2026-02-03,44,Raphaël,32.232323249504596,3.651419002002632,21.2780662434967
2026-02-03,44,Julia,27.36161702685517,6.023366363963347,9.291517934965132
2026-02-03,44,Armelle,26.21212299567313,4.662682016382122,12.224076946526765
2026-02-03,44,Jules,27.61845646238444,3.8654116775392326,16.02222142976674
2026-02-03,44,BenjaminC,25.42666291986673,5.3378510810237785,9.413109676795393
2026-02-03,44,LaureS,21.701060939546597,7.554241252410028,-0.9616628176834858
2026-02-03,44,Sabine,24.631867078385547,8.108022030451199,0.3078009870319498
2026-02-03,45,NathV,24.674210402633797,6.82595709168106,4.196339127590619
2026-02-03,45,Lily,20.172958564595604,6.159406361010871,1.6947394815629906
2026-02-03,45,Roland,26.11465189448517,4.910198725765387,11.38405571718901
2026-02-03,45,Rémi,41.15909924139927,3.533877474714797,30.557466817254877
2026-02-03,45,ManonV,11.721064273316978,4.129485111743344,-0.6673910619130545
2026-02-03,45,Lilou,16.37748716799819,3.4403387348130754,6.056470963558963
2026-02-03,45,Paul,19.868418615950258,4.37648569651987,6.738961526390648
2026-02-03,45,Raphaël,32.09562890041375,3.6180677749603154,21.241425575532805
2026-02-03,45,Julia,27.36161702685517,6.023366363963347,9.291517934965132
2026-02-03,45,Armelle,26.21212299567313,4.662682016382122,12.224076946526765
2026-02-03,45,Jules,27.61845646238444,3.8654116775392326,16.02222142976674
2026-02-03,45,BenjaminC,25.42666291986673,5.3378510810237785,9.413109676795393
2026-02-03,45,LaureS,21.701060939546597,7.554241252410028,-0.9616628176834858
2026-02-03,45,Sabine,24.631867078385547,8.108022030451199,0.3078009870319498
2026-02-03,46,NathV,24.674210402633797,6.82595709168106,4.196339127590619
2026-02-03,46,Lily,20.172958564595604,6.159406361010871,1.6947394815629906
2026-02-03,46,Roland,24.778767620831175,4.705486358790628,10.662308544459291
2026-02-03,46,Rémi,41.15909924139927,3.533877474714797,30.557466817254877
2026-02-03,46,ManonV,11.721064273316978,4.129485111743344,-0.6673910619130545
2026-02-03,46,Lilou,16.37748716799819,3.4403387348130754,6.056470963558963
2026-02-03,46,Paul,18.807079709274543,4.232457049768164,6.109708559970052
2026-02-03,46,Raphaël,32.09562890041375,3.6180677749603154,21.241425575532805
2026-02-03,46,Julia,27.36161702685517,6.023366363963347,9.291517934965132
2026-02-03,46,Armelle,26.21212299567313,4.662682016382122,12.224076946526765
2026-02-03,46,Jules,27.61845646238444,3.8654116775392326,16.02222142976674
2026-02-03,46,BenjaminC,27.00530752515843,5.07356122208715,11.784623858896978
2026-02-03,46,LaureS,21.701060939546597,7.554241252410028,-0.9616628176834858
2026-02-03,46,Sabine,24.631867078385547,8.108022030451199,0.3078009870319498
2026-02-04,47,NathV,24.674210402633797,6.82595709168106,4.196339127590619
2026-02-04,47,Lily,20.172958564595604,6.159406361010871,1.6947394815629906
2026-02-04,47,Roland,24.778767620831175,4.705486358790628,10.662308544459291
2026-02-04,47,Rémi,41.15909924139927,3.533877474714797,30.557466817254877
2026-02-04,47,ManonV,11.721064273316978,4.129485111743344,-0.6673910619130545
2026-02-04,47,Lilou,16.37748716799819,3.4403387348130754,6.056470963558963
2026-02-04,47,Paul,18.807079709274543,4.232457049768164,6.109708559970052
2026-02-04,47,Raphaël,32.09562890041375,3.6180677749603154,21.241425575532805
2026-02-04,47,Julia,27.36161702685517,6.023366363963347,9.291517934965132
2026-02-04,47,Armelle,26.21212299567313,4.662682016382122,12.224076946526765
2026-02-04,47,Jules,27.61845646238444,3.8654116775392326,16.02222142976674
2026-02-04,47,BenjaminC,27.00530752515843,5.07356122208715,11.784623858896978
2026-02-04,47,LaureS,21.701060939546597,7.554241252410028,-0.9616628176834858
2026-02-04,47,Sabine,24.631867078385547,8.108022030451199,0.3078009870319498
2026-02-04,47,Loïc,21.891677369701625,7.7743633497703355,-1.4314126796093802
2026-02-04,47,JulieB,21.891677369701625,7.7743633497703355,-1.4314126796093802
2026-02-04,47,ThéoM,28.108322630298364,7.7743633497703355,4.785232580987358
2026-02-04,48,NathV,24.674210402633797,6.82595709168106,4.196339127590619
2026-02-04,48,Lily,24.18418095566442,5.5651042271579,7.488868274190718
2026-02-04,48,Roland,24.778767620831175,4.705486358790628,10.662308544459291
2026-02-04,48,Rémi,41.15909924139927,3.533877474714797,30.557466817254877
2026-02-04,48,ManonV,11.721064273316978,4.129485111743344,-0.6673910619130545
2026-02-04,48,Lilou,17.62940747882971,3.34117659104982,7.605877705680248
2026-02-04,48,Paul,16.91267404399718,4.045359390150077,4.776595873546947
2026-02-04,48,Raphaël,32.09562890041375,3.6180677749603154,21.241425575532805
2026-02-04,48,Julia,27.36161702685517,6.023366363963347,9.291517934965132
2026-02-04,48,Armelle,23.913171350552176,4.410948315162356,10.680326405065108
2026-02-04,48,Jules,27.61845646238444,3.8654116775392326,16.02222142976674
2026-02-04,48,BenjaminC,27.00530752515843,5.07356122208715,11.784623858896978
2026-02-04,48,LaureS,21.701060939546597,7.554241252410028,-0.9616628176834858
2026-02-04,48,Sabine,24.631867078385547,8.108022030451199,0.3078009870319498
2026-02-04,48,Loïc,21.891677369701625,7.7743633497703355,-1.4314126796093802
2026-02-04,48,JulieB,21.891677369701625,7.7743633497703355,-1.4314126796093802
2026-02-04,48,ThéoM,28.108322630298364,7.7743633497703355,4.785232580987358
2026-02-04,49,NathV,24.674210402633797,6.82595709168106,4.196339127590619
2026-02-04,49,Lily,24.18418095566442,5.5651042271579,7.488868274190718
2026-02-04,49,Roland,24.778767620831175,4.705486358790628,10.662308544459291
2026-02-04,49,Rémi,41.15909924139927,3.533877474714797,30.557466817254877
2026-02-04,49,ManonV,13.369102406924553,3.9810115044170127,1.4260678936735136
2026-02-04,49,Lilou,17.62940747882971,3.34117659104982,7.605877705680248
2026-02-04,49,Paul,16.91267404399718,4.045359390150077,4.776595873546947
2026-02-04,49,Raphaël,33.36089639353258,3.519016978628871,22.803845457645963
2026-02-04,49,Julia,27.36161702685517,6.023366363963347,9.291517934965132
2026-02-04,49,Armelle,23.913171350552176,4.410948315162356,10.680326405065108
2026-02-04,49,Jules,26.174374193524653,3.7441202674292553,14.942013391236888
2026-02-04,49,BenjaminC,27.00530752515843,5.07356122208715,11.784623858896978
2026-02-04,49,LaureS,21.701060939546597,7.554241252410028,-0.9616628176834858
2026-02-04,49,Sabine,24.631867078385547,8.108022030451199,0.3078009870319498
2026-02-04,49,Loïc,21.891677369701625,7.7743633497703355,-1.4314126796093802
2026-02-04,49,JulieB,21.891677369701625,7.7743633497703355,-1.4314126796093802
2026-02-04,49,ThéoM,28.108322630298364,7.7743633497703355,4.785232580987358
2026-02-04,49,EmmanuelP,18.29066374416921,7.026954896107827,-2.7902009441542717
2026-02-04,50,NathV,24.674210402633797,6.82595709168106,4.196339127590619
2026-02-04,50,Lily,20.91416938587193,5.223602259669161,5.243362606864444
2026-02-04,50,Roland,24.778767620831175,4.705486358790628,10.662308544459291
2026-02-04,50,Rémi,39.840084275423024,3.448860692102143,29.493502199116595
2026-02-04,50,ManonV,13.369102406924553,3.9810115044170127,1.4260678936735136
2026-02-04,50,Lilou,17.62940747882971,3.34117659104982,7.605877705680248
2026-02-04,50,Paul,16.91267404399718,4.045359390150077,4.776595873546947
2026-02-04,50,Raphaël,33.36089639353258,3.519016978628871,22.803845457645963
2026-02-04,50,Julia,27.36161702685517,6.023366363963347,9.291517934965132
2026-02-04,50,Armelle,23.913171350552176,4.410948315162356,10.680326405065108
2026-02-04,50,Jules,26.174374193524653,3.7441202674292553,14.942013391236888
2026-02-04,50,BenjaminC,29.723300145636344,4.816403608690859,15.274089319563767
2026-02-04,50,LaureS,21.701060939546597,7.554241252410028,-0.9616628176834858
2026-02-04,50,Sabine,24.631867078385547,8.108022030451199,0.3078009870319498
2026-02-04,50,Loïc,21.891677369701625,7.7743633497703355,-1.4314126796093802
2026-02-04,50,JulieB,21.891677369701625,7.7743633497703355,-1.4314126796093802
2026-02-04,50,ThéoM,28.108322630298364,7.7743633497703355,4.785232580987358
2026-02-04,50,EmmanuelP,18.29066374416921,7.026954896107827,-2.7902009441542717
2026-02-04,51,NathV,24.674210402633797,6.82595709168106,4.196339127590619
2026-02-04,51,Lily,20.91416938587193,5.223602259669161,5.243362606864444
2026-02-04,51,Roland,24.778767620831175,4.705486358790628,10.662308544459291
2026-02-04,51,Rémi,39.840084275423024,3.448860692102143,29.493502199116595
2026-02-04,51,ManonV,13.369102406924553,3.9810115044170127,1.4260678936735136
2026-02-04,51,Lilou,18.881012202243625,3.249630283820359,9.132121350782548
2026-02-04,51,Paul,18.747085401145462,3.880832330949336,7.104588408297452
2026-02-04,51,Raphaël,33.36089639353258,3.519016978628871,22.803845457645963
2026-02-04,51,Julia,27.36161702685517,6.023366363963347,9.291517934965132
2026-02-04,51,Armelle,23.913171350552176,4.410948315162356,10.680326405065108
2026-02-04,51,Jules,24.60287947906466,3.614309792540729,13.759950101442474
2026-02-04,51,BenjaminC,29.723300145636344,4.816403608690859,15.274089319563767
2026-02-04,51,LaureS,21.701060939546597,7.554241252410028,-0.9616628176834858
2026-02-04,51,Sabine,24.631867078385547,8.108022030451199,0.3078009870319498
2026-02-04,51,Loïc,21.891677369701625,7.7743633497703355,-1.4314126796093802
2026-02-04,51,JulieB,21.891677369701625,7.7743633497703355,-1.4314126796093802
2026-02-04,51,ThéoM,28.108322630298364,7.7743633497703355,4.785232580987358
2026-02-04,51,EmmanuelP,12.757243403022985,6.120137763732889,-5.6031698881756835
2026-02-04,52,NathV,24.674210402633797,6.82595709168106,4.196339127590619
2026-02-04,52,Lily,20.569671944085623,5.104347219015701,5.256630287038519
2026-02-04,52,Roland,25.05833114726748,4.618751221078295,11.202077484032596
2026-02-04,52,Rémi,39.840084275423024,3.448860692102143,29.493502199116595
2026-02-04,52,ManonV,13.369102406924553,3.9810115044170127,1.4260678936735136
2026-02-04,52,Lilou,18.881012202243625,3.249630283820359,9.132121350782548
2026-02-04,52,Paul,18.55689646645609,3.832791632736498,7.058521568246597
2026-02-04,52,Raphaël,33.51729089639301,3.483554605167866,23.06662708088941
2026-02-04,52,Julia,27.36161702685517,6.023366363963347,9.291517934965132
2026-02-04,52,Armelle,23.913171350552176,4.410948315162356,10.680326405065108
2026-02-04,52,Jules,24.60287947906466,3.614309792540729,13.759950101442474
2026-02-04,52,BenjaminC,29.723300145636344,4.816403608690859,15.274089319563767
2026-02-04,52,LaureS,21.701060939546597,7.554241252410028,-0.9616628176834858
2026-02-04,52,Sabine,24.631867078385547,8.108022030451199,0.3078009870319498
2026-02-04,52,Loïc,21.891677369701625,7.7743633497703355,-1.4314126796093802
2026-02-04,52,JulieB,21.891677369701625,7.7743633497703355,-1.4314126796093802
2026-02-04,52,ThéoM,28.108322630298364,7.7743633497703355,4.785232580987358
2026-02-04,52,EmmanuelP,12.757243403022985,6.120137763732889,-5.6031698881756835
2026-02-04,53,NathV,24.674210402633797,6.82595709168106,4.196339127590619
2026-02-04,53,Lily,25.176549472055395,4.68661613394963,11.116701070206506
2026-02-04,53,Roland,21.28607650660652,4.31194583429935,8.35023900370847
2026-02-04,53,Rémi,39.840084275423024,3.448860692102143,29.493502199116595
2026-02-04,53,ManonV,13.369102406924553,3.9810115044170127,1.4260678936735136
2026-02-04,53,Lilou,18.881012202243625,3.249630283820359,9.132121350782548
2026-02-04,53,Paul,21.154938543684334,3.6598162997284875,10.175489644498871
2026-02-04,53,Raphaël,31.37092276678062,3.354517146750464,21.30737132652923
2026-02-04,53,Julia,27.36161702685517,6.023366363963347,9.291517934965132
2026-02-04,53,Armelle,23.913171350552176,4.410948315162356,10.680326405065108
2026-02-04,53,Jules,24.60287947906466,3.614309792540729,13.759950101442474
2026-02-04,53,BenjaminC,29.723300145636344,4.816403608690859,15.274089319563767
2026-02-04,53,LaureS,21.701060939546597,7.554241252410028,-0.9616628176834858
2026-02-04,53,Sabine,24.631867078385547,8.108022030451199,0.3078009870319498
2026-02-04,53,Loïc,21.891677369701625,7.7743633497703355,-1.4314126796093802
2026-02-04,53,JulieB,21.891677369701625,7.7743633497703355,-1.4314126796093802
2026-02-04,53,ThéoM,28.108322630298364,7.7743633497703355,4.785232580987358
2026-02-04,53,EmmanuelP,12.757243403022985,6.120137763732889,-5.6031698881756835
2026-02-05,54,NathV,24.674210402633797,6.82595709168106,4.196339127590619
2026-02-05,54,Lily,25.176549472055395,4.68661613394963,11.116701070206506
2026-02-05,54,Roland,23.331677530292037,4.125933233807095,10.953877828870752
2026-02-05,54,Rémi,39.840084275423024,3.448860692102143,29.493502199116595
2026-02-05,54,ManonV,13.369102406924553,3.9810115044170127,1.4260678936735136
2026-02-05,54,Lilou,18.881012202243625,3.249630283820359,9.132121350782548
2026-02-05,54,Paul,22.62879721890532,3.547224995481193,11.98712223246174
2026-02-05,54,Raphaël,30.13258212535305,3.268331561616687,20.327587440502988
2026-02-05,54,Julia,27.36161702685517,6.023366363963347,9.291517934965132
2026-02-05,54,Armelle,23.913171350552176,4.410948315162356,10.680326405065108
2026-02-05,54,Jules,24.60287947906466,3.614309792540729,13.759950101442474
2026-02-05,54,BenjaminC,29.723300145636344,4.816403608690859,15.274089319563767
2026-02-05,54,LaureS,21.701060939546597,7.554241252410028,-0.9616628176834858
2026-02-05,54,Sabine,24.631867078385547,8.108022030451199,0.3078009870319498
2026-02-05,54,Loïc,15.243666436540323,6.617922016982241,-4.610099614406398
2026-02-05,54,JulieB,21.891677369701625,7.7743633497703355,-1.4314126796093802
2026-02-05,54,ThéoM,28.108322630298364,7.7743633497703355,4.785232580987358
2026-02-05,54,EmmanuelP,12.757243403022985,6.120137763732889,-5.6031698881756835
2026-02-05,55,NathV,24.674210402633797,6.82595709168106,4.196339127590619
2026-02-05,55,Lily,25.61050511397162,4.585917865600537,11.852751517170008
2026-02-05,55,Roland,23.331677530292037,4.125933233807095,10.953877828870752
2026-02-05,55,Rémi,39.840084275423024,3.448860692102143,29.493502199116595
2026-02-05,55,ManonV,13.055942319372086,3.919888685502439,1.2962762628647688
2026-02-05,55,Lilou,18.881012202243625,3.249630283820359,9.132121350782548
2026-02-05,55,Paul,22.62879721890532,3.547224995481193,11.98712223246174
2026-02-05,55,Raphaël,30.13258212535305,3.268331561616687,20.327587440502988
2026-02-05,55,Julia,27.36161702685517,6.023366363963347,9.291517934965132
2026-02-05,55,Armelle,23.913171350552176,4.410948315162356,10.680326405065108
2026-02-05,55,Jules,24.34473024352745,3.5689351850502593,13.637924688376673
2026-02-05,55,BenjaminC,29.723300145636344,4.816403608690859,15.274089319563767
2026-02-05,55,LaureS,21.701060939546597,7.554241252410028,-0.9616628176834858
2026-02-05,55,Sabine,24.631867078385547,8.108022030451199,0.3078009870319498
2026-02-05,55,Loïc,15.243666436540323,6.617922016982241,-4.610099614406398
2026-02-05,55,JulieB,21.891677369701625,7.7743633497703355,-1.4314126796093802
2026-02-05,55,ThéoM,28.108322630298364,7.7743633497703355,4.785232580987358
2026-02-05,55,EmmanuelP,12.757243403022985,6.120137763732889,-5.6031698881756835
2026-02-05,56,NathV,24.674210402633797,6.82595709168106,4.196339127590619
2026-02-05,56,Lily,25.61050511397162,4.585917865600537,11.852751517170008
2026-02-05,56,Roland,25.4671130454157,3.9587757138868755,13.590785903755075
2026-02-05,56,Rémi,39.840084275423024,3.448860692102143,29.493502199116595
2026-02-05,56,ManonV,14.98350559978419,3.7769952929926927,3.6525197208061115
2026-02-05,56,Lilou,18.881012202243625,3.249630283820359,9.132121350782548
2026-02-05,56,Paul,21.05016110518025,3.442005495034871,10.724144620075638
2026-02-05,56,Raphaël,30.13258212535305,3.268331561616687,20.327587440502988
2026-02-05,56,Julia,27.36161702685517,6.023366363963347,9.291517934965132
2026-02-05,56,Armelle,23.913171350552176,4.410948315162356,10.680326405065108
2026-02-05,56,Jules,24.34473024352745,3.5689351850502593,13.637924688376673
2026-02-05,56,BenjaminC,29.723300145636344,4.816403608690859,15.274089319563767
2026-02-05,56,LaureS,21.701060939546597,7.554241252410028,-0.9616628176834858
2026-02-05,56,Sabine,24.631867078385547,8.108022030451199,0.3078009870319498
2026-02-05,56,Loïc,15.243666436540323,6.617922016982241,-4.610099614406398
2026-02-05,56,JulieB,21.891677369701625,7.7743633497703355,-1.4314126796093802
2026-02-05,56,ThéoM,20.528753719957052,6.582888819235465,0.7800872622506567
2026-02-05,56,EmmanuelP,12.757243403022985,6.120137763732889,-5.6031698881756835
2026-02-05,57,NathV,24.674210402633797,6.82595709168106,4.196339127590619
2026-02-05,57,Lily,25.61050511397162,4.585917865600537,11.852751517170008
2026-02-05,57,Roland,25.4671130454157,3.9587757138868755,13.590785903755075
2026-02-05,57,Rémi,39.932887508002906,3.429333146511266,29.644888068469108
2026-02-05,57,ManonV,14.98350559978419,3.7769952929926927,3.6525197208061115
2026-02-05,57,Lilou,18.881012202243625,3.249630283820359,9.132121350782548
2026-02-05,57,Paul,21.05016110518025,3.442005495034871,10.724144620075638
2026-02-05,57,Raphaël,30.049234586306046,3.2519219063529547,20.29346886724718
2026-02-05,57,Julia,27.36161702685517,6.023366363963347,9.291517934965132
2026-02-05,57,Armelle,23.913171350552176,4.410948315162356,10.680326405065108
2026-02-05,57,Jules,24.34473024352745,3.5689351850502593,13.637924688376673
2026-02-05,57,BenjaminC,29.723300145636344,4.816403608690859,15.274089319563767
2026-02-05,57,LaureS,21.701060939546597,7.554241252410028,-0.9616628176834858
2026-02-05,57,Sabine,24.631867078385547,8.108022030451199,0.3078009870319498
2026-02-05,57,Loïc,14.902103714461822,6.47227394226716,-4.51471811233966
2026-02-05,57,JulieB,21.891677369701625,7.7743633497703355,-1.4314126796093802
2026-02-05,57,ThéoM,20.528753719957052,6.582888819235465,0.7800872622506567
2026-02-05,57,EmmanuelP,12.757243403022985,6.120137763732889,-5.6031698881756835
2026-02-05,58,NathV,24.674210402633797,6.82595709168106,4.196339127590619
2026-02-05,58,Lily,26.073529121542684,4.474127944516785,12.651145287992328
2026-02-05,58,Roland,25.812194624170132,3.887471085187328,14.14978136860815
2026-02-05,58,Rémi,39.932887508002906,3.429333146511266,29.644888068469108
2026-02-05,58,ManonV,14.98350559978419,3.7769952929926927,3.6525197208061115
2026-02-05,58,Lilou,18.881012202243625,3.249630283820359,9.132121350782548
2026-02-05,58,Paul,21.05016110518025,3.442005495034871,10.724144620075638
2026-02-05,58,Raphaël,30.049234586306046,3.2519219063529547,20.29346886724718
2026-02-05,58,Julia,27.36161702685517,6.023366363963347,9.291517934965132
2026-02-05,58,Armelle,23.913171350552176,4.410948315162356,10.680326405065108
2026-02-05,58,Jules,24.06423750724602,3.51710311247604,13.512928169817899
2026-02-05,58,BenjaminC,29.723300145636344,4.816403608690859,15.274089319563767
2026-02-05,58,LaureS,21.701060939546597,7.554241252410028,-0.9616628176834858
2026-02-05,58,Sabine,24.631867078385547,8.108022030451199,0.3078009870319498
2026-02-05,58,Loïc,14.902103714461822,6.47227394226716,-4.51471811233966
2026-02-05,58,JulieB,21.891677369701625,7.7743633497703355,-1.4314126796093802
2026-02-05,58,ThéoM,20.528753719957052,6.582888819235465,0.7800872622506567
2026-02-05,58,EmmanuelP,11.932705754662898,5.850574328417758,-5.6190172305903765
2026-02-05,59,NathV,24.674210402633797,6.82595709168106,4.196339127590619
2026-02-05,59,Lily,28.33984851744511,4.189700185955631,15.770747959578216
2026-02-05,59,Roland,25.812194624170132,3.887471085187328,14.14978136860815
2026-02-05,59,Rémi,39.932887508002906,3.429333146511266,29.644888068469108
2026-02-05,59,ManonV,14.98350559978419,3.7769952929926927,3.6525197208061115
2026-02-05,59,Lilou,20.076945865994805,3.143072195477399,10.647729279562608
2026-02-05,59,Paul,19.708535649453093,3.3148655265451907,9.763939069817521
2026-02-05,59,Raphaël,28.85161470417906,3.1451327580817035,19.41621642993395
2026-02-05,59,Julia,27.36161702685517,6.023366363963347,9.291517934965132
2026-02-05,59,Armelle,23.913171350552176,4.410948315162356,10.680326405065108
2026-02-05,59,Jules,24.06423750724602,3.51710311247604,13.512928169817899
2026-02-05,59,BenjaminC,29.723300145636344,4.816403608690859,15.274089319563767
2026-02-05,59,LaureS,21.701060939546597,7.554241252410028,-0.9616628176834858
2026-02-05,59,Sabine,24.631867078385547,8.108022030451199,0.3078009870319498
2026-02-05,59,Loïc,14.902103714461822,6.47227394226716,-4.51471811233966
2026-02-05,59,JulieB,21.891677369701625,7.7743633497703355,-1.4314126796093802
2026-02-05,59,ThéoM,20.528753719957052,6.582888819235465,0.7800872622506567
2026-02-05,59,EmmanuelP,11.932705754662898,5.850574328417758,-5.6190172305903765
2026-02-05,60,NathV,24.674210402633797,6.82595709168106,4.196339127590619
2026-02-05,60,Lily,28.33984851744511,4.189700185955631,15.770747959578216
2026-02-05,60,Roland,26.837722964213004,3.7318845459910985,15.642069326239708
2026-02-05,60,Rémi,39.932887508002906,3.429333146511266,29.644888068469108
2026-02-05,60,ManonV,14.98350559978419,3.7769952929926927,3.6525197208061115
2026-02-05,60,Lilou,20.74749051147971,3.0620356531714243,11.561383551965438
2026-02-05,60,Paul,18.962739712884236,3.2194180017138327,9.304485707742739
2026-02-05,60,Raphaël,28.85161470417906,3.1451327580817035,19.41621642993395
2026-02-05,60,Julia,27.36161702685517,6.023366363963347,9.291517934965132
2026-02-05,60,Armelle,23.913171350552176,4.410948315162356,10.680326405065108
2026-02-05,60,Jules,23.2247238885356,3.4026290703184046,13.016836677580386
2026-02-05,60,BenjaminC,29.723300145636344,4.816403608690859,15.274089319563767
2026-02-05,60,LaureS,21.701060939546597,7.554241252410028,-0.9616628176834858
2026-02-05,60,Sabine,24.631867078385547,8.108022030451199,0.3078009870319498
2026-02-05,60,Loïc,14.902103714461822,6.47227394226716,-4.51471811233966
2026-02-05,60,JulieB,21.891677369701625,7.7743633497703355,-1.4314126796093802
2026-02-05,60,ThéoM,20.528753719957052,6.582888819235465,0.7800872622506567
2026-02-05,60,EmmanuelP,11.932705754662898,5.850574328417758,-5.6190172305903765
2026-02-05,61,NathV,24.674210402633797,6.82595709168106,4.196339127590619
2026-02-05,61,Lily,28.33984851744511,4.189700185955631,15.770747959578216
2026-02-05,61,Roland,28.241256185430895,3.616033042948468,17.39315705658549
2026-02-05,61,Rémi,38.74759503420099,3.339940367344147,28.72777393216855
2026-02-05,61,ManonV,14.98350559978419,3.7769952929926927,3.6525197208061115
2026-02-05,61,Lilou,19.802359902119424,2.998973613517152,10.805439061567967
2026-02-05,61,Paul,18.962739712884236,3.2194180017138327,9.304485707742739
2026-02-05,61,Raphaël,28.85161470417906,3.1451327580817035,19.41621642993395
2026-02-05,61,Julia,27.36161702685517,6.023366363963347,9.291517934965132
2026-02-05,61,Armelle,23.913171350552176,4.410948315162356,10.680326405065108
2026-02-05,61,Jules,23.2247238885356,3.4026290703184046,13.016836677580386
2026-02-05,61,BenjaminC,29.723300145636344,4.816403608690859,15.274089319563767
2026-02-05,61,LaureS,21.701060939546597,7.554241252410028,-0.9616628176834858
2026-02-05,61,Sabine,24.631867078385547,8.108022030451199,0.3078009870319498
2026-02-05,61,Loïc,14.902103714461822,6.47227394226716,-4.51471811233966
2026-02-05,61,JulieB,21.891677369701625,7.7743633497703355,-1.4314126796093802
2026-02-05,61,ThéoM,20.528753719957052,6.582888819235465,0.7800872622506567
2026-02-05,61,EmmanuelP,11.932705754662898,5.850574328417758,-5.6190172305903765
2026-02-05,61,BenjaminZ,31.995692852023776,6.937596400211896,11.182903651388088
2026-02-05,62,NathV,24.674210402633797,6.82595709168106,4.196339127590619
2026-02-05,62,Lily,28.33984851744511,4.189700185955631,15.770747959578216
2026-02-05,62,Roland,28.241256185430895,3.616033042948468,17.39315705658549
2026-02-05,62,Rémi,38.836990013616855,3.315916536907063,28.889240402895666
2026-02-05,62,ManonV,14.98350559978419,3.7769952929926927,3.6525197208061115
2026-02-05,62,Lilou,19.802359902119424,2.998973613517152,10.805439061567967
2026-02-05,62,Paul,18.879676055921223,3.19805398742226,9.285514093654442
2026-02-05,62,Raphaël,28.85161470417906,3.1451327580817035,19.41621642993395
2026-02-05,62,Julia,27.36161702685517,6.023366363963347,9.291517934965132
2026-02-05,62,Armelle,24.069049178548735,4.353863164680729,11.007459684506546
2026-02-05,62,Jules,23.13194374181151,3.377145281807748,13.000507896388267
2026-02-05,62,BenjaminC,29.723300145636344,4.816403608690859,15.274089319563767
2026-02-05,62,LaureS,21.701060939546597,7.554241252410028,-0.9616628176834858
2026-02-05,62,Sabine,24.631867078385547,8.108022030451199,0.3078009870319498
2026-02-05,62,Loïc,14.902103714461822,6.47227394226716,-4.51471811233966
2026-02-05,62,JulieB,21.891677369701625,7.7743633497703355,-1.4314126796093802
2026-02-05,62,ThéoM,20.528753719957052,6.582888819235465,0.7800872622506567
2026-02-05,62,EmmanuelP,11.932705754662898,5.850574328417758,-5.6190172305903765
2026-02-05,62,BenjaminZ,31.995692852023776,6.937596400211896,11.182903651388088
2026-02-05,63,NathV,24.674210402633797,6.82595709168106,4.196339127590619
2026-02-05,63,Lily,28.33984851744511,4.189700185955631,15.770747959578216
2026-02-05,63,Roland,28.241256185430895,3.616033042948468,17.39315705658549
2026-02-05,63,Rémi,38.963753306222074,3.2844664166158584,29.110354056374497
2026-02-05,63,ManonV,14.98350559978419,3.7769952929926927,3.6525197208061115
2026-02-05,63,Lilou,19.69865659253967,2.9761067765271747,10.770336262958146
2026-02-05,63,Paul,18.879676055921223,3.19805398742226,9.285514093654442
2026-02-05,63,Raphaël,28.85161470417906,3.1451327580817035,19.41621642993395
2026-02-05,63,Julia,27.36161702685517,6.023366363963347,9.291517934965132
2026-02-05,63,Armelle,23.850564620950394,4.280861951858424,11.007978765375121
2026-02-05,63,Jules,23.263428668389725,3.3438373932684176,13.231916488584472
2026-02-05,63,BenjaminC,29.723300145636344,4.816403608690859,15.274089319563767
2026-02-05,63,LaureS,21.701060939546597,7.554241252410028,-0.9616628176834858
2026-02-05,63,Sabine,24.631867078385547,8.108022030451199,0.3078009870319498
2026-02-05,63,Loïc,14.902103714461822,6.47227394226716,-4.51471811233966
2026-02-05,63,JulieB,21.891677369701625,7.7743633497703355,-1.4314126796093802
2026-02-05,63,ThéoM,20.528753719957052,6.582888819235465,0.7800872622506567
2026-02-05,63,EmmanuelP,11.932705754662898,5.850574328417758,-5.6190172305903765
2026-02-05,63,BenjaminZ,31.995692852023776,6.937596400211896,11.182903651388088
2026-02-05,64,NathV,24.674210402633797,6.82595709168106,4.196339127590619
2026-02-05,64,Lily,28.33984851744511,4.189700185955631,15.770747959578216
2026-02-05,64,Roland,28.241256185430895,3.616033042948468,17.39315705658549
2026-02-05,64,Rémi,39.15399338678064,3.2405915022456875,29.43221888004358
2026-02-05,64,ManonV,14.98350559978419,3.7769952929926927,3.6525197208061115
2026-02-05,64,Lilou,19.54243887829808,2.9438799112963285,10.710799144409092
2026-02-05,64,Paul,19.060043958069908,3.157674256557063,9.587021188398719
2026-02-05,64,Raphaël,28.85161470417906,3.1451327580817035,19.41621642993395
2026-02-05,64,Julia,27.36161702685517,6.023366363963347,9.291517934965132
2026-02-05,64,Armelle,23.850564620950394,4.280861951858424,11.007978765375121
2026-02-05,64,Jules,23.066253220183437,3.2974524218718435,13.173895954567907
2026-02-05,64,BenjaminC,29.723300145636344,4.816403608690859,15.274089319563767
2026-02-05,64,LaureS,21.701060939546597,7.554241252410028,-0.9616628176834858
2026-02-05,64,Sabine,24.631867078385547,8.108022030451199,0.3078009870319498
2026-02-05,64,Loïc,14.902103714461822,6.47227394226716,-4.51471811233966
2026-02-05,64,JulieB,21.891677369701625,7.7743633497703355,-1.4314126796093802
2026-02-05,64,ThéoM,20.528753719957052,6.582888819235465,0.7800872622506567
2026-02-05,64,EmmanuelP,11.932705754662898,5.850574328417758,-5.6190172305903765
2026-02-05,64,BenjaminZ,31.995692852023776,6.937596400211896,11.182903651388088
2026-02-05,65,NathV,24.674210402633797,6.82595709168106,4.196339127590619
2026-02-05,65,Lily,28.912632367417242,4.063712392179804,16.72149519087783
2026-02-05,65,Roland,28.241256185430895,3.616033042948468,17.39315705658549
2026-02-05,65,Rémi,39.15399338678064,3.2405915022456875,29.43221888004358
2026-02-05,65,ManonV,14.98350559978419,3.7769952929926927,3.6525197208061115
2026-02-05,65,Lilou,19.54243887829808,2.9438799112963285,10.710799144409092
2026-02-05,65,Paul,18.734589582949564,3.1048191408470993,9.420132160408265
2026-02-05,65,Raphaël,28.85161470417906,3.1451327580817035,19.41621642993395
2026-02-05,65,Julia,27.36161702685517,6.023366363963347,9.291517934965132
2026-02-05,65,Armelle,24.448535564468713,4.14630750408758,12.009613052205975
2026-02-05,65,Jules,22.711368375021294,3.2370207576938066,13.000306101939874
2026-02-05,65,BenjaminC,29.723300145636344,4.816403608690859,15.274089319563767
2026-02-05,65,LaureS,21.701060939546597,7.554241252410028,-0.9616628176834858
2026-02-05,65,Sabine,24.631867078385547,8.108022030451199,0.3078009870319498
2026-02-05,65,Loïc,14.902103714461822,6.47227394226716,-4.51471811233966
2026-02-05,65,JulieB,21.891677369701625,7.7743633497703355,-1.4314126796093802
2026-02-05,65,ThéoM,20.528753719957052,6.582888819235465,0.7800872622506567
2026-02-05,65,EmmanuelP,11.932705754662898,5.850574328417758,-5.6190172305903765
2026-02-05,65,BenjaminZ,31.995692852023776,6.937596400211896,11.182903651388088
2026-02-05,66,NathV,24.674210402633797,6.82595709168106,4.196339127590619
2026-02-05,66,Lily,29.65370524044065,3.9160605336372014,17.905523639529047
2026-02-05,66,Roland,28.241256185430895,3.616033042948468,17.39315705658549
2026-02-05,66,Rémi,39.15399338678064,3.2405915022456875,29.43221888004358
2026-02-05,66,ManonV,14.98350559978419,3.7769952929926927,3.6525197208061115
2026-02-05,66,Lilou,19.931502333105907,2.8890672903339376,11.264300462104094
2026-02-05,66,Paul,18.30185883301068,3.040187544287005,9.181296200149664
2026-02-05,66,Raphaël,28.85161470417906,3.1451327580817035,19.41621642993395
2026-02-05,66,Julia,27.36161702685517,6.023366363963347,9.291517934965132
2026-02-05,66,Armelle,24.448535564468713,4.14630750408758,12.009613052205975
2026-02-05,66,Jules,22.241029261482833,3.1635183368457294,12.750474250945645
2026-02-05,66,BenjaminC,29.723300145636344,4.816403608690859,15.274089319563767
2026-02-05,66,LaureS,21.701060939546597,7.554241252410028,-0.9616628176834858
2026-02-05,66,Sabine,24.631867078385547,8.108022030451199,0.3078009870319498
2026-02-05,66,Loïc,14.902103714461822,6.47227394226716,-4.51471811233966
2026-02-05,66,JulieB,21.891677369701625,7.7743633497703355,-1.4314126796093802
2026-02-05,66,ThéoM,20.528753719957052,6.582888819235465,0.7800872622506567
2026-02-05,66,EmmanuelP,11.932705754662898,5.850574328417758,-5.6190172305903765
2026-02-05,66,BenjaminZ,31.995692852023776,6.937596400211896,11.182903651388088
2026-02-05,67,NathV,24.674210402633797,6.82595709168106,4.196339127590619
2026-02-05,67,Lily,31.672330848726208,3.703240539899046,20.56260922902907
2026-02-05,67,Roland,28.241256185430895,3.616033042948468,17.39315705658549
2026-02-05,67,Rémi,37.77139501131732,3.121606847188854,28.406574469750755
2026-02-05,67,ManonV,14.98350559978419,3.7769952929926927,3.6525197208061115
2026-02-05,67,Lilou,21.030601461127034,2.8055085536141937,12.614075800284454
2026-02-05,67,Paul,17.08486802459918,2.9424117981219666,8.257632630233282
2026-02-05,67,Raphaël,28.85161470417906,3.1451327580817035,19.41621642993395
2026-02-05,67,Julia,27.36161702685517,6.023366363963347,9.291517934965132
2026-02-05,67,Armelle,24.448535564468713,4.14630750408758,12.009613052205975
2026-02-05,67,Jules,22.241029261482833,3.1635183368457294,12.750474250945645
2026-02-05,67,BenjaminC,29.723300145636344,4.816403608690859,15.274089319563767
2026-02-05,67,LaureS,21.701060939546597,7.554241252410028,-0.9616628176834858
2026-02-05,67,Sabine,24.631867078385547,8.108022030451199,0.3078009870319498
2026-02-05,67,Loïc,14.902103714461822,6.47227394226716,-4.51471811233966
2026-02-05,67,JulieB,21.891677369701625,7.7743633497703355,-1.4314126796093802
2026-02-05,67,ThéoM,20.528753719957052,6.582888819235465,0.7800872622506567
2026-02-05,67,EmmanuelP,11.932705754662898,5.850574328417758,-5.6190172305903765
2026-02-05,67,BenjaminZ,31.995692852023776,6.937596400211896,11.182903651388088
2026-02-05,68,NathV,24.674210402633797,6.82595709168106,4.196339127590619
2026-02-05,68,Lily,31.969216325643263,3.629743499604246,21.079985826830523
2026-02-05,68,Roland,28.241256185430895,3.616033042948468,17.39315705658549
2026-02-05,68,Rémi,37.77139501131732,3.121606847188854,28.406574469750755
2026-02-05,68,ManonV,14.98350559978419,3.7769952929926927,3.6525197208061115
2026-02-05,68,Lilou,21.201057130229604,2.7745037522628544,12.87754587344104
2026-02-05,68,Paul,16.897385685045133,2.9063781692885864,8.178251177179375
2026-02-05,68,Raphaël,28.85161470417906,3.1451327580817035,19.41621642993395
2026-02-05,68,Julia,27.36161702685517,6.023366363963347,9.291517934965132
2026-02-05,68,Armelle,24.448535564468713,4.14630750408758,12.009613052205975
2026-02-05,68,Jules,22.024335098631852,3.1183281892703096,12.669350530820923
2026-02-05,68,BenjaminC,29.723300145636344,4.816403608690859,15.274089319563767
2026-02-05,68,LaureS,21.701060939546597,7.554241252410028,-0.9616628176834858
2026-02-05,68,Sabine,24.631867078385547,8.108022030451199,0.3078009870319498
2026-02-05,68,Loïc,14.902103714461822,6.47227394226716,-4.51471811233966
2026-02-05,68,JulieB,21.891677369701625,7.7743633497703355,-1.4314126796093802
2026-02-05,68,ThéoM,20.528753719957052,6.582888819235465,0.7800872622506567
2026-02-05,68,EmmanuelP,11.932705754662898,5.850574328417758,-5.6190172305903765
2026-02-05,68,BenjaminZ,31.995692852023776,6.937596400211896,11.182903651388088
2026-02-05,69,NathV,24.674210402633797,6.82595709168106,4.196339127590619
2026-02-05,69,Lily,31.969216325643263,3.629743499604246,21.079985826830523
2026-02-05,69,Roland,28.241256185430895,3.616033042948468,17.39315705658549
2026-02-05,69,Rémi,37.82240967577538,3.1066084338927222,28.502584374097218
2026-02-05,69,ManonV,14.98350559978419,3.7769952929926927,3.6525197208061115
2026-02-05,69,Lilou,21.16074910920511,2.7644460949190277,12.867410824448026
2026-02-05,69,Paul,16.853158390735732,2.8945723196408935,8.169441431813052
2026-02-05,69,Raphaël,28.85161470417906,3.1451327580817035,19.41621642993395
2026-02-05,69,Julia,27.36161702685517,6.023366363963347,9.291517934965132
2026-02-05,69,Armelle,24.448535564468713,4.14630750408758,12.009613052205975
2026-02-05,69,Jules,22.075242733119136,3.1033817060429643,12.765097614990243
2026-02-05,69,BenjaminC,29.723300145636344,4.816403608690859,15.274089319563767
2026-02-05,69,LaureS,21.701060939546597,7.554241252410028,-0.9616628176834858
2026-02-05,69,Sabine,24.631867078385547,8.108022030451199,0.3078009870319498
2026-02-05,69,Loïc,14.902103714461822,6.47227394226716,-4.51471811233966
2026-02-05,69,JulieB,21.891677369701625,7.7743633497703355,-1.4314126796093802
2026-02-05,69,ThéoM,20.528753719957052,6.582888819235465,0.7800872622506567
2026-02-05,69,EmmanuelP,11.932705754662898,5.850574328417758,-5.6190172305903765
2026-02-05,69,BenjaminZ,31.995692852023776,6.937596400211896,11.182903651388088
2026-02-06,70,NathV,24.674210402633797,6.82595709168106,4.196339127590619
2026-02-06,70,Lily,31.969216325643263,3.629743499604246,21.079985826830523
2026-02-06,70,Roland,28.241256185430895,3.616033042948468,17.39315705658549
2026-02-06,70,Rémi,37.82240967577538,3.1066084338927222,28.502584374097218
2026-02-06,70,ManonV,14.98350559978419,3.7769952929926927,3.6525197208061115
2026-02-06,70,Lilou,20.894663722641436,2.7377587947161026,12.681387338493128
2026-02-06,70,Paul,17.14486006807011,2.863682050737806,8.553813915856692
2026-02-06,70,Raphaël,28.85161470417906,3.1451327580817035,19.41621642993395
2026-02-06,70,Julia,27.36161702685517,6.023366363963347,9.291517934965132
2026-02-06,70,Armelle,24.448535564468713,4.14630750408758,12.009613052205975
2026-02-06,70,Jules,22.075242733119136,3.1033817060429643,12.765097614990243
2026-02-06,70,BenjaminC,29.723300145636344,4.816403608690859,15.274089319563767
2026-02-06,70,LaureS,21.701060939546597,7.554241252410028,-0.9616628176834858
2026-02-06,70,Sabine,24.631867078385547,8.108022030451199,0.3078009870319498
2026-02-06,70,Loïc,14.902103714461822,6.47227394226716,-4.51471811233966
2026-02-06,70,JulieB,21.891677369701625,7.7743633497703355,-1.4314126796093802
2026-02-06,70,ThéoM,20.528753719957052,6.582888819235465,0.7800872622506567
2026-02-06,70,EmmanuelP,10.741750594433235,5.581702344500945,-6.003356439069599
2026-02-06,70,BenjaminZ,31.995692852023776,6.937596400211896,11.182903651388088
2026-02-06,70,Maximilien,27.4159683595218,7.534813243329774,4.811528629532475
2026-02-06,71,NathV,24.674210402633797,6.82595709168106,4.196339127590619
2026-02-06,71,Lily,31.969216325643263,3.629743499604246,21.079985826830523
2026-02-06,71,Roland,28.241256185430895,3.616033042948468,17.39315705658549
2026-02-06,71,Rémi,37.82240967577538,3.1066084338927222,28.502584374097218
2026-02-06,71,ManonV,14.98350559978419,3.7769952929926927,3.6525197208061115
2026-02-06,71,Lilou,20.894663722641436,2.7377587947161026,12.681387338493128
2026-02-06,71,Paul,17.14486006807011,2.863682050737806,8.553813915856692
2026-02-06,71,Raphaël,28.85161470417906,3.1451327580817035,19.41621642993395
2026-02-06,71,Julia,27.36161702685517,6.023366363963347,9.291517934965132
2026-02-06,71,Armelle,24.448535564468713,4.14630750408758,12.009613052205975
2026-02-06,71,Jules,22.075242733119136,3.1033817060429643,12.765097614990243
2026-02-06,71,BenjaminC,29.723300145636344,4.816403608690859,15.274089319563767
2026-02-06,71,LaureS,17.96977742813994,6.969376769030449,-2.9383528789514095
2026-02-06,71,Sabine,24.631867078385547,8.108022030451199,0.3078009870319498
2026-02-06,71,Loïc,14.902103714461822,6.47227394226716,-4.51471811233966
2026-02-06,71,JulieB,21.891677369701625,7.7743633497703355,-1.4314126796093802
2026-02-06,71,ThéoM,20.528753719957052,6.582888819235465,0.7800872622506567
2026-02-06,71,EmmanuelP,12.779045224687195,5.350508357854062,-3.272479848874994
2026-02-06,71,BenjaminZ,31.995692852023776,6.937596400211896,11.182903651388088
2026-02-06,71,Maximilien,31.128086641309693,6.954579027035267,10.26434956020389
2026-02-06,72,NathV,24.674210402633797,6.82595709168106,4.196339127590619
2026-02-06,72,Lily,32.64552582055817,3.5368409895459516,22.035002851920314
2026-02-06,72,Roland,28.241256185430895,3.616033042948468,17.39315705658549
2026-02-06,72,Rémi,37.82240967577538,3.1066084338927222,28.502584374097218
2026-02-06,72,ManonV,14.98350559978419,3.7769952929926927,3.6525197208061115
2026-02-06,72,Lilou,21.279572056712826,2.6989556134709014,13.182705216300121
2026-02-06,72,Paul,16.7237632442884,2.8190091298600213,8.266735854708335
2026-02-06,72,Raphaël,28.85161470417906,3.1451327580817035,19.41621642993395
2026-02-06,72,Julia,27.36161702685517,6.023366363963347,9.291517934965132
2026-02-06,72,Armelle,24.448535564468713,4.14630750408758,12.009613052205975
2026-02-06,72,Jules,22.075242733119136,3.1033817060429643,12.765097614990243
2026-02-06,72,BenjaminC,29.723300145636344,4.816403608690859,15.274089319563767
2026-02-06,72,LaureS,17.96977742813994,6.969376769030449,-2.9383528789514095
2026-02-06,72,Sabine,24.631867078385547,8.108022030451199,0.3078009870319498
2026-02-06,72,Loïc,14.902103714461822,6.47227394226716,-4.51471811233966
2026-02-06,72,JulieB,21.891677369701625,7.7743633497703355,-1.4314126796093802
2026-02-06,72,ThéoM,20.528753719957052,6.582888819235465,0.7800872622506567
2026-02-06,72,EmmanuelP,12.779045224687195,5.350508357854062,-3.272479848874994
2026-02-06,72,BenjaminZ,31.995692852023776,6.937596400211896,11.182903651388088
2026-02-06,72,Maximilien,28.646275072060796,6.270076131840543,9.836046676539166
2026-02-06,73,NathV,24.674210402633797,6.82595709168106,4.196339127590619
2026-02-06,73,Lily,32.85469203782632,3.4824511233127446,22.407338667888084
2026-02-06,73,Roland,28.241256185430895,3.616033042948468,17.39315705658549
2026-02-06,73,Rémi,37.82240967577538,3.1066084338927222,28.502584374097218
2026-02-06,73,ManonV,14.98350559978419,3.7769952929926927,3.6525197208061115
2026-02-06,73,Lilou,21.40142183928389,2.675703107830893,13.374312515791212
2026-02-06,73,Paul,16.59084280844642,2.7922711760094745,8.214029280417998
2026-02-06,73,Raphaël,28.85161470417906,3.1451327580817035,19.41621642993395
2026-02-06,73,Julia,27.36161702685517,6.023366363963347,9.291517934965132
2026-02-06,73,Armelle,24.448535564468713,4.14630750408758,12.009613052205975
2026-02-06,73,Jules,21.914177105038437,3.06715288813932,12.712718440620478
2026-02-06,73,BenjaminC,29.723300145636344,4.816403608690859,15.274089319563767
2026-02-06,73,LaureS,17.96977742813994,6.969376769030449,-2.9383528789514095
2026-02-06,73,Sabine,24.631867078385547,8.108022030451199,0.3078009870319498
2026-02-06,73,Loïc,14.902103714461822,6.47227394226716,-4.51471811233966
2026-02-06,73,JulieB,21.891677369701625,7.7743633497703355,-1.4314126796093802
2026-02-06,73,ThéoM,20.528753719957052,6.582888819235465,0.7800872622506567
2026-02-06,73,EmmanuelP,12.779045224687195,5.350508357854062,-3.272479848874994
2026-02-06,73,BenjaminZ,31.995692852023776,6.937596400211896,11.182903651388088
2026-02-06,73,Maximilien,28.646275072060796,6.270076131840543,9.836046676539166
2026-02-06,74,NathV,24.674210402633797,6.82595709168106,4.196339127590619
2026-02-06,74,Lily,31.57652361272872,3.3394567841133695,21.558153260388615
2026-02-06,74,Roland,28.241256185430895,3.616033042948468,17.39315705658549
2026-02-06,74,Rémi,37.82240967577538,3.1066084338927222,28.502584374097218
2026-02-06,74,ManonV,14.98350559978419,3.7769952929926927,3.6525197208061115
2026-02-06,74,Lilou,20.646562021071652,2.6122160641289898,12.809913828684683
2026-02-06,74,Paul,16.59084280844642,2.7922711760094745,8.214029280417998
2026-02-06,74,Raphaël,29.894297380069336,3.0405627049197057,20.77260926531022
2026-02-06,74,Julia,27.36161702685517,6.023366363963347,9.291517934965132
2026-02-06,74,Armelle,24.448535564468713,4.14630750408758,12.009613052205975
2026-02-06,74,Jules,22.905832393468568,2.9703556904114246,13.994765322234294
2026-02-06,74,BenjaminC,29.723300145636344,4.816403608690859,15.274089319563767
2026-02-06,74,LaureS,17.96977742813994,6.969376769030449,-2.9383528789514095
2026-02-06,74,Sabine,24.631867078385547,8.108022030451199,0.3078009870319498
2026-02-06,74,Loïc,14.902103714461822,6.47227394226716,-4.51471811233966
2026-02-06,74,JulieB,21.891677369701625,7.7743633497703355,-1.4314126796093802
2026-02-06,74,ThéoM,20.528753719957052,6.582888819235465,0.7800872622506567
2026-02-06,74,EmmanuelP,12.779045224687195,5.350508357854062,-3.272479848874994
2026-02-06,74,BenjaminZ,31.995692852023776,6.937596400211896,11.182903651388088
2026-02-06,74,Maximilien,28.646275072060796,6.270076131840543,9.836046676539166
2026-02-06,75,NathV,24.674210402633797,6.82595709168106,4.196339127590619
2026-02-06,75,Lily,30.197775285897936,3.2026596290239895,20.589796398825968
2026-02-06,75,Roland,28.241256185430895,3.616033042948468,17.39315705658549
2026-02-06,75,Rémi,37.82240967577538,3.1066084338927222,28.502584374097218
2026-02-06,75,ManonV,14.98350559978419,3.7769952929926927,3.6525197208061115
2026-02-06,75,Lilou,19.802599937187207,2.5480749794073603,12.158374998965126
2026-02-06,75,Paul,17.555037686308566,2.7134200325109106,9.414777588775834
2026-02-06,75,Raphaël,31.037431048824903,2.938024493898239,22.223357567130186
2026-02-06,75,Julia,27.36161702685517,6.023366363963347,9.291517934965132
2026-02-06,75,Armelle,24.448535564468713,4.14630750408758,12.009613052205975
2026-02-06,75,Jules,22.905832393468568,2.9703556904114246,13.994765322234294
2026-02-06,75,BenjaminC,29.723300145636344,4.816403608690859,15.274089319563767
2026-02-06,75,LaureS,17.96977742813994,6.969376769030449,-2.9383528789514095
2026-02-06,75,Sabine,24.631867078385547,8.108022030451199,0.3078009870319498
2026-02-06,75,Loïc,14.902103714461822,6.47227394226716,-4.51471811233966
2026-02-06,75,JulieB,21.891677369701625,7.7743633497703355,-1.4314126796093802
2026-02-06,75,ThéoM,20.528753719957052,6.582888819235465,0.7800872622506567
2026-02-06,75,EmmanuelP,12.779045224687195,5.350508357854062,-3.272479848874994
2026-02-06,75,BenjaminZ,31.995692852023776,6.937596400211896,11.182903651388088
2026-02-06,75,Maximilien,28.646275072060796,6.270076131840543,9.836046676539166
2026-02-06,76,NathV,24.674210402633797,6.82595709168106,4.196339127590619
2026-02-06,76,Lily,29.020149968754026,3.085416102127415,19.76390166237178
2026-02-06,76,Roland,28.241256185430895,3.616033042948468,17.39315705658549
2026-02-06,76,Rémi,37.82240967577538,3.1066084338927222,28.502584374097218
2026-02-06,76,ManonV,14.98350559978419,3.7769952929926927,3.6525197208061115
2026-02-06,76,Lilou,19.802599937187207,2.5480749794073603,12.158374998965126
2026-02-06,76,Paul,18.400579548050988,2.6430935473531636,10.471298905991498
2026-02-06,76,Raphaël,32.028609156060014,2.848112001736338,23.484273150851
2026-02-06,76,Julia,27.36161702685517,6.023366363963347,9.291517934965132
2026-02-06,76,Armelle,24.448535564468713,4.14630750408758,12.009613052205975
2026-02-06,76,Jules,21.892737249427807,2.8773589672802653,13.260660347587011
2026-02-06,76,BenjaminC,29.723300145636344,4.816403608690859,15.274089319563767
2026-02-06,76,LaureS,17.96977742813994,6.969376769030449,-2.9383528789514095
2026-02-06,76,Sabine,24.631867078385547,8.108022030451199,0.3078009870319498
2026-02-06,76,Loïc,14.902103714461822,6.47227394226716,-4.51471811233966
2026-02-06,76,JulieB,21.891677369701625,7.7743633497703355,-1.4314126796093802
2026-02-06,76,ThéoM,20.528753719957052,6.582888819235465,0.7800872622506567
2026-02-06,76,EmmanuelP,12.779045224687195,5.350508357854062,-3.272479848874994
2026-02-06,76,BenjaminZ,31.995692852023776,6.937596400211896,11.182903651388088
2026-02-06,76,Maximilien,28.646275072060796,6.270076131840543,9.836046676539166
2026-02-06,77,NathV,24.674210402633797,6.82595709168106,4.196339127590619
2026-02-06,77,Lily,30.27435078193974,2.974931593073823,21.349556002718273
2026-02-06,77,Roland,28.241256185430895,3.616033042948468,17.39315705658549
2026-02-06,77,Rémi,36.55093321579261,2.9937728728183304,27.56961459733762
2026-02-06,77,ManonV,14.98350559978419,3.7769952929926927,3.6525197208061115
2026-02-06,77,Lilou,18.946919556514093,2.4869123855030932,11.486182400004813
2026-02-06,77,Paul,18.400579548050988,2.6430935473531636,10.471298905991498
2026-02-06,77,Raphaël,32.028609156060014,2.848112001736338,23.484273150851
2026-02-06,77,Julia,27.36161702685517,6.023366363963347,9.291517934965132
2026-02-06,77,Armelle,24.448535564468713,4.14630750408758,12.009613052205975
2026-02-06,77,Jules,22.983612582323182,2.7882510697863268,14.618859372964202
2026-02-06,77,BenjaminC,29.723300145636344,4.816403608690859,15.274089319563767
2026-02-06,77,LaureS,17.96977742813994,6.969376769030449,-2.9383528789514095
2026-02-06,77,Sabine,24.631867078385547,8.108022030451199,0.3078009870319498
2026-02-06,77,Loïc,14.902103714461822,6.47227394226716,-4.51471811233966
2026-02-06,77,JulieB,21.891677369701625,7.7743633497703355,-1.4314126796093802
2026-02-06,77,ThéoM,20.528753719957052,6.582888819235465,0.7800872622506567
2026-02-06,77,EmmanuelP,12.779045224687195,5.350508357854062,-3.272479848874994
2026-02-06,77,BenjaminZ,31.995692852023776,6.937596400211896,11.182903651388088
2026-02-06,77,Maximilien,28.646275072060796,6.270076131840543,9.836046676539166
2026-02-06,78,NathV,24.674210402633797,6.82595709168106,4.196339127590619
2026-02-06,78,Lily,29.57532550026144,2.8911130261220817,20.901986421895195
2026-02-06,78,Roland,28.241256185430895,3.616033042948468,17.39315705658549
2026-02-06,78,Rémi,36.55093321579261,2.9937728728183304,27.56961459733762
2026-02-06,78,ManonV,14.98350559978419,3.7769952929926927,3.6525197208061115
2026-02-06,78,Lilou,18.458259756730563,2.4388535324417466,11.141699159405324
2026-02-06,78,Paul,18.952472494007004,2.5849707930809456,11.197560114764167
2026-02-06,78,Raphaël,32.66935240842823,2.774840465144126,24.344831012995854
2026-02-06,78,Julia,27.36161702685517,6.023366363963347,9.291517934965132
2026-02-06,78,Armelle,24.448535564468713,4.14630750408758,12.009613052205975
2026-02-06,78,Jules,22.983612582323182,2.7882510697863268,14.618859372964202
2026-02-06,78,BenjaminC,29.723300145636344,4.816403608690859,15.274089319563767
2026-02-06,78,LaureS,17.96977742813994,6.969376769030449,-2.9383528789514095
2026-02-06,78,Sabine,24.631867078385547,8.108022030451199,0.3078009870319498
2026-02-06,78,Loïc,14.902103714461822,6.47227394226716,-4.51471811233966
2026-02-06,78,JulieB,21.891677369701625,7.7743633497703355,-1.4314126796093802
2026-02-06,78,ThéoM,20.528753719957052,6.582888819235465,0.7800872622506567
2026-02-06,78,EmmanuelP,12.779045224687195,5.350508357854062,-3.272479848874994
2026-02-06,78,BenjaminZ,31.995692852023776,6.937596400211896,11.182903651388088
2026-02-06,78,Maximilien,28.646275072060796,6.270076131840543,9.836046676539166
2026-02-06,79,NathV,24.674210402633797,6.82595709168106,4.196339127590619
2026-02-06,79,Lily,29.57532550026144,2.8911130261220817,20.901986421895195
2026-02-06,79,Roland,28.241256185430895,3.616033042948468,17.39315705658549
2026-02-06,79,Rémi,36.5539268089326,2.993534375623086,27.573323682063343
2026-02-06,79,ManonV,14.98350559978419,3.7769952929926927,3.6525197208061115
2026-02-06,79,Lilou,18.456272303578384,2.4395205935393074,11.137710522960461
2026-02-06,79,Paul,18.950240047291505,2.585413370997384,11.193999934299352
2026-02-06,79,Raphaël,32.67192449903288,2.7749780830416753,24.346990249907858
2026-02-06,79,Julia,27.36161702685517,6.023366363963347,9.291517934965132
2026-02-06,79,Armelle,24.448535564468713,4.14630750408758,12.009613052205975
2026-02-06,79,Jules,22.983612582323182,2.7882510697863268,14.618859372964202
2026-02-06,79,BenjaminC,29.723300145636344,4.816403608690859,15.274089319563767
2026-02-06,79,LaureS,17.96977742813994,6.969376769030449,-2.9383528789514095
2026-02-06,79,Sabine,24.631867078385547,8.108022030451199,0.3078009870319498
2026-02-06,79,Loïc,14.902103714461822,6.47227394226716,-4.51471811233966
2026-02-06,79,JulieB,21.891677369701625,7.7743633497703355,-1.4314126796093802
2026-02-06,79,ThéoM,20.528753719957052,6.582888819235465,0.7800872622506567
2026-02-06,79,EmmanuelP,12.779045224687195,5.350508357854062,-3.272479848874994
2026-02-06,79,BenjaminZ,31.995692852023776,6.937596400211896,11.182903651388088
2026-02-06,79,Maximilien,28.646275072060796,6.270076131840543,9.836046676539166
2026-02-06,80,NathV,24.674210402633797,6.82595709168106,4.196339127590619
2026-02-06,80,Lily,30.210990016444818,2.8211989782075833,21.747393081822068
2026-02-06,80,Roland,28.241256185430895,3.616033042948468,17.39315705658549
2026-02-06,80,Rémi,36.5539268089326,2.993534375623086,27.573323682063343
2026-02-06,80,ManonV,14.98350559978419,3.7769952929926927,3.6525197208061115
2026-02-06,80,Lilou,18.456272303578384,2.4395205935393074,11.137710522960461
2026-02-06,80,Paul,19.458689865497007,2.53601037018994,11.850658754927187
2026-02-06,80,Raphaël,32.67192449903288,2.7749780830416753,24.346990249907858
2026-02-06,80,Julia,27.36161702685517,6.023366363963347,9.291517934965132
2026-02-06,80,Armelle,23.141656005999472,3.934638870474276,11.337739394576644
2026-02-06,80,Jules,22.392338730886173,2.72575503506299,14.215073625697203
2026-02-06,80,BenjaminC,29.723300145636344,4.816403608690859,15.274089319563767
2026-02-06,80,LaureS,17.96977742813994,6.969376769030449,-2.9383528789514095
2026-02-06,80,Sabine,24.631867078385547,8.108022030451199,0.3078009870319498
2026-02-06,80,Loïc,14.902103714461822,6.47227394226716,-4.51471811233966
2026-02-06,80,JulieB,21.891677369701625,7.7743633497703355,-1.4314126796093802
2026-02-06,80,ThéoM,20.528753719957052,6.582888819235465,0.7800872622506567
2026-02-06,80,EmmanuelP,12.779045224687195,5.350508357854062,-3.272479848874994
2026-02-06,80,BenjaminZ,31.995692852023776,6.937596400211896,11.182903651388088
2026-02-06,80,Maximilien,28.646275072060796,6.270076131840543,9.836046676539166
2026-02-06,81,NathV,24.674210402633797,6.82595709168106,4.196339127590619
2026-02-06,81,Lily,29.979165446596003,2.7823401961406398,21.632144858174083
2026-02-06,81,Roland,28.241256185430895,3.616033042948468,17.39315705658549
2026-02-06,81,Rémi,36.81491339587441,2.946763729736957,27.974622206663543
2026-02-06,81,ManonV,14.98350559978419,3.7769952929926927,3.6525197208061115
2026-02-06,81,Lilou,18.28288043767207,2.4150586523301585,11.037704480681594
2026-02-06,81,Paul,19.458689865497007,2.53601037018994,11.850658754927187
2026-02-06,81,Raphaël,32.67192449903288,2.7749780830416753,24.346990249907858
2026-02-06,81,Julia,27.36161702685517,6.023366363963347,9.291517934965132
2026-02-06,81,Armelle,23.59238737988078,3.826087600410202,12.114124578650173
2026-02-06,81,Jules,22.392338730886173,2.72575503506299,14.215073625697203
2026-02-06,81,BenjaminC,29.723300145636344,4.816403608690859,15.274089319563767
2026-02-06,81,LaureS,17.96977742813994,6.969376769030449,-2.9383528789514095
2026-02-06,81,Sabine,24.631867078385547,8.108022030451199,0.3078009870319498
2026-02-06,81,Loïc,14.902103714461822,6.47227394226716,-4.51471811233966
2026-02-06,81,JulieB,21.891677369701625,7.7743633497703355,-1.4314126796093802
2026-02-06,81,ThéoM,20.528753719957052,6.582888819235465,0.7800872622506567
2026-02-06,81,EmmanuelP,12.779045224687195,5.350508357854062,-3.272479848874994
2026-02-06,81,BenjaminZ,31.995692852023776,6.937596400211896,11.182903651388088
2026-02-06,81,Maximilien,28.646275072060796,6.270076131840543,9.836046676539166
2026-02-06,82,NathV,24.674210402633797,6.82595709168106,4.196339127590619
2026-02-06,82,Lily,29.979165446596003,2.7823401961406398,21.632144858174083
2026-02-06,82,Roland,28.241256185430895,3.616033042948468,17.39315705658549
2026-02-06,82,Rémi,36.81491339587441,2.946763729736957,27.974622206663543
2026-02-06,82,ManonV,14.98350559978419,3.7769952929926927,3.6525197208061115
2026-02-06,82,Lilou,18.28288043767207,2.4150586523301585,11.037704480681594
2026-02-06,82,Paul,19.458689865497007,2.53601037018994,11.850658754927187
2026-02-06,82,Raphaël,32.833190147720664,2.7550781429967435,24.567955718730435
2026-02-06,82,Julia,27.36161702685517,6.023366363963347,9.291517934965132
2026-02-06,82,Armelle,23.59238737988078,3.826087600410202,12.114124578650173
2026-02-06,82,Jules,22.236738348805016,2.706985079762774,14.115783109516693
2026-02-06,82,BenjaminC,29.723300145636344,4.816403608690859,15.274089319563767
2026-02-06,82,LaureS,17.96977742813994,6.969376769030449,-2.9383528789514095
2026-02-06,82,Sabine,24.631867078385547,8.108022030451199,0.3078009870319498
2026-02-06,82,Loïc,14.902103714461822,6.47227394226716,-4.51471811233966
2026-02-06,82,JulieB,21.891677369701625,7.7743633497703355,-1.4314126796093802
2026-02-06,82,ThéoM,20.528753719957052,6.582888819235465,0.7800872622506567
2026-02-06,82,EmmanuelP,12.779045224687195,5.350508357854062,-3.272479848874994
2026-02-06,82,BenjaminZ,31.995692852023776,6.937596400211896,11.182903651388088
2026-02-06,82,Maximilien,28.646275072060796,6.270076131840543,9.836046676539166
2026-02-06,83,NathV,24.674210402633797,6.82595709168106,4.196339127590619
2026-02-06,83,Lily,29.78361789745854,2.7480966671241096,21.539327896086213
2026-02-06,83,Roland,28.241256185430895,3.616033042948468,17.39315705658549
2026-02-06,83,Rémi,37.034234448343064,2.905752353709244,28.31697738721533
2026-02-06,83,ManonV,14.98350559978419,3.7769952929926927,3.6525197208061115
2026-02-06,83,Lilou,18.135508546932755,2.3933126850169733,10.955570491881835
2026-02-06,83,Paul,19.458689865497007,2.53601037018994,11.850658754927187
2026-02-06,83,Raphaël,32.833190147720664,2.7550781429967435,24.567955718730435
2026-02-06,83,Julia,27.36161702685517,6.023366363963347,9.291517934965132
2026-02-06,83,Armelle,23.962009793317204,3.7342270611104165,12.759328609985955
2026-02-06,83,Jules,22.236738348805016,2.706985079762774,14.115783109516693
2026-02-06,83,BenjaminC,29.723300145636344,4.816403608690859,15.274089319563767
2026-02-06,83,LaureS,17.96977742813994,6.969376769030449,-2.9383528789514095
2026-02-06,83,Sabine,24.631867078385547,8.108022030451199,0.3078009870319498
2026-02-06,83,Loïc,14.902103714461822,6.47227394226716,-4.51471811233966
2026-02-06,83,JulieB,21.891677369701625,7.7743633497703355,-1.4314126796093802
2026-02-06,83,ThéoM,20.528753719957052,6.582888819235465,0.7800872622506567
2026-02-06,83,EmmanuelP,12.779045224687195,5.350508357854062,-3.272479848874994
2026-02-06,83,BenjaminZ,31.995692852023776,6.937596400211896,11.182903651388088
2026-02-06,83,Maximilien,28.646275072060796,6.270076131840543,9.836046676539166
2026-02-06,84,NathV,24.674210402633797,6.82595709168106,4.196339127590619
2026-02-06,84,Lily,29.78361789745854,2.7480966671241096,21.539327896086213
2026-02-06,84,Roland,28.241256185430895,3.616033042948468,17.39315705658549
2026-02-06,84,Rémi,37.034234448343064,2.905752353709244,28.31697738721533
2026-02-06,84,ManonV,14.98350559978419,3.7769952929926927,3.6525197208061115
2026-02-06,84,Lilou,18.135508546932755,2.3933126850169733,10.955570491881835
2026-02-06,84,Paul,19.458689865497007,2.53601037018994,11.850658754927187
2026-02-06,84,Raphaël,33.10272014898577,2.7269716496425738,24.921805200058046
2026-02-06,84,Julia,27.36161702685517,6.023366363963347,9.291517934965132
2026-02-06,84,Armelle,23.962009793317204,3.7342270611104165,12.759328609985955
2026-02-06,84,Jules,22.496949093201447,2.6804159659653544,14.455701195305384
2026-02-06,84,BenjaminC,29.723300145636344,4.816403608690859,15.274089319563767
2026-02-06,84,LaureS,17.96977742813994,6.969376769030449,-2.9383528789514095
2026-02-06,84,Sabine,24.631867078385547,8.108022030451199,0.3078009870319498
2026-02-06,84,Loïc,14.902103714461822,6.47227394226716,-4.51471811233966
2026-02-06,84,JulieB,21.891677369701625,7.7743633497703355,-1.4314126796093802
2026-02-06,84,ThéoM,20.528753719957052,6.582888819235465,0.7800872622506567
2026-02-06,84,EmmanuelP,12.779045224687195,5.350508357854062,-3.272479848874994
2026-02-06,84,BenjaminZ,31.995692852023776,6.937596400211896,11.182903651388088
2026-02-06,84,Maximilien,28.646275072060796,6.270076131840543,9.836046676539166
2026-02-06,85,NathV,24.674210402633797,6.82595709168106,4.196339127590619
2026-02-06,85,Lily,29.391701781743503,2.6939358316537003,21.309894286782402
2026-02-06,85,Roland,28.241256185430895,3.616033042948468,17.39315705658549
2026-02-06,85,Rémi,37.472365652478295,2.8413563053403617,28.94829673645721
2026-02-06,85,ManonV,14.98350559978419,3.7769952929926927,3.6525197208061115
2026-02-06,85,Lilou,18.432849710941383,2.358227379955412,11.358167571075148
2026-02-06,85,Paul,19.124878836900336,2.493878218518359,11.64324418134526
2026-02-06,85,Raphaël,33.10272014898577,2.7269716496425738,24.921805200058046
2026-02-06,85,Julia,27.36161702685517,6.023366363963347,9.291517934965132
2026-02-06,85,Armelle,23.962009793317204,3.7342270611104165,12.759328609985955
2026-02-06,85,Jules,22.496949093201447,2.6804159659653544,14.455701195305384
2026-02-06,85,BenjaminC,29.723300145636344,4.816403608690859,15.274089319563767
2026-02-06,85,LaureS,17.96977742813994,6.969376769030449,-2.9383528789514095
2026-02-06,85,Sabine,24.631867078385547,8.108022030451199,0.3078009870319498
2026-02-06,85,Loïc,14.902103714461822,6.47227394226716,-4.51471811233966
2026-02-06,85,JulieB,21.891677369701625,7.7743633497703355,-1.4314126796093802
2026-02-06,85,ThéoM,20.528753719957052,6.582888819235465,0.7800872622506567
2026-02-06,85,EmmanuelP,12.779045224687195,5.350508357854062,-3.272479848874994
2026-02-06,85,BenjaminZ,31.995692852023776,6.937596400211896,11.182903651388088
2026-02-06,85,Maximilien,28.646275072060796,6.270076131840543,9.836046676539166
2026-02-06,86,NathV,24.674210402633797,6.82595709168106,4.196339127590619
2026-02-06,86,Lily,29.391701781743503,2.6939358316537003,21.309894286782402
2026-02-06,86,Roland,28.241256185430895,3.616033042948468,17.39315705658549
2026-02-06,86,Rémi,37.472365652478295,2.8413563053403617,28.94829673645721
2026-02-06,86,ManonV,14.98350559978419,3.7769952929926927,3.6525197208061115
2026-02-06,86,Lilou,18.432849710941383,2.358227379955412,11.358167571075148
2026-02-06,86,Paul,19.124878836900336,2.493878218518359,11.64324418134526
2026-02-06,86,Raphaël,33.25380558081411,2.7107822261396803,25.12145890239507
2026-02-06,86,Julia,27.36161702685517,6.023366363963347,9.291517934965132
2026-02-06,86,Armelle,23.962009793317204,3.7342270611104165,12.759328609985955
2026-02-06,86,Jules,22.496949093201447,2.6804159659653544,14.455701195305384
2026-02-06,86,BenjaminC,29.723300145636344,4.816403608690859,15.274089319563767
2026-02-06,86,LaureS,17.96977742813994,6.969376769030449,-2.9383528789514095
2026-02-06,86,Sabine,23.297326809480968,7.637835477578097,0.3838203767466766
2026-02-06,86,Loïc,14.902103714461822,6.47227394226716,-4.51471811233966
2026-02-06,86,JulieB,21.891677369701625,7.7743633497703355,-1.4314126796093802
2026-02-06,86,ThéoM,20.528753719957052,6.582888819235465,0.7800872622506567
2026-02-06,86,EmmanuelP,12.779045224687195,5.350508357854062,-3.272479848874994
2026-02-06,86,BenjaminZ,31.995692852023776,6.937596400211896,11.182903651388088
2026-02-06,86,Maximilien,28.646275072060796,6.270076131840543,9.836046676539166
2026-02-06,87,NathV,24.674210402633797,6.82595709168106,4.196339127590619
2026-02-06,87,Lily,30.237798766749577,2.6205735345543437,22.376078163086547
2026-02-06,87,Roland,28.241256185430895,3.616033042948468,17.39315705658549
2026-02-06,87,Rémi,36.53122380895419,2.7548610340236706,28.266640706883177
2026-02-06,87,ManonV,14.98350559978419,3.7769952929926927,3.6525197208061115
2026-02-06,87,Lilou,17.784299493034062,2.30976682418768,10.854999020471022
2026-02-06,87,Paul,19.124878836900336,2.493878218518359,11.64324418134526
2026-02-06,87,Raphaël,33.25380558081411,2.7107822261396803,25.12145890239507
2026-02-06,87,Julia,27.36161702685517,6.023366363963347,9.291517934965132
2026-02-06,87,Armelle,23.962009793317204,3.7342270611104165,12.759328609985955
2026-02-06,87,Jules,23.334582992324854,2.6081878764498923,15.510019362975179
2026-02-06,87,BenjaminC,29.723300145636344,4.816403608690859,15.274089319563767
2026-02-06,87,LaureS,17.96977742813994,6.969376769030449,-2.9383528789514095
2026-02-06,87,Sabine,23.297326809480968,7.637835477578097,0.3838203767466766
2026-02-06,87,Loïc,14.902103714461822,6.47227394226716,-4.51471811233966
2026-02-06,87,JulieB,21.891677369701625,7.7743633497703355,-1.4314126796093802
2026-02-06,87,ThéoM,20.528753719957052,6.582888819235465,0.7800872622506567
2026-02-06,87,EmmanuelP,12.779045224687195,5.350508357854062,-3.272479848874994
2026-02-06,87,BenjaminZ,31.995692852023776,6.937596400211896,11.182903651388088
2026-02-06,87,Maximilien,28.646275072060796,6.270076131840543,9.836046676539166
2026-02-06,88,NathV,24.674210402633797,6.82595709168106,4.196339127590619
2026-02-06,88,Lily,30.88143670398523,2.5578385519753533,23.20792104805917
2026-02-06,88,Roland,28.241256185430895,3.616033042948468,17.39315705658549
2026-02-06,88,Rémi,35.8199994964706,2.6816129410660974,27.77516067327231
2026-02-06,88,ManonV,14.98350559978419,3.7769952929926927,3.6525197208061115
2026-02-06,88,Lilou,17.284136900317048,2.2675091796212237,10.481609361453376
2026-02-06,88,Paul,19.124878836900336,2.493878218518359,11.64324418134526
2026-02-06,88,Raphaël,33.25380558081411,2.7107822261396803,25.12145890239507
2026-02-06,88,Julia,27.36161702685517,6.023366363963347,9.291517934965132
2026-02-06,88,Armelle,23.962009793317204,3.7342270611104165,12.759328609985955
2026-02-06,88,Jules,23.97215736646244,2.5463697308229936,16.33304817399346
2026-02-06,88,BenjaminC,29.723300145636344,4.816403608690859,15.274089319563767
2026-02-06,88,LaureS,17.96977742813994,6.969376769030449,-2.9383528789514095
2026-02-06,88,Sabine,23.297326809480968,7.637835477578097,0.3838203767466766
2026-02-06,88,Loïc,14.902103714461822,6.47227394226716,-4.51471811233966
2026-02-06,88,JulieB,21.891677369701625,7.7743633497703355,-1.4314126796093802
2026-02-06,88,ThéoM,20.528753719957052,6.582888819235465,0.7800872622506567
2026-02-06,88,EmmanuelP,12.779045224687195,5.350508357854062,-3.272479848874994
2026-02-06,88,BenjaminZ,31.995692852023776,6.937596400211896,11.182903651388088
2026-02-06,88,Maximilien,28.646275072060796,6.270076131840543,9.836046676539166
2026-02-06,89,NathV,24.674210402633797,6.82595709168106,4.196339127590619
2026-02-06,89,Lily,30.88143670398523,2.5578385519753533,23.20792104805917
2026-02-06,89,Roland,28.241256185430895,3.616033042948468,17.39315705658549
2026-02-06,89,Rémi,36.08634091420405,2.651254117116009,28.132578562856025
2026-02-06,89,ManonV,14.98350559978419,3.7769952929926927,3.6525197208061115
2026-02-06,89,Lilou,17.09362960554232,2.2499241516075053,10.343857150719803
2026-02-06,89,Paul,19.124878836900336,2.493878218518359,11.64324418134526
2026-02-06,89,Raphaël,32.981644004493006,2.6793620204033073,24.943557943283082
2026-02-06,89,Julia,27.36161702685517,6.023366363963347,9.291517934965132
2026-02-06,89,Armelle,23.962009793317204,3.7342270611104165,12.759328609985955
2026-02-06,89,Jules,23.97215736646244,2.5463697308229936,16.33304817399346
2026-02-06,89,BenjaminC,29.723300145636344,4.816403608690859,15.274089319563767
2026-02-06,89,LaureS,17.96977742813994,6.969376769030449,-2.9383528789514095
2026-02-06,89,Sabine,25.456162637866747,6.873900930690948,4.834459845793901
2026-02-06,89,Loïc,14.902103714461822,6.47227394226716,-4.51471811233966
2026-02-06,89,JulieB,21.891677369701625,7.7743633497703355,-1.4314126796093802
2026-02-06,89,ThéoM,20.528753719957052,6.582888819235465,0.7800872622506567
2026-02-06,89,EmmanuelP,12.779045224687195,5.350508357854062,-3.272479848874994
2026-02-06,89,BenjaminZ,31.995692852023776,6.937596400211896,11.182903651388088
2026-02-06,89,Maximilien,28.646275072060796,6.270076131840543,9.836046676539166
2026-02-06,90,NathV,24.674210402633797,6.82595709168106,4.196339127590619
2026-02-06,90,Lily,30.064617056397076,2.492236095103211,22.58790877108744
2026-02-06,90,Roland,28.241256185430895,3.616033042948468,17.39315705658549
2026-02-06,90,Rémi,36.08634091420405,2.651254117116009,28.132578562856025
2026-02-06,90,ManonV,14.98350559978419,3.7769952929926927,3.6525197208061115
2026-02-06,90,Lilou,17.72582352814509,2.2060114037437453,11.107789316913852
2026-02-06,90,Paul,19.124878836900336,2.493878218518359,11.64324418134526
2026-02-06,90,Raphaël,33.87783770427197,2.6036037714691744,26.067026389864445
2026-02-06,90,Julia,27.36161702685517,6.023366363963347,9.291517934965132
2026-02-06,90,Armelle,23.962009793317204,3.7342270611104165,12.759328609985955
2026-02-06,90,Jules,23.162638450055045,2.4816770312811713,15.71760735621153
2026-02-06,90,BenjaminC,29.723300145636344,4.816403608690859,15.274089319563767
2026-02-06,90,LaureS,17.96977742813994,6.969376769030449,-2.9383528789514095
2026-02-06,90,Sabine,25.456162637866747,6.873900930690948,4.834459845793901
2026-02-06,90,Loïc,14.902103714461822,6.47227394226716,-4.51471811233966
2026-02-06,90,JulieB,21.891677369701625,7.7743633497703355,-1.4314126796093802
2026-02-06,90,ThéoM,20.528753719957052,6.582888819235465,0.7800872622506567
2026-02-06,90,EmmanuelP,12.779045224687195,5.350508357854062,-3.272479848874994
2026-02-06,90,BenjaminZ,31.995692852023776,6.937596400211896,11.182903651388088
2026-02-06,90,Maximilien,28.646275072060796,6.270076131840543,9.836046676539166
2026-02-06,91,NathV,24.674210402633797,6.82595709168106,4.196339127590619
2026-02-06,91,Lily,30.07591339069802,2.489962203300426,22.60602678079674
2026-02-06,91,Roland,28.241256185430895,3.616033042948468,17.39315705658549
2026-02-06,91,Rémi,36.099123109384315,2.6481495569639635,28.154674438492425
2026-02-06,91,ManonV,14.98350559978419,3.7769952929926927,3.6525197208061115
2026-02-06,91,Lilou,17.716970156738626,2.205041129139119,11.101846769321268
2026-02-06,91,Paul,19.124878836900336,2.493878218518359,11.64324418134526
2026-02-06,91,Raphaël,33.87783770427197,2.6036037714691744,26.067026389864445
2026-02-06,91,Julia,27.36161702685517,6.023366363963347,9.291517934965132
2026-02-06,91,Armelle,23.962009793317204,3.7342270611104165,12.759328609985955
2026-02-06,91,Jules,23.151437526544637,2.4794554412465435,15.713071202805006
2026-02-06,91,BenjaminC,29.723300145636344,4.816403608690859,15.274089319563767
2026-02-06,91,LaureS,17.96977742813994,6.969376769030449,-2.9383528789514095
2026-02-06,91,Sabine,25.456162637866747,6.873900930690948,4.834459845793901
2026-02-06,91,Loïc,14.902103714461822,6.47227394226716,-4.51471811233966
2026-02-06,91,JulieB,21.891677369701625,7.7743633497703355,-1.4314126796093802
2026-02-06,91,ThéoM,20.528753719957052,6.582888819235465,0.7800872622506567
2026-02-06,91,EmmanuelP,12.779045224687195,5.350508357854062,-3.272479848874994
2026-02-06,91,BenjaminZ,31.995692852023776,6.937596400211896,11.182903651388088
2026-02-06,91,Maximilien,28.646275072060796,6.270076131840543,9.836046676539166
2026-02-06,92,NathV,24.674210402633797,6.82595709168106,4.196339127590619
2026-02-06,92,Lily,31.20676619923852,2.421738206350528,23.941551580186935
2026-02-06,92,Roland,28.241256185430895,3.616033042948468,17.39315705658549
2026-02-06,92,Rémi,34.82018576681663,2.5655710979782413,27.123472472881904
2026-02-06,92,ManonV,14.98350559978419,3.7769952929926927,3.6525197208061115
2026-02-06,92,Lilou,18.604100886485377,2.158392116321631,12.128924537520483
2026-02-06,92,Paul,19.124878836900336,2.493878218518359,11.64324418134526
2026-02-06,92,Raphaël,33.87783770427197,2.6036037714691744,26.067026389864445
2026-02-06,92,Julia,27.36161702685517,6.023366363963347,9.291517934965132
2026-02-06,92,Armelle,23.962009793317204,3.7342270611104165,12.759328609985955
2026-02-06,92,Jules,22.030097527299716,2.4121222562100715,14.793730758669502
2026-02-06,92,BenjaminC,29.723300145636344,4.816403608690859,15.274089319563767
2026-02-06,92,LaureS,17.96977742813994,6.969376769030449,-2.9383528789514095
2026-02-06,92,Sabine,25.456162637866747,6.873900930690948,4.834459845793901
2026-02-06,92,Loïc,14.902103714461822,6.47227394226716,-4.51471811233966
2026-02-06,92,JulieB,21.891677369701625,7.7743633497703355,-1.4314126796093802
2026-02-06,92,ThéoM,20.528753719957052,6.582888819235465,0.7800872622506567
2026-02-06,92,EmmanuelP,12.779045224687195,5.350508357854062,-3.272479848874994
2026-02-06,92,BenjaminZ,31.995692852023776,6.937596400211896,11.182903651388088
2026-02-06,92,Maximilien,28.646275072060796,6.270076131840543,9.836046676539166
2026-02-06,93,NathV,24.674210402633797,6.82595709168106,4.196339127590619
2026-02-06,93,Lily,31.36026295442236,2.3970265531038386,24.169183295110845
2026-02-06,93,Roland,28.241256185430895,3.616033042948468,17.39315705658549
2026-02-06,93,Rémi,34.64793667504661,2.5358238074877164,27.04046525258346
2026-02-06,93,ManonV,14.98350559978419,3.7769952929926927,3.6525197208061115
2026-02-06,93,Lilou,18.482134974506522,2.1415027746935333,12.057626650425922
2026-02-06,93,Paul,19.124878836900336,2.493878218518359,11.64324418134526
2026-02-06,93,Raphaël,34.055226155023796,2.572428545487737,26.337940518560586
2026-02-06,93,Julia,27.36161702685517,6.023366363963347,9.291517934965132
2026-02-06,93,Armelle,23.962009793317204,3.7342270611104165,12.759328609985955
2026-02-06,93,Jules,22.030097527299716,2.4121222562100715,14.793730758669502
2026-02-06,93,BenjaminC,29.723300145636344,4.816403608690859,15.274089319563767
2026-02-06,93,LaureS,17.96977742813994,6.969376769030449,-2.9383528789514095
2026-02-06,93,Sabine,25.456162637866747,6.873900930690948,4.834459845793901
2026-02-06,93,Loïc,14.902103714461822,6.47227394226716,-4.51471811233966
2026-02-06,93,JulieB,21.891677369701625,7.7743633497703355,-1.4314126796093802
2026-02-06,93,ThéoM,20.528753719957052,6.582888819235465,0.7800872622506567
2026-02-06,93,EmmanuelP,12.779045224687195,5.350508357854062,-3.272479848874994
2026-02-06,93,BenjaminZ,31.995692852023776,6.937596400211896,11.182903651388088
2026-02-06,93,Maximilien,28.646275072060796,6.270076131840543,9.836046676539166
2026-02-06,94,NathV,24.674210402633797,6.82595709168106,4.196339127590619
2026-02-06,94,Lily,31.550122158751567,2.3693033545325153,24.44221209515402
2026-02-06,94,Roland,28.241256185430895,3.616033042948468,17.39315705658549
2026-02-06,94,Rémi,34.86039232862125,2.502636224800437,27.35248365421994
2026-02-06,94,ManonV,14.98350559978419,3.7769952929926927,3.6525197208061115
2026-02-06,94,Lilou,18.482134974506522,2.1415027746935333,12.057626650425922
2026-02-06,94,Paul,19.124878836900336,2.493878218518359,11.64324418134526
2026-02-06,94,Raphaël,33.836599281428335,2.537697727584748,26.22350609867409
2026-02-06,94,Julia,27.36161702685517,6.023366363963347,9.291517934965132
2026-02-06,94,Armelle,23.962009793317204,3.7342270611104165,12.759328609985955
2026-02-06,94,Jules,21.83784234431159,2.3838337494321316,14.686341096015195
2026-02-06,94,BenjaminC,29.723300145636344,4.816403608690859,15.274089319563767
2026-02-06,94,LaureS,17.96977742813994,6.969376769030449,-2.9383528789514095
2026-02-06,94,Sabine,25.456162637866747,6.873900930690948,4.834459845793901
2026-02-06,94,Loïc,14.902103714461822,6.47227394226716,-4.51471811233966
2026-02-06,94,JulieB,21.891677369701625,7.7743633497703355,-1.4314126796093802
2026-02-06,94,ThéoM,20.528753719957052,6.582888819235465,0.7800872622506567
2026-02-06,94,EmmanuelP,12.779045224687195,5.350508357854062,-3.272479848874994
2026-02-06,94,BenjaminZ,31.995692852023776,6.937596400211896,11.182903651388088
2026-02-06,94,Maximilien,28.646275072060796,6.270076131840543,9.836046676539166
2026-02-06,95,NathV,24.674210402633797,6.82595709168106,4.196339127590619
2026-02-06,95,Lily,31.55779840908378,2.3682673969982466,24.45299621808904
2026-02-06,95,Roland,28.241256185430895,3.616033042948468,17.39315705658549
2026-02-06,95,Rémi,34.86895575537183,2.50107620425758,27.365727142599088
2026-02-06,95,ManonV,14.98350559978419,3.7769952929926927,3.6525197208061115
2026-02-06,95,Lilou,18.47586211894726,2.141276214086299,12.052033476688361
2026-02-06,95,Paul,19.124878836900336,2.493878218518359,11.64324418134526
2026-02-06,95,Raphaël,33.836599281428335,2.537697727584748,26.22350609867409
2026-02-06,95,Julia,27.36161702685517,6.023366363963347,9.291517934965132
2026-02-06,95,Armelle,23.962009793317204,3.7342270611104165,12.759328609985955
2026-02-06,95,Jules,21.830071768585643,2.3827426110612966,14.681843935401753
2026-02-06,95,BenjaminC,29.723300145636344,4.816403608690859,15.274089319563767
2026-02-06,95,LaureS,17.96977742813994,6.969376769030449,-2.9383528789514095
2026-02-06,95,Sabine,25.456162637866747,6.873900930690948,4.834459845793901
2026-02-06,95,Loïc,14.902103714461822,6.47227394226716,-4.51471811233966
2026-02-06,95,JulieB,21.891677369701625,7.7743633497703355,-1.4314126796093802
2026-02-06,95,ThéoM,20.528753719957052,6.582888819235465,0.7800872622506567
2026-02-06,95,EmmanuelP,12.779045224687195,5.350508357854062,-3.272479848874994
2026-02-06,95,BenjaminZ,31.995692852023776,6.937596400211896,11.182903651388088
2026-02-06,95,Maximilien,28.646275072060796,6.270076131840543,9.836046676539166
2026-02-06,96,NathV,24.674210402633797,6.82595709168106,4.196339127590619
2026-02-06,96,Lily,31.56789392605033,2.3665762542826427,24.468165163202404
2026-02-06,96,Roland,28.241256185430895,3.616033042948468,17.39315705658549
2026-02-06,96,Rémi,34.86895575537183,2.50107620425758,27.365727142599088
2026-02-06,96,ManonV,14.98350559978419,3.7769952929926927,3.6525197208061115
2026-02-06,96,Lilou,18.4676068284675,2.1405631470914734,12.045917387193079
2026-02-06,96,Paul,19.124878836900336,2.493878218518359,11.64324418134526
2026-02-06,96,Raphaël,33.848189124256834,2.535182162715574,26.242642636110112
2026-02-06,96,Julia,27.36161702685517,6.023366363963347,9.291517934965132
2026-02-06,96,Armelle,23.962009793317204,3.7342270611104165,12.759328609985955
2026-02-06,96,Jules,21.819852616845424,2.380984375996722,14.676899488855257
2026-02-06,96,BenjaminC,29.723300145636344,4.816403608690859,15.274089319563767
2026-02-06,96,LaureS,17.96977742813994,6.969376769030449,-2.9383528789514095
2026-02-06,96,Sabine,25.456162637866747,6.873900930690948,4.834459845793901
2026-02-06,96,Loïc,14.902103714461822,6.47227394226716,-4.51471811233966
2026-02-06,96,JulieB,21.891677369701625,7.7743633497703355,-1.4314126796093802
2026-02-06,96,ThéoM,20.528753719957052,6.582888819235465,0.7800872622506567
2026-02-06,96,EmmanuelP,12.779045224687195,5.350508357854062,-3.272479848874994
2026-02-06,96,BenjaminZ,31.995692852023776,6.937596400211896,11.182903651388088
2026-02-06,96,Maximilien,28.646275072060796,6.270076131840543,9.836046676539166
2026-02-06,97,NathV,24.674210402633797,6.82595709168106,4.196339127590619
2026-02-06,97,Lily,31.56789392605033,2.3665762542826427,24.468165163202404
2026-02-06,97,Roland,28.241256185430895,3.616033042948468,17.39315705658549
2026-02-06,97,Rémi,34.87346153047773,2.500788860004281,27.371094950464883
2026-02-06,97,ManonV,14.98350559978419,3.7769952929926927,3.6525197208061115
2026-02-06,97,Lilou,18.464305052532932,2.141133869021276,12.040903445469105
2026-02-06,97,Paul,19.124878836900336,2.493878218518359,11.64324418134526
2026-02-06,97,Raphaël,33.85281848615398,2.5348067460240573,26.248398248081806
2026-02-06,97,Julia,27.36161702685517,6.023366363963347,9.291517934965132
2026-02-06,97,Armelle,23.962009793317204,3.7342270611104165,12.759328609985955
2026-02-06,97,Jules,21.815768684321547,2.380996704831421,14.672778569827285
2026-02-06,97,BenjaminC,29.723300145636344,4.816403608690859,15.274089319563767
2026-02-06,97,LaureS,17.96977742813994,6.969376769030449,-2.9383528789514095
2026-02-06,97,Sabine,25.456162637866747,6.873900930690948,4.834459845793901
2026-02-06,97,Loïc,14.902103714461822,6.47227394226716,-4.51471811233966
2026-02-06,97,JulieB,21.891677369701625,7.7743633497703355,-1.4314126796093802
2026-02-06,97,ThéoM,20.528753719957052,6.582888819235465,0.7800872622506567
2026-02-06,97,EmmanuelP,12.779045224687195,5.350508357854062,-3.272479848874994
2026-02-06,97,BenjaminZ,31.995692852023776,6.937596400211896,11.182903651388088
2026-02-06,97,Maximilien,28.646275072060796,6.270076131840543,9.836046676539166
2026-02-06,98,NathV,24.674210402633797,6.82595709168106,4.196339127590619
2026-02-06,98,Lily,32.03424321513427,2.321549937091679,25.06959340385923
2026-02-06,98,Roland,28.241256185430895,3.616033042948468,17.39315705658549
2026-02-06,98,Rémi,34.87346153047773,2.500788860004281,27.371094950464883
2026-02-06,98,ManonV,14.98350559978419,3.7769952929926927,3.6525197208061115
2026-02-06,98,Lilou,18.08246879966579,2.108371364977015,11.757354704734745
2026-02-06,98,Paul,19.124878836900336,2.493878218518359,11.64324418134526
2026-02-06,98,Raphaël,33.3178958247155,2.4789758707632044,25.880968212425884
2026-02-06,98,Julia,27.36161702685517,6.023366363963347,9.291517934965132
2026-02-06,98,Armelle,23.962009793317204,3.7342270611104165,12.759328609985955
2026-02-06,98,Jules,22.287811516742142,2.3351016933798365,15.282506436602633
2026-02-06,98,BenjaminC,29.723300145636344,4.816403608690859,15.274089319563767
2026-02-06,98,LaureS,17.96977742813994,6.969376769030449,-2.9383528789514095
2026-02-06,98,Sabine,25.456162637866747,6.873900930690948,4.834459845793901
2026-02-06,98,Loïc,14.902103714461822,6.47227394226716,-4.51471811233966
2026-02-06,98,JulieB,21.891677369701625,7.7743633497703355,-1.4314126796093802
2026-02-06,98,ThéoM,20.528753719957052,6.582888819235465,0.7800872622506567
2026-02-06,98,EmmanuelP,12.779045224687195,5.350508357854062,-3.272479848874994
2026-02-06,98,BenjaminZ,31.995692852023776,6.937596400211896,11.182903651388088
2026-02-06,98,Maximilien,28.646275072060796,6.270076131840543,9.836046676539166
2026-02-06,99,NathV,24.674210402633797,6.82595709168106,4.196339127590619
2026-02-06,99,Lily,32.1822875077967,2.299185578636463,25.28473077188731
2026-02-06,99,Roland,28.241256185430895,3.616033042948468,17.39315705658549
2026-02-06,99,Rémi,35.04521772721734,2.472336549351759,27.628208079162064
2026-02-06,99,ManonV,14.98350559978419,3.7769952929926927,3.6525197208061115
2026-02-06,99,Lilou,18.08246879966579,2.108371364977015,11.757354704734745
2026-02-06,99,Paul,19.124878836900336,2.493878218518359,11.64324418134526
2026-02-06,99,Raphaël,33.149119519090945,2.451312006973786,25.795183498169585
2026-02-06,99,Julia,27.36161702685517,6.023366363963347,9.291517934965132
2026-02-06,99,Armelle,23.962009793317204,3.7342270611104165,12.759328609985955
2026-02-06,99,Jules,22.138036030164297,2.31230745759657,15.201113657374588
2026-02-06,99,BenjaminC,29.723300145636344,4.816403608690859,15.274089319563767
2026-02-06,99,LaureS,17.96977742813994,6.969376769030449,-2.9383528789514095
2026-02-06,99,Sabine,25.456162637866747,6.873900930690948,4.834459845793901
2026-02-06,99,Loïc,14.902103714461822,6.47227394226716,-4.51471811233966
2026-02-06,99,JulieB,21.891677369701625,7.7743633497703355,-1.4314126796093802
2026-02-06,99,ThéoM,20.528753719957052,6.582888819235465,0.7800872622506567
2026-02-06,99,EmmanuelP,12.779045224687195,5.350508357854062,-3.272479848874994
2026-02-06,99,BenjaminZ,31.995692852023776,6.937596400211896,11.182903651388088
2026-02-06,99,Maximilien,28.646275072060796,6.270076131840543,9.836046676539166
2026-02-06,100,NathV,24.674210402633797,6.82595709168106,4.196339127590619
2026-02-06,100,Lily,32.1822875077967,2.299185578636463,25.28473077188731
2026-02-06,100,Roland,28.241256185430895,3.616033042948468,17.39315705658549
2026-02-06,100,Rémi,34.58091898093517,2.4226509047735565,27.312966266614495
2026-02-06,100,ManonV,14.98350559978419,3.7769952929926927,3.6525197208061115
2026-02-06,100,Lilou,17.744667467247847,2.078403070186831,11.509458256687354
2026-02-06,100,Paul,19.124878836900336,2.493878218518359,11.64324418134526
2026-02-06,100,Raphaël,33.60556405007756,2.402938151120586,26.396749596715804
2026-02-06,100,Julia,27.36161702685517,6.023366363963347,9.291517934965132
2026-02-06,100,Armelle,23.962009793317204,3.7342270611104165,12.759328609985955
2026-02-06,100,Jules,22.54423990769486,2.2720562265692537,15.728071227987098
2026-02-06,100,BenjaminC,29.723300145636344,4.816403608690859,15.274089319563767
2026-02-06,100,LaureS,17.96977742813994,6.969376769030449,-2.9383528789514095
2026-02-06,100,Sabine,25.456162637866747,6.873900930690948,4.834459845793901
2026-02-06,100,Loïc,14.902103714461822,6.47227394226716,-4.51471811233966
2026-02-06,100,JulieB,21.891677369701625,7.7743633497703355,-1.4314126796093802
2026-02-06,100,ThéoM,20.528753719957052,6.582888819235465,0.7800872622506567
2026-02-06,100,EmmanuelP,12.779045224687195,5.350508357854062,-3.272479848874994
2026-02-06,100,BenjaminZ,31.995692852023776,6.937596400211896,11.182903651388088
2026-02-06,100,Maximilien,28.646275072060796,6.270076131840543,9.836046676539166
2026-02-06,101,NathV,24.674210402633797,6.82595709168106,4.196339127590619
2026-02-06,101,Lily,32.28718770178586,2.2817117931587174,25.442052322309706
2026-02-06,101,Roland,28.241256185430895,3.616033042948468,17.39315705658549
2026-02-06,101,Rémi,34.46446527441155,2.40186900464004,27.258858260491433
2026-02-06,101,ManonV,14.98350559978419,3.7769952929926927,3.6525197208061115
2026-02-06,101,Lilou,17.658921194678257,2.0660544108153727,11.460757962232138
2026-02-06,101,Paul,19.124878836900336,2.493878218518359,11.64324418134526
2026-02-06,101,Raphaël,33.72013256403737,2.382706860692424,26.5720119819601
2026-02-06,101,Julia,27.36161702685517,6.023366363963347,9.291517934965132
2026-02-06,101,Armelle,23.962009793317204,3.7342270611104165,12.759328609985955
2026-02-06,101,Jules,22.54423990769486,2.2720562265692537,15.728071227987098
2026-02-06,101,BenjaminC,29.723300145636344,4.816403608690859,15.274089319563767
2026-02-06,101,LaureS,17.96977742813994,6.969376769030449,-2.9383528789514095
2026-02-06,101,Sabine,25.456162637866747,6.873900930690948,4.834459845793901
2026-02-06,101,Loïc,14.902103714461822,6.47227394226716,-4.51471811233966
2026-02-06,101,JulieB,21.891677369701625,7.7743633497703355,-1.4314126796093802
2026-02-06,101,ThéoM,20.528753719957052,6.582888819235465,0.7800872622506567
2026-02-06,101,EmmanuelP,12.779045224687195,5.350508357854062,-3.272479848874994
2026-02-06,101,BenjaminZ,31.995692852023776,6.937596400211896,11.182903651388088
2026-02-06,101,Maximilien,28.646275072060796,6.270076131840543,9.836046676539166
2026-02-06,102,NathV,24.674210402633797,6.82595709168106,4.196339127590619
2026-02-06,102,Lily,32.29444962867811,2.280934435493157,25.451646322198638
2026-02-06,102,Roland,28.241256185430895,3.616033042948468,17.39315705658549
2026-02-06,102,Rémi,34.46446527441155,2.40186900464004,27.258858260491433
2026-02-06,102,ManonV,14.98350559978419,3.7769952929926927,3.6525197208061115
2026-02-06,102,Lilou,17.65296538423964,2.0660272295479003,11.454883695595939
2026-02-06,102,Paul,19.124878836900336,2.493878218518359,11.64324418134526
2026-02-06,102,Raphaël,33.72805071034577,2.3815464380543494,26.583411396182722
2026-02-06,102,Julia,27.36161702685517,6.023366363963347,9.291517934965132
2026-02-06,102,Armelle,23.962009793317204,3.7342270611104165,12.759328609985955
2026-02-06,102,Jules,22.537039229951016,2.2713143584152875,15.723096154705154
2026-02-06,102,BenjaminC,29.723300145636344,4.816403608690859,15.274089319563767
2026-02-06,102,LaureS,17.96977742813994,6.969376769030449,-2.9383528789514095
2026-02-06,102,Sabine,25.456162637866747,6.873900930690948,4.834459845793901
2026-02-06,102,Loïc,14.902103714461822,6.47227394226716,-4.51471811233966
2026-02-06,102,JulieB,21.891677369701625,7.7743633497703355,-1.4314126796093802
2026-02-06,102,ThéoM,20.528753719957052,6.582888819235465,0.7800872622506567
2026-02-06,102,EmmanuelP,12.779045224687195,5.350508357854062,-3.272479848874994
2026-02-06,102,BenjaminZ,31.995692852023776,6.937596400211896,11.182903651388088
2026-02-06,102,Maximilien,28.646275072060796,6.270076131840543,9.836046676539166
2026-02-06,103,NathV,24.674210402633797,6.82595709168106,4.196339127590619
2026-02-06,103,Lily,31.70840645793624,2.234711245933211,25.004272720136605
2026-02-06,103,Roland,28.241256185430895,3.616033042948468,17.39315705658549
2026-02-06,103,Rémi,35.11421455588289,2.3475112649134706,28.071680761142478
2026-02-06,103,ManonV,14.98350559978419,3.7769952929926927,3.6525197208061115
2026-02-06,103,Lilou,18.13391853132193,2.0322782669726123,12.037083730404095
2026-02-06,103,Paul,19.124878836900336,2.493878218518359,11.64324418134526
2026-02-06,103,Raphaël,33.72805071034577,2.3815464380543494,26.583411396182722
2026-02-06,103,Julia,27.36161702685517,6.023366363963347,9.291517934965132
2026-02-06,103,Armelle,23.962009793317204,3.7342270611104165,12.759328609985955
2026-02-06,103,Jules,21.955922454347046,2.2257026061922356,15.27881463577034
2026-02-06,103,BenjaminC,29.723300145636344,4.816403608690859,15.274089319563767
2026-02-06,103,LaureS,17.96977742813994,6.969376769030449,-2.9383528789514095
2026-02-06,103,Sabine,25.456162637866747,6.873900930690948,4.834459845793901
2026-02-06,103,Loïc,14.902103714461822,6.47227394226716,-4.51471811233966
2026-02-06,103,JulieB,21.891677369701625,7.7743633497703355,-1.4314126796093802
2026-02-06,103,ThéoM,20.528753719957052,6.582888819235465,0.7800872622506567
2026-02-06,103,EmmanuelP,12.779045224687195,5.350508357854062,-3.272479848874994
2026-02-06,103,BenjaminZ,31.995692852023776,6.937596400211896,11.182903651388088
2026-02-06,103,Maximilien,28.646275072060796,6.270076131840543,9.836046676539166
2026-02-06,104,NathV,24.674210402633797,6.82595709168106,4.196339127590619
2026-02-06,104,Lily,31.82824146827708,2.216337165562876,25.179229971588455
2026-02-06,104,Roland,28.241256185430895,3.616033042948468,17.39315705658549
2026-02-06,104,Rémi,34.981993783386805,2.325883919572389,28.00434202466964
2026-02-06,104,ManonV,14.98350559978419,3.7769952929926927,3.6525197208061115
2026-02-06,104,Lilou,18.03478208563847,2.019003518617695,11.977771529785382
2026-02-06,104,Paul,19.124878836900336,2.493878218518359,11.64324418134526
2026-02-06,104,Raphaël,33.86412839693902,2.3588761288482627,26.787500010394233
2026-02-06,104,Julia,27.36161702685517,6.023366363963347,9.291517934965132
2026-02-06,104,Armelle,23.962009793317204,3.7342270611104165,12.759328609985955
2026-02-06,104,Jules,21.955922454347046,2.2257026061922356,15.27881463577034
2026-02-06,104,BenjaminC,29.723300145636344,4.816403608690859,15.274089319563767
2026-02-06,104,LaureS,17.96977742813994,6.969376769030449,-2.9383528789514095
2026-02-06,104,Sabine,25.456162637866747,6.873900930690948,4.834459845793901
2026-02-06,104,Loïc,14.902103714461822,6.47227394226716,-4.51471811233966
2026-02-06,104,JulieB,21.891677369701625,7.7743633497703355,-1.4314126796093802
2026-02-06,104,ThéoM,20.528753719957052,6.582888819235465,0.7800872622506567
2026-02-06,104,EmmanuelP,12.779045224687195,5.350508357854062,-3.272479848874994
2026-02-06,104,BenjaminZ,31.995692852023776,6.937596400211896,11.182903651388088
2026-02-06,104,Maximilien,28.646275072060796,6.270076131840543,9.836046676539166
2026-02-06,105,NathV,24.674210402633797,6.82595709168106,4.196339127590619
2026-02-06,105,Lily,31.792864767304827,2.209738405266269,25.16364955150602
2026-02-06,105,Roland,28.241256185430895,3.616033042948468,17.39315705658549
2026-02-06,105,Rémi,35.02094897523386,2.317940002284551,28.067128968380203
2026-02-06,105,ManonV,14.98350559978419,3.7769952929926927,3.6525197208061115
2026-02-06,105,Lilou,18.005416037214978,2.0145494396653594,11.9617677182189
2026-02-06,105,Paul,19.124878836900336,2.493878218518359,11.64324418134526
2026-02-06,105,Raphaël,33.904195143593924,2.3505040265019863,26.852683064087966
2026-02-06,105,Julia,27.36161702685517,6.023366363963347,9.291517934965132
2026-02-06,105,Armelle,23.962009793317204,3.7342270611104165,12.759328609985955
2026-02-06,105,Jules,21.955922454347046,2.2257026061922356,15.27881463577034
2026-02-06,105,BenjaminC,29.723300145636344,4.816403608690859,15.274089319563767
2026-02-06,105,LaureS,17.96977742813994,6.969376769030449,-2.9383528789514095
2026-02-06,105,Sabine,25.456162637866747,6.873900930690948,4.834459845793901
2026-02-06,105,Loïc,14.902103714461822,6.47227394226716,-4.51471811233966
2026-02-06,105,JulieB,21.891677369701625,7.7743633497703355,-1.4314126796093802
2026-02-06,105,ThéoM,20.528753719957052,6.582888819235465,0.7800872622506567
2026-02-06,105,EmmanuelP,12.779045224687195,5.350508357854062,-3.272479848874994
2026-02-06,105,BenjaminZ,31.995692852023776,6.937596400211896,11.182903651388088
2026-02-06,105,Maximilien,28.646275072060796,6.270076131840543,9.836046676539166
2026-02-06,106,NathV,24.674210402633797,6.82595709168106,4.196339127590619
2026-02-06,106,Lily,31.792864767304827,2.209738405266269,25.16364955150602
2026-02-06,106,Roland,28.241256185430895,3.616033042948468,17.39315705658549
2026-02-06,106,Rémi,35.0238556051271,2.318382613354779,28.068707765062765
2026-02-06,106,ManonV,14.98350559978419,3.7769952929926927,3.6525197208061115
2026-02-06,106,Lilou,18.003219580013987,2.0155793611774686,11.956481496481581
2026-02-06,106,Paul,19.124878836900336,2.493878218518359,11.64324418134526
2026-02-06,106,Raphaël,33.90718390968852,2.350880869164288,26.854541302195656
2026-02-06,106,Julia,27.36161702685517,6.023366363963347,9.291517934965132
2026-02-06,106,Armelle,23.962009793317204,3.7342270611104165,12.759328609985955
2026-02-06,106,Jules,21.953242255298118,2.226328082933896,15.274258006496432
2026-02-06,106,BenjaminC,29.723300145636344,4.816403608690859,15.274089319563767
2026-02-06,106,LaureS,17.96977742813994,6.969376769030449,-2.9383528789514095
2026-02-06,106,Sabine,25.456162637866747,6.873900930690948,4.834459845793901
2026-02-06,106,Loïc,14.902103714461822,6.47227394226716,-4.51471811233966
2026-02-06,106,JulieB,21.891677369701625,7.7743633497703355,-1.4314126796093802
2026-02-06,106,ThéoM,20.528753719957052,6.582888819235465,0.7800872622506567
2026-02-06,106,EmmanuelP,12.779045224687195,5.350508357854062,-3.272479848874994
2026-02-06,106,BenjaminZ,31.995692852023776,6.937596400211896,11.182903651388088
2026-02-06,106,Maximilien,28.646275072060796,6.270076131840543,9.836046676539166
2026-02-06,107,NathV,24.674210402633797,6.82595709168106,4.196339127590619
2026-02-06,107,Lily,32.88335044220254,2.158745470290459,26.40711403133116
2026-02-06,107,Roland,28.241256185430895,3.616033042948468,17.39315705658549
2026-02-06,107,Rémi,33.82366007716475,2.2591129399395427,27.046321257346126
2026-02-06,107,ManonV,14.98350559978419,3.7769952929926927,3.6525197208061115
2026-02-06,107,Lilou,18.003219580013987,2.0155793611774686,11.956481496481581
2026-02-06,107,Paul,19.124878836900336,2.493878218518359,11.64324418134526
2026-02-06,107,Raphaël,32.673148451117655,2.2889784221923093,25.806213184540727
2026-02-06,107,Julia,27.36161702685517,6.023366363963347,9.291517934965132
2026-02-06,107,Armelle,23.962009793317204,3.7342270611104165,12.759328609985955
2026-02-06,107,Jules,23.060139760738853,2.1741225177494714,16.537772207490438
2026-02-06,107,BenjaminC,29.723300145636344,4.816403608690859,15.274089319563767
2026-02-06,107,LaureS,17.96977742813994,6.969376769030449,-2.9383528789514095
2026-02-06,107,Sabine,25.456162637866747,6.873900930690948,4.834459845793901
2026-02-06,107,Loïc,14.902103714461822,6.47227394226716,-4.51471811233966
2026-02-06,107,JulieB,21.891677369701625,7.7743633497703355,-1.4314126796093802
2026-02-06,107,ThéoM,20.528753719957052,6.582888819235465,0.7800872622506567
2026-02-06,107,EmmanuelP,12.779045224687195,5.350508357854062,-3.272479848874994
2026-02-06,107,BenjaminZ,31.995692852023776,6.937596400211896,11.182903651388088
2026-02-06,107,Maximilien,28.646275072060796,6.270076131840543,9.836046676539166
2026-02-06,108,NathV,24.674210402633797,6.82595709168106,4.196339127590619
2026-02-06,108,Lily,32.63707418744471,2.131158961224774,26.243597303770386
2026-02-06,108,Roland,28.241256185430895,3.616033042948468,17.39315705658549
2026-02-06,108,Rémi,34.093334278279464,2.2271754445602605,27.41180794459868
2026-02-06,108,ManonV,14.98350559978419,3.7769952929926927,3.6525197208061115
2026-02-06,108,Lilou,17.788478804560814,1.993551709513464,11.807823676020423
2026-02-06,108,Paul,19.124878836900336,2.493878218518359,11.64324418134526
2026-02-06,108,Raphaël,32.673148451117655,2.2889784221923093,25.806213184540727
2026-02-06,108,Julia,27.36161702685517,6.023366363963347,9.291517934965132
2026-02-06,108,Armelle,23.962009793317204,3.7342270611104165,12.759328609985955
2026-02-06,108,Jules,23.309931793015927,2.1458943458949906,16.872248755330958
2026-02-06,108,BenjaminC,29.723300145636344,4.816403608690859,15.274089319563767
2026-02-06,108,LaureS,17.96977742813994,6.969376769030449,-2.9383528789514095
2026-02-06,108,Sabine,25.456162637866747,6.873900930690948,4.834459845793901
2026-02-06,108,Loïc,14.902103714461822,6.47227394226716,-4.51471811233966
2026-02-06,108,JulieB,21.891677369701625,7.7743633497703355,-1.4314126796093802
2026-02-06,108,ThéoM,20.528753719957052,6.582888819235465,0.7800872622506567
2026-02-06,108,EmmanuelP,12.779045224687195,5.350508357854062,-3.272479848874994
2026-02-06,108,BenjaminZ,31.995692852023776,6.937596400211896,11.182903651388088
2026-02-06,108,Maximilien,28.646275072060796,6.270076131840543,9.836046676539166
2026-02-06,109,NathV,24.674210402633797,6.82595709168106,4.196339127590619
2026-02-06,109,Lily,32.64626339713318,2.130181781325546,26.255718053156546
2026-02-06,109,Roland,28.241256185430895,3.616033042948468,17.39315705658549
2026-02-06,109,Rémi,34.093334278279464,2.2271754445602605,27.41180794459868
2026-02-06,109,ManonV,14.98350559978419,3.7769952929926927,3.6525197208061115
2026-02-06,109,Lilou,17.78043621023836,1.9931591955638477,11.800958623546817
2026-02-06,109,Paul,19.124878836900336,2.493878218518359,11.64324418134526
2026-02-06,109,Raphaël,32.68374688233651,2.287266871951785,25.821946266481152
2026-02-06,109,Julia,27.36161702685517,6.023366363963347,9.291517934965132
2026-02-06,109,Armelle,23.962009793317204,3.7342270611104165,12.759328609985955
2026-02-06,109,Jules,23.300615265538788,2.1448516251693266,16.86606039003081
2026-02-06,109,BenjaminC,29.723300145636344,4.816403608690859,15.274089319563767
2026-02-06,109,LaureS,17.96977742813994,6.969376769030449,-2.9383528789514095
2026-02-06,109,Sabine,25.456162637866747,6.873900930690948,4.834459845793901
2026-02-06,109,Loïc,14.902103714461822,6.47227394226716,-4.51471811233966
2026-02-06,109,JulieB,21.891677369701625,7.7743633497703355,-1.4314126796093802
2026-02-06,109,ThéoM,20.528753719957052,6.582888819235465,0.7800872622506567
2026-02-06,109,EmmanuelP,12.779045224687195,5.350508357854062,-3.272479848874994
2026-02-06,109,BenjaminZ,31.995692852023776,6.937596400211896,11.182903651388088
2026-02-06,109,Maximilien,28.646275072060796,6.270076131840543,9.836046676539166
2026-02-06,110,NathV,24.674210402633797,6.82595709168106,4.196339127590619
2026-02-06,110,Lily,32.07514444191214,2.090514356534369,25.803601372309032
2026-02-06,110,Roland,28.241256185430895,3.616033042948468,17.39315705658549
2026-02-06,110,Rémi,34.71756559789432,2.1815010373385797,28.17306248587858
2026-02-06,110,ManonV,14.98350559978419,3.7769952929926927,3.6525197208061115
2026-02-06,110,Lilou,18.280553176234022,1.9611016670649049,12.397248175039309
2026-02-06,110,Paul,19.124878836900336,2.493878218518359,11.64324418134526
2026-02-06,110,Raphaël,32.68374688233651,2.287266871951785,25.821946266481152
2026-02-06,110,Julia,27.36161702685517,6.023366363963347,9.291517934965132
2026-02-06,110,Armelle,23.962009793317204,3.7342270611104165,12.759328609985955
2026-02-06,110,Jules,22.72161507833315,2.1043095535732306,16.40868641761346
2026-02-06,110,BenjaminC,29.723300145636344,4.816403608690859,15.274089319563767
2026-02-06,110,LaureS,17.96977742813994,6.969376769030449,-2.9383528789514095
2026-02-06,110,Sabine,25.456162637866747,6.873900930690948,4.834459845793901
2026-02-06,110,Loïc,14.902103714461822,6.47227394226716,-4.51471811233966
2026-02-06,110,JulieB,21.891677369701625,7.7743633497703355,-1.4314126796093802
2026-02-06,110,ThéoM,20.528753719957052,6.582888819235465,0.7800872622506567
2026-02-06,110,EmmanuelP,12.779045224687195,5.350508357854062,-3.272479848874994
2026-02-06,110,BenjaminZ,31.995692852023776,6.937596400211896,11.182903651388088
2026-02-06,110,Maximilien,28.646275072060796,6.270076131840543,9.836046676539166
2026-02-06,111,NathV,24.674210402633797,6.82595709168106,4.196339127590619
2026-02-06,111,Lily,32.13204851590954,2.081337502300309,25.888036009008612
2026-02-06,111,Roland,28.241256185430895,3.616033042948468,17.39315705658549
2026-02-06,111,Rémi,34.77952277459234,2.170777039911457,28.267191654857967
2026-02-06,111,ManonV,14.98350559978419,3.7769952929926927,3.6525197208061115
2026-02-06,111,Lilou,18.230465464080574,1.95392475550912,12.368691197553215
2026-02-06,111,Paul,19.124878836900336,2.493878218518359,11.64324418134526
2026-02-06,111,Raphaël,32.615645288465316,2.2745886932596115,25.79187920868648
2026-02-06,111,Julia,27.36161702685517,6.023366363963347,9.291517934965132
2026-02-06,111,Armelle,23.962009793317204,3.7342270611104165,12.759328609985955
2026-02-06,111,Jules,22.72161507833315,2.1043095535732306,16.40868641761346
2026-02-06,111,BenjaminC,29.723300145636344,4.816403608690859,15.274089319563767
2026-02-06,111,LaureS,17.96977742813994,6.969376769030449,-2.9383528789514095
2026-02-06,111,Sabine,25.456162637866747,6.873900930690948,4.834459845793901
2026-02-06,111,Loïc,14.902103714461822,6.47227394226716,-4.51471811233966
2026-02-06,111,JulieB,21.891677369701625,7.7743633497703355,-1.4314126796093802
2026-02-06,111,ThéoM,20.528753719957052,6.582888819235465,0.7800872622506567
2026-02-06,111,EmmanuelP,12.779045224687195,5.350508357854062,-3.272479848874994
2026-02-06,111,BenjaminZ,31.995692852023776,6.937596400211896,11.182903651388088
2026-02-06,111,Maximilien,28.646275072060796,6.270076131840543,9.836046676539166
2026-02-06,112,NathV,24.674210402633797,6.82595709168106,4.196339127590619
2026-02-06,112,Lily,32.18597189889333,2.0726428513475805,25.968043344850585
2026-02-06,112,Roland,28.241256185430895,3.616033042948468,17.39315705658549
2026-02-06,112,Rémi,34.83817256292043,2.16061934291522,28.356314534174768
2026-02-06,112,ManonV,14.98350559978419,3.7769952929926927,3.6525197208061115
2026-02-06,112,Lilou,18.182931790514097,1.9471274270675694,12.341549509311388
2026-02-06,112,Paul,19.124878836900336,2.493878218518359,11.64324418134526
2026-02-06,112,Raphaël,32.55126028029669,2.262588497010223,25.76349478926602
2026-02-06,112,Julia,27.36161702685517,6.023366363963347,9.291517934965132
2026-02-06,112,Armelle,23.962009793317204,3.7342270611104165,12.759328609985955
2026-02-06,112,Jules,22.72161507833315,2.1043095535732306,16.40868641761346
2026-02-06,112,BenjaminC,29.723300145636344,4.816403608690859,15.274089319563767
2026-02-06,112,LaureS,17.96977742813994,6.969376769030449,-2.9383528789514095
2026-02-06,112,Sabine,25.456162637866747,6.873900930690948,4.834459845793901
2026-02-06,112,Loïc,14.902103714461822,6.47227394226716,-4.51471811233966
2026-02-06,112,JulieB,21.891677369701625,7.7743633497703355,-1.4314126796093802
2026-02-06,112,ThéoM,20.528753719957052,6.582888819235465,0.7800872622506567
2026-02-06,112,EmmanuelP,12.779045224687195,5.350508357854062,-3.272479848874994
2026-02-06,112,BenjaminZ,31.995692852023776,6.937596400211896,11.182903651388088
2026-02-06,112,Maximilien,28.646275072060796,6.270076131840543,9.836046676539166
2026-02-06,113,NathV,24.674210402633797,6.82595709168106,4.196339127590619
2026-02-06,113,Lily,32.29560864469034,2.0574624321056776,26.123221348373306
2026-02-06,113,Roland,28.241256185430895,3.616033042948468,17.39315705658549
2026-02-06,113,Rémi,34.7190462258662,2.14312900216685,28.289659219365653
2026-02-06,113,ManonV,14.98350559978419,3.7769952929926927,3.6525197208061115
2026-02-06,113,Lilou,18.086150990525002,1.9349374950648317,12.281338505330506
2026-02-06,113,Paul,19.124878836900336,2.493878218518359,11.64324418134526
2026-02-06,113,Raphaël,32.68187904724285,2.2421872836185317,25.955317196387256
2026-02-06,113,Julia,27.36161702685517,6.023366363963347,9.291517934965132
2026-02-06,113,Armelle,23.962009793317204,3.7342270611104165,12.759328609985955
2026-02-06,113,Jules,22.72161507833315,2.1043095535732306,16.40868641761346
2026-02-06,113,BenjaminC,29.723300145636344,4.816403608690859,15.274089319563767
2026-02-06,113,LaureS,17.96977742813994,6.969376769030449,-2.9383528789514095
2026-02-06,113,Sabine,25.456162637866747,6.873900930690948,4.834459845793901
2026-02-06,113,Loïc,14.902103714461822,6.47227394226716,-4.51471811233966
2026-02-06,113,JulieB,21.891677369701625,7.7743633497703355,-1.4314126796093802
2026-02-06,113,ThéoM,20.528753719957052,6.582888819235465,0.7800872622506567
2026-02-06,113,EmmanuelP,12.779045224687195,5.350508357854062,-3.272479848874994
2026-02-06,113,BenjaminZ,31.995692852023776,6.937596400211896,11.182903651388088
2026-02-06,113,Maximilien,28.646275072060796,6.270076131840543,9.836046676539166
2026-02-09,114,NathV,24.674210402633797,6.82595709168106,4.196339127590619
2026-02-09,114,Lily,32.29560864469034,2.0574624321056776,26.123221348373306
2026-02-09,114,Roland,29.110827799826076,3.531763626413505,18.51553692058556
2026-02-09,114,Rémi,34.7190462258662,2.14312900216685,28.289659219365653
2026-02-09,114,ManonV,15.93217355421835,3.6806888520845,4.8901069979648515
2026-02-09,114,Lilou,18.086150990525002,1.9349374950648317,12.281338505330506
2026-02-09,114,Paul,19.124878836900336,2.493878218518359,11.64324418134526
2026-02-09,114,Raphaël,32.68187904724285,2.2421872836185317,25.955317196387256
2026-02-09,114,Julia,27.36161702685517,6.023366363963347,9.291517934965132
2026-02-09,114,Armelle,23.962009793317204,3.7342270611104165,12.759328609985955
2026-02-09,114,Jules,22.72161507833315,2.1043095535732306,16.40868641761346
2026-02-09,114,BenjaminC,29.723300145636344,4.816403608690859,15.274089319563767
2026-02-09,114,LaureS,17.96977742813994,6.969376769030449,-2.9383528789514095
2026-02-09,114,Sabine,25.456162637866747,6.873900930690948,4.834459845793901
2026-02-09,114,Loïc,12.117292529535556,5.970628638282793,-5.794593385312824
2026-02-09,114,JulieB,21.891677369701625,7.7743633497703355,-1.4314126796093802
2026-02-09,114,ThéoM,20.528753719957052,6.582888819235465,0.7800872622506567
2026-02-09,114,EmmanuelP,12.779045224687195,5.350508357854062,-3.272479848874994
2026-02-09,114,BenjaminZ,31.995692852023776,6.937596400211896,11.182903651388088
2026-02-09,114,Maximilien,28.646275072060796,6.270076131840543,9.836046676539166
2026-02-09,115,NathV,24.674210402633797,6.82595709168106,4.196339127590619
2026-02-09,115,Lily,32.29560864469034,2.0574624321056776,26.123221348373306
2026-02-09,115,Roland,29.110827799826076,3.531763626413505,18.51553692058556
2026-02-09,115,Rémi,34.7190462258662,2.14312900216685,28.289659219365653
2026-02-09,115,ManonV,15.93217355421835,3.6806888520845,4.8901069979648515
2026-02-09,115,Lilou,18.298318807746814,1.9223560966489153,12.531250517800068
2026-02-09,115,Paul,19.124878836900336,2.493878218518359,11.64324418134526
2026-02-09,115,Raphaël,32.96664239333622,2.221354667660155,26.302578390355755
2026-02-09,115,Julia,27.36161702685517,6.023366363963347,9.291517934965132
2026-02-09,115,Armelle,23.962009793317204,3.7342270611104165,12.759328609985955
2026-02-09,115,Jules,22.4707497517156,2.0874642433727186,16.208357021597443
2026-02-09,115,BenjaminC,29.723300145636344,4.816403608690859,15.274089319563767
2026-02-09,115,LaureS,17.96977742813994,6.969376769030449,-2.9383528789514095
2026-02-09,115,Sabine,25.456162637866747,6.873900930690948,4.834459845793901
2026-02-09,115,Loïc,12.117292529535556,5.970628638282793,-5.794593385312824
2026-02-09,115,JulieB,21.891677369701625,7.7743633497703355,-1.4314126796093802
2026-02-09,115,ThéoM,20.528753719957052,6.582888819235465,0.7800872622506567
2026-02-09,115,EmmanuelP,12.779045224687195,5.350508357854062,-3.272479848874994
2026-02-09,115,BenjaminZ,31.995692852023776,6.937596400211896,11.182903651388088
2026-02-09,115,Maximilien,28.646275072060796,6.270076131840543,9.836046676539166
2026-02-10,116,NathV,24.674210402633797,6.82595709168106,4.196339127590619
2026-02-10,116,Lily,32.29560864469034,2.0574624321056776,26.123221348373306
2026-02-10,116,Roland,29.110827799826076,3.531763626413505,18.51553692058556
2026-02-10,116,Rémi,34.7190462258662,2.14312900216685,28.289659219365653
2026-02-10,116,ManonV,15.93217355421835,3.6806888520845,4.8901069979648515
2026-02-10,116,Lilou,18.298318807746814,1.9223560966489153,12.531250517800068
2026-02-10,116,Paul,19.124878836900336,2.493878218518359,11.64324418134526
2026-02-10,116,Raphaël,32.96664239333622,2.221354667660155,26.302578390355755
2026-02-10,116,Julia,27.36161702685517,6.023366363963347,9.291517934965132
2026-02-10,116,Armelle,23.962009793317204,3.7342270611104165,12.759328609985955
2026-02-10,116,Jules,22.4707497517156,2.0874642433727186,16.208357021597443
2026-02-10,116,BenjaminC,29.723300145636344,4.816403608690859,15.274089319563767
2026-02-10,116,LaureS,25.03135697385868,6.329154347943868,6.043893930027078
2026-02-10,116,Sabine,25.456162637866747,6.873900930690948,4.834459845793901
2026-02-10,116,Loïc,17.30023746627322,5.57360583189216,0.5794199705967387
2026-02-10,116,JulieB,21.891677369701625,7.7743633497703355,-1.4314126796093802
2026-02-10,116,ThéoM,20.528753719957052,6.582888819235465,0.7800872622506567
2026-02-10,116,EmmanuelP,12.779045224687195,5.350508357854062,-3.272479848874994
2026-02-10,116,BenjaminZ,24.99835891249643,6.306390933044808,6.079186113362006
2026-02-10,116,Maximilien,28.646275072060796,6.270076131840543,9.836046676539166
2026-02-10,117,NathV,24.674210402633797,6.82595709168106,4.196339127590619
2026-02-10,117,Lily,32.29560864469034,2.0574624321056776,26.123221348373306
2026-02-10,117,Roland,29.110827799826076,3.531763626413505,18.51553692058556
2026-02-10,117,Rémi,34.7190462258662,2.14312900216685,28.289659219365653
2026-02-10,117,ManonV,15.93217355421835,3.6806888520845,4.8901069979648515
2026-02-10,117,Lilou,18.298318807746814,1.9223560966489153,12.531250517800068
2026-02-10,117,Paul,19.124878836900336,2.493878218518359,11.64324418134526
2026-02-10,117,Raphaël,32.96664239333622,2.221354667660155,26.302578390355755
2026-02-10,117,Julia,27.36161702685517,6.023366363963347,9.291517934965132
2026-02-10,117,Armelle,23.962009793317204,3.7342270611104165,12.759328609985955
2026-02-10,117,Jules,22.4707497517156,2.0874642433727186,16.208357021597443
2026-02-10,117,BenjaminC,29.723300145636344,4.816403608690859,15.274089319563767
2026-02-10,117,LaureS,26.974799392073542,5.962980195947597,9.085858804230753
2026-02-10,117,Sabine,25.456162637866747,6.873900930690948,4.834459845793901
2026-02-10,117,Loïc,15.793024578678324,5.325471486695955,-0.18338988140954093
2026-02-10,117,JulieB,21.891677369701625,7.7743633497703355,-1.4314126796093802
2026-02-10,117,ThéoM,20.528753719957052,6.582888819235465,0.7800872622506567
2026-02-10,117,EmmanuelP,12.779045224687195,5.350508357854062,-3.272479848874994
2026-02-10,117,BenjaminZ,23.06886849288549,5.944240775475137,5.2361461664600775
2026-02-10,117,Maximilien,28.646275072060796,6.270076131840543,9.836046676539166
2026-02-10,118,NathV,24.674210402633797,6.82595709168106,4.196339127590619
2026-02-10,118,Lily,32.29560864469034,2.0574624321056776,26.123221348373306
2026-02-10,118,Roland,29.110827799826076,3.531763626413505,18.51553692058556
2026-02-10,118,Rémi,34.7190462258662,2.14312900216685,28.289659219365653
2026-02-10,118,ManonV,15.93217355421835,3.6806888520845,4.8901069979648515
2026-02-10,118,Lilou,18.195308038029438,1.9156823413366575,12.448261014019465
2026-02-10,118,Paul,19.124878836900336,2.493878218518359,11.64324418134526
2026-02-10,118,Raphaël,32.96664239333622,2.221354667660155,26.302578390355755
2026-02-10,118,Julia,28.37124477339203,5.758489756406499,11.09577550417253
2026-02-10,118,Armelle,23.962009793317204,3.7342270611104165,12.759328609985955
2026-02-10,118,Jules,22.34931883819395,2.0782703524097936,16.114507780964566
2026-02-10,118,BenjaminC,29.723300145636344,4.816403608690859,15.274089319563767
2026-02-10,118,LaureS,26.974799392073542,5.962980195947597,9.085858804230753
2026-02-10,118,Sabine,25.456162637866747,6.873900930690948,4.834459845793901
2026-02-10,118,Loïc,15.793024578678324,5.325471486695955,-0.18338988140954093
2026-02-10,118,JulieB,21.891677369701625,7.7743633497703355,-1.4314126796093802
2026-02-10,118,ThéoM,20.528753719957052,6.582888819235465,0.7800872622506567
2026-02-10,118,EmmanuelP,12.779045224687195,5.350508357854062,-3.272479848874994
2026-02-10,118,BenjaminZ,23.06886849288549,5.944240775475137,5.2361461664600775
2026-02-10,118,Maximilien,28.646275072060796,6.270076131840543,9.836046676539166
2026-02-10,118,PhilippeA,26.932326609322846,7.615421571530416,4.086061894731596
2026-02-10,119,NathV,24.674210402633797,6.82595709168106,4.196339127590619
2026-02-10,119,Lily,32.29560864469034,2.0574624321056776,26.123221348373306
2026-02-10,119,Roland,29.36592820086548,3.486728511464693,18.9057426664714
2026-02-10,119,Rémi,34.7190462258662,2.14312900216685,28.289659219365653
2026-02-10,119,ManonV,15.655117953506409,3.629517491725119,4.766565478331051
2026-02-10,119,Lilou,18.195308038029438,1.9156823413366575,12.448261014019465
2026-02-10,119,Paul,19.124878836900336,2.493878218518359,11.64324418134526
2026-02-10,119,Raphaël,32.96664239333622,2.221354667660155,26.302578390355755
2026-02-10,119,Julia,28.37124477339203,5.758489756406499,11.09577550417253
2026-02-10,119,Armelle,23.962009793317204,3.7342270611104165,12.759328609985955
2026-02-10,119,Jules,22.34931883819395,2.0782703524097936,16.114507780964566
2026-02-10,119,BenjaminC,29.723300145636344,4.816403608690859,15.274089319563767
2026-02-10,119,LaureS,26.247860834873563,5.739427399705635,9.029578635756657
2026-02-10,119,Sabine,25.456162637866747,6.873900930690948,4.834459845793901
2026-02-10,119,Loïc,15.793024578678324,5.325471486695955,-0.18338988140954093
2026-02-10,119,JulieB,21.891677369701625,7.7743633497703355,-1.4314126796093802
2026-02-10,119,ThéoM,20.528753719957052,6.582888819235465,0.7800872622506567
2026-02-10,119,EmmanuelP,12.779045224687195,5.350508357854062,-3.272479848874994
2026-02-10,119,BenjaminZ,23.06886849288549,5.944240775475137,5.2361461664600775
2026-02-10,119,Maximilien,29.450001955989205,6.009519241606755,11.421444231168937
2026-02-10,119,PhilippeA,26.932326609322846,7.615421571530416,4.086061894731596
2026-02-11,120,NathV,24.674210402633797,6.82595709168106,4.196339127590619
2026-02-11,120,Lily,32.29560864469034,2.0574624321056776,26.123221348373306
2026-02-11,120,Roland,29.957131584532778,3.405800095171142,19.739731299019354
2026-02-11,120,Rémi,34.7190462258662,2.14312900216685,28.289659219365653
2026-02-11,120,ManonV,16.29570670402965,3.537980289266449,5.681765836230305
2026-02-11,120,Lilou,18.195308038029438,1.9156823413366575,12.448261014019465
2026-02-11,120,Paul,18.822265702160674,2.4654430529344586,11.425936543357299
2026-02-11,120,Raphaël,32.96664239333622,2.221354667660155,26.302578390355755
2026-02-11,120,Julia,28.37124477339203,5.758489756406499,11.09577550417253
2026-02-11,120,Armelle,23.962009793317204,3.7342270611104165,12.759328609985955
2026-02-11,120,Jules,22.34931883819395,2.0782703524097936,16.114507780964566
2026-02-11,120,BenjaminC,29.723300145636344,4.816403608690859,15.274089319563767
2026-02-11,120,LaureS,26.247860834873563,5.739427399705635,9.029578635756657
2026-02-11,120,Sabine,25.456162637866747,6.873900930690948,4.834459845793901
2026-02-11,120,Loïc,15.793024578678324,5.325471486695955,-0.18338988140954093
2026-02-11,120,JulieB,21.891677369701625,7.7743633497703355,-1.4314126796093802
2026-02-11,120,ThéoM,18.422283756455418,6.014304163785409,0.3793712650991914
2026-02-11,120,EmmanuelP,12.779045224687195,5.350508357854062,-3.272479848874994
2026-02-11,120,BenjaminZ,23.06886849288549,5.944240775475137,5.2361461664600775
2026-02-11,120,Maximilien,29.450001955989205,6.009519241606755,11.421444231168937
2026-02-11,120,PhilippeA,26.932326609322846,7.615421571530416,4.086061894731596
2026-02-11,121,NathV,24.674210402633797,6.82595709168106,4.196339127590619
2026-02-11,121,Lily,32.29560864469034,2.0574624321056776,26.123221348373306
2026-02-11,121,Roland,29.957131584532778,3.405800095171142,19.739731299019354
2026-02-11,121,Rémi,34.88928771215001,2.1313589803005852,28.495210771248253
2026-02-11,121,ManonV,16.29570670402965,3.537980289266449,5.681765836230305
2026-02-11,121,Lilou,18.195308038029438,1.9156823413366575,12.448261014019465
2026-02-11,121,Paul,18.822265702160674,2.4654430529344586,11.425936543357299
2026-02-11,121,Raphaël,32.96664239333622,2.221354667660155,26.302578390355755
2026-02-11,121,Julia,28.37124477339203,5.758489756406499,11.09577550417253
2026-02-11,121,Armelle,24.478343296950715,3.6639757298204767,13.486416107489285
2026-02-11,121,Jules,22.34931883819395,2.0782703524097936,16.114507780964566
2026-02-11,121,BenjaminC,29.723300145636344,4.816403608690859,15.274089319563767
2026-02-11,121,LaureS,26.247860834873563,5.739427399705635,9.029578635756657
2026-02-11,121,Sabine,25.456162637866747,6.873900930690948,4.834459845793901
2026-02-11,121,Loïc,15.793024578678324,5.325471486695955,-0.18338988140954093
2026-02-11,121,JulieB,21.891677369701625,7.7743633497703355,-1.4314126796093802
2026-02-11,121,ThéoM,18.422283756455418,6.014304163785409,0.3793712650991914
2026-02-11,121,EmmanuelP,12.779045224687195,5.350508357854062,-3.272479848874994
2026-02-11,121,BenjaminZ,23.06886849288549,5.944240775475137,5.2361461664600775
2026-02-11,121,Maximilien,29.450001955989205,6.009519241606755,11.421444231168937
2026-02-11,121,PhilippeA,26.932326609322846,7.615421571530416,4.086061894731596
2026-02-11,122,NathV,24.674210402633797,6.82595709168106,4.196339127590619
2026-02-11,122,Lily,31.893145729517435,2.0380484418107545,25.779000404085174
2026-02-11,122,Roland,31.058793670330882,3.3103821417997175,21.12764724493173
2026-02-11,122,Rémi,34.88928771215001,2.1313589803005852,28.495210771248253
2026-02-11,122,ManonV,16.29570670402965,3.537980289266449,5.681765836230305
2026-02-11,122,Lilou,18.195308038029438,1.9156823413366575,12.448261014019465
2026-02-11,122,Paul,18.822265702160674,2.4654430529344586,11.425936543357299
2026-02-11,122,Raphaël,32.96664239333622,2.221354667660155,26.302578390355755
2026-02-11,122,Julia,25.223073827701658,5.279884303598015,9.383420916907612
2026-02-11,122,Armelle,24.478343296950715,3.6639757298204767,13.486416107489285
2026-02-11,122,Jules,22.34931883819395,2.0782703524097936,16.114507780964566
2026-02-11,122,BenjaminC,29.723300145636344,4.816403608690859,15.274089319563767
2026-02-11,122,LaureS,26.247860834873563,5.739427399705635,9.029578635756657
2026-02-11,122,Sabine,25.456162637866747,6.873900930690948,4.834459845793901
2026-02-11,122,Loïc,15.793024578678324,5.325471486695955,-0.18338988140954093
2026-02-11,122,JulieB,21.891677369701625,7.7743633497703355,-1.4314126796093802
2026-02-11,122,ThéoM,18.422283756455418,6.014304163785409,0.3793712650991914
2026-02-11,122,EmmanuelP,12.779045224687195,5.350508357854062,-3.272479848874994
2026-02-11,122,BenjaminZ,23.06886849288549,5.944240775475137,5.2361461664600775
2026-02-11,122,Maximilien,29.450001955989205,6.009519241606755,11.421444231168937
2026-02-11,122,PhilippeA,26.932326609322846,7.615421571530416,4.086061894731596
2026-02-11,123,NathV,24.674210402633797,6.82595709168106,4.196339127590619
2026-02-11,123,Lily,32.18401311396333,2.018463853933411,26.128621552163096
2026-02-11,123,Roland,30.292188193184597,3.219547512267578,20.633545656381862
2026-02-11,123,Rémi,34.88928771215001,2.1313589803005852,28.495210771248253
2026-02-11,123,ManonV,16.29570670402965,3.537980289266449,5.681765836230305
2026-02-11,123,Lilou,18.195308038029438,1.9156823413366575,12.448261014019465
2026-02-11,123,Paul,19.247693998635807,2.4291036457599606,11.960383061355925
2026-02-11,123,Raphaël,32.96664239333622,2.221354667660155,26.302578390355755
2026-02-11,123,Julia,25.223073827701658,5.279884303598015,9.383420916907612
2026-02-11,123,Armelle,24.478343296950715,3.6639757298204767,13.486416107489285
2026-02-11,123,Jules,22.34931883819395,2.0782703524097936,16.114507780964566
2026-02-11,123,BenjaminC,29.723300145636344,4.816403608690859,15.274089319563767
2026-02-11,123,LaureS,26.247860834873563,5.739427399705635,9.029578635756657
2026-02-11,123,Sabine,25.456162637866747,6.873900930690948,4.834459845793901
2026-02-11,123,Loïc,15.793024578678324,5.325471486695955,-0.18338988140954093
2026-02-11,123,JulieB,21.891677369701625,7.7743633497703355,-1.4314126796093802
2026-02-11,123,ThéoM,15.893016747657196,5.4448674992041175,-0.44158574995515565
2026-02-11,123,EmmanuelP,12.779045224687195,5.350508357854062,-3.272479848874994
2026-02-11,123,BenjaminZ,23.06886849288549,5.944240775475137,5.2361461664600775
2026-02-11,123,Maximilien,29.450001955989205,6.009519241606755,11.421444231168937
2026-02-11,123,PhilippeA,26.932326609322846,7.615421571530416,4.086061894731596
2026-02-11,124,NathV,24.674210402633797,6.82595709168106,4.196339127590619
2026-02-11,124,Lily,32.526596210697306,1.9917039323905752,26.55148441352558
2026-02-11,124,Roland,29.42149551141464,3.1039320602615588,20.109699330629965
2026-02-11,124,Rémi,34.88928771215001,2.1313589803005852,28.495210771248253
2026-02-11,124,ManonV,16.29570670402965,3.537980289266449,5.681765836230305
2026-02-11,124,Lilou,18.5039481636471,1.893157768625798,12.824474857769705
2026-02-11,124,Paul,18.751801801815148,2.380775052893839,11.60947664313363
2026-02-11,124,Raphaël,32.96664239333622,2.221354667660155,26.302578390355755
2026-02-11,124,Julia,25.223073827701658,5.279884303598015,9.383420916907612
2026-02-11,124,Armelle,24.478343296950715,3.6639757298204767,13.486416107489285
2026-02-11,124,Jules,22.34931883819395,2.0782703524097936,16.114507780964566
2026-02-11,124,BenjaminC,29.723300145636344,4.816403608690859,15.274089319563767
2026-02-11,124,LaureS,26.247860834873563,5.739427399705635,9.029578635756657
2026-02-11,124,Sabine,25.456162637866747,6.873900930690948,4.834459845793901
2026-02-11,124,Loïc,15.793024578678324,5.325471486695955,-0.18338988140954093
2026-02-11,124,JulieB,21.891677369701625,7.7743633497703355,-1.4314126796093802
2026-02-11,124,ThéoM,15.893016747657196,5.4448674992041175,-0.44158574995515565
2026-02-11,124,EmmanuelP,12.779045224687195,5.350508357854062,-3.272479848874994
2026-02-11,124,BenjaminZ,23.06886849288549,5.944240775475137,5.2361461664600775
2026-02-11,124,Maximilien,29.450001955989205,6.009519241606755,11.421444231168937
2026-02-11,124,PhilippeA,26.932326609322846,7.615421571530416,4.086061894731596
2026-02-11,125,NathV,24.674210402633797,6.82595709168106,4.196339127590619
2026-02-11,125,Lily,32.526596210697306,1.9917039323905752,26.55148441352558
2026-02-11,125,Roland,30.546885843346676,3.0068752299146753,21.52626015360265
2026-02-11,125,Rémi,34.88928771215001,2.1313589803005852,28.495210771248253
2026-02-11,125,ManonV,16.29570670402965,3.537980289266449,5.681765836230305
2026-02-11,125,Lilou,18.08478787461743,1.8728989260849525,12.466091096362572
2026-02-11,125,Paul,18.751801801815148,2.380775052893839,11.60947664313363
2026-02-11,125,Raphaël,32.3898594293187,2.1871775374241857,25.82832681704614
2026-02-11,125,Julia,25.223073827701658,5.279884303598015,9.383420916907612
2026-02-11,125,Armelle,24.478343296950715,3.6639757298204767,13.486416107489285
2026-02-11,125,Jules,22.34931883819395,2.0782703524097936,16.114507780964566
2026-02-11,125,BenjaminC,29.723300145636344,4.816403608690859,15.274089319563767
2026-02-11,125,LaureS,26.247860834873563,5.739427399705635,9.029578635756657
2026-02-11,125,Sabine,25.456162637866747,6.873900930690948,4.834459845793901
2026-02-11,125,Loïc,15.793024578678324,5.325471486695955,-0.18338988140954093
2026-02-11,125,JulieB,21.891677369701625,7.7743633497703355,-1.4314126796093802
2026-02-11,125,ThéoM,19.35434023946618,4.896664095920324,4.664347951705208
2026-02-11,125,EmmanuelP,12.779045224687195,5.350508357854062,-3.272479848874994
2026-02-11,125,BenjaminZ,23.06886849288549,5.944240775475137,5.2361461664600775
2026-02-11,125,Maximilien,29.450001955989205,6.009519241606755,11.421444231168937
2026-02-11,125,PhilippeA,26.932326609322846,7.615421571530416,4.086061894731596
2026-02-11,126,NathV,24.674210402633797,6.82595709168106,4.196339127590619
2026-02-11,126,Lily,32.526596210697306,1.9917039323905752,26.55148441352558
2026-02-11,126,Roland,30.546885843346676,3.0068752299146753,21.52626015360265
2026-02-11,126,Rémi,34.88928771215001,2.1313589803005852,28.495210771248253
2026-02-11,126,ManonV,16.108782335526524,3.4840275317512366,5.656699740272813
2026-02-11,126,Lilou,18.137244681679963,1.866631056963959,12.537351510788085
2026-02-11,126,Paul,18.667101936411246,2.3655488120252586,11.57045550033547
2026-02-11,126,Raphaël,32.46136045980588,2.1758311112451927,25.933867126070304
2026-02-11,126,Julia,25.223073827701658,5.279884303598015,9.383420916907612
2026-02-11,126,Armelle,24.478343296950715,3.6639757298204767,13.486416107489285
2026-02-11,126,Jules,22.34931883819395,2.0782703524097936,16.114507780964566
2026-02-11,126,BenjaminC,29.723300145636344,4.816403608690859,15.274089319563767
2026-02-11,126,LaureS,26.247860834873563,5.739427399705635,9.029578635756657
2026-02-11,126,Sabine,25.456162637866747,6.873900930690948,4.834459845793901
2026-02-11,126,Loïc,15.793024578678324,5.325471486695955,-0.18338988140954093
2026-02-11,126,JulieB,21.891677369701625,7.7743633497703355,-1.4314126796093802
2026-02-11,126,ThéoM,19.35434023946618,4.896664095920324,4.664347951705208
2026-02-11,126,EmmanuelP,12.779045224687195,5.350508357854062,-3.272479848874994
2026-02-11,126,BenjaminZ,23.06886849288549,5.944240775475137,5.2361461664600775
2026-02-11,126,Maximilien,29.450001955989205,6.009519241606755,11.421444231168937
2026-02-11,126,PhilippeA,26.932326609322846,7.615421571530416,4.086061894731596
2026-02-12,127,NathV,24.674210402633797,6.82595709168106,4.196339127590619
2026-02-12,127,Lily,32.987863660755814,1.9744536558116823,27.06450269332077
2026-02-12,127,Roland,30.546885843346676,3.0068752299146753,21.52626015360265
2026-02-12,127,Rémi,34.36118275637918,2.109704175612808,28.032070229540757
2026-02-12,127,ManonV,16.108782335526524,3.4840275317512366,5.656699740272813
2026-02-12,127,Lilou,18.137244681679963,1.866631056963959,12.537351510788085
2026-02-12,127,Paul,18.667101936411246,2.3655488120252586,11.57045550033547
2026-02-12,127,Raphaël,32.46136045980588,2.1758311112451927,25.933867126070304
2026-02-12,127,Julia,25.223073827701658,5.279884303598015,9.383420916907612
2026-02-12,127,Armelle,24.478343296950715,3.6639757298204767,13.486416107489285
2026-02-12,127,Jules,22.34931883819395,2.0782703524097936,16.114507780964566
2026-02-12,127,BenjaminC,29.723300145636344,4.816403608690859,15.274089319563767
2026-02-12,127,LaureS,26.247860834873563,5.739427399705635,9.029578635756657
2026-02-12,127,Sabine,25.456162637866747,6.873900930690948,4.834459845793901
2026-02-12,127,Loïc,15.793024578678324,5.325471486695955,-0.18338988140954093
2026-02-12,127,JulieB,14.875134236262749,6.5581906914787655,-4.799437838173549
2026-02-12,127,ThéoM,19.35434023946618,4.896664095920324,4.664347951705208
2026-02-12,127,EmmanuelP,16.102877224106475,4.972098223543958,1.1865825534746008
2026-02-12,127,BenjaminZ,23.06886849288549,5.944240775475137,5.2361461664600775
2026-02-12,127,Maximilien,29.450001955989205,6.009519241606755,11.421444231168937
2026-02-12,127,PhilippeA,26.932326609322846,7.615421571530416,4.086061894731596
2026-02-12,128,NathV,23.41096179469099,6.502677908781724,3.902928068345819
2026-02-12,128,Lily,32.987863660755814,1.9744536558116823,27.06450269332077
2026-02-12,128,Roland,30.546885843346676,3.0068752299146753,21.52626015360265
2026-02-12,128,Rémi,34.36118275637918,2.109704175612808,28.032070229540757
2026-02-12,128,ManonV,16.108782335526524,3.4840275317512366,5.656699740272813
2026-02-12,128,Lilou,18.137244681679963,1.866631056963959,12.537351510788085
2026-02-12,128,Paul,18.667101936411246,2.3655488120252586,11.57045550033547
2026-02-12,128,Raphaël,32.46136045980588,2.1758311112451927,25.933867126070304
2026-02-12,128,Julia,25.978955790358725,5.132143103287415,10.58252648049648
2026-02-12,128,Armelle,24.478343296950715,3.6639757298204767,13.486416107489285
2026-02-12,128,Jules,22.34931883819395,2.0782703524097936,16.114507780964566
2026-02-12,128,BenjaminC,29.723300145636344,4.816403608690859,15.274089319563767
2026-02-12,128,LaureS,26.247860834873563,5.739427399705635,9.029578635756657
2026-02-12,128,Sabine,25.456162637866747,6.873900930690948,4.834459845793901
2026-02-12,128,Loïc,15.02403677193503,5.173810271338213,-0.497394042079609
2026-02-12,128,JulieB,14.875134236262749,6.5581906914787655,-4.799437838173549
2026-02-12,128,ThéoM,19.35434023946618,4.896664095920324,4.664347951705208
2026-02-12,128,EmmanuelP,16.102877224106475,4.972098223543958,1.1865825534746008
2026-02-12,128,BenjaminZ,23.06886849288549,5.944240775475137,5.2361461664600775
2026-02-12,128,Maximilien,29.450001955989205,6.009519241606755,11.421444231168937
2026-02-12,128,PhilippeA,28.504631977164617,7.1634980843877765,7.014137724001287
2026-02-12,129,NathV,23.291700693355832,6.429978640718351,4.001764771200779
2026-02-12,129,Lily,32.99887676708534,1.9741668999749642,27.07637606716045
2026-02-12,129,Roland,30.546885843346676,3.0068752299146753,21.52626015360265
2026-02-12,129,Rémi,34.37375356504388,2.1088558699753532,28.04718595511782
2026-02-12,129,ManonV,16.108782335526524,3.4840275317512366,5.656699740272813
2026-02-12,129,Lilou,18.137244681679963,1.866631056963959,12.537351510788085
2026-02-12,129,Paul,18.667101936411246,2.3655488120252586,11.57045550033547
2026-02-12,129,Raphaël,32.46136045980588,2.1758311112451927,25.933867126070304
2026-02-12,129,Julia,25.978955790358725,5.132143103287415,10.58252648049648
2026-02-12,129,Armelle,24.478343296950715,3.6639757298204767,13.486416107489285
2026-02-12,129,Jules,22.34931883819395,2.0782703524097936,16.114507780964566
2026-02-12,129,BenjaminC,29.723300145636344,4.816403608690859,15.274089319563767
2026-02-12,129,LaureS,26.247860834873563,5.739427399705635,9.029578635756657
2026-02-12,129,Sabine,25.456162637866747,6.873900930690948,4.834459845793901
2026-02-12,129,Loïc,15.02403677193503,5.173810271338213,-0.497394042079609
2026-02-12,129,JulieB,14.875134236262749,6.5581906914787655,-4.799437838173549
2026-02-12,129,ThéoM,19.35434023946618,4.896664095920324,4.664347951705208
2026-02-12,129,EmmanuelP,16.033143254498054,4.940129984062197,1.2127533023114623
2026-02-12,129,BenjaminZ,23.06886849288549,5.944240775475137,5.2361461664600775
2026-02-12,129,Maximilien,29.450001955989205,6.009519241606755,11.421444231168937
2026-02-12,129,PhilippeA,28.504631977164617,7.1634980843877765,7.014137724001287
2026-02-12,130,NathV,23.291700693355832,6.429978640718351,4.001764771200779
2026-02-12,130,Lily,33.09487845205699,1.96634538614637,27.19584229361788
2026-02-12,130,Roland,30.546885843346676,3.0068752299146753,21.52626015360265
2026-02-12,130,Rémi,34.483277588435044,2.0988244767728976,28.186804158116352
2026-02-12,130,ManonV,16.108782335526524,3.4840275317512366,5.656699740272813
2026-02-12,130,Lilou,18.137244681679963,1.866631056963959,12.537351510788085
2026-02-12,130,Paul,18.667101936411246,2.3655488120252586,11.57045550033547
2026-02-12,130,Raphaël,32.46136045980588,2.1758311112451927,25.933867126070304
2026-02-12,130,Julia,25.33114232320219,4.962480275246203,10.443701497463582
2026-02-12,130,Armelle,24.478343296950715,3.6639757298204767,13.486416107489285
2026-02-12,130,Jules,22.34931883819395,2.0782703524097936,16.114507780964566
2026-02-12,130,BenjaminC,29.723300145636344,4.816403608690859,15.274089319563767
2026-02-12,130,LaureS,26.247860834873563,5.739427399705635,9.029578635756657
2026-02-12,130,Sabine,25.456162637866747,6.873900930690948,4.834459845793901
2026-02-12,130,Loïc,15.02403677193503,5.173810271338213,-0.497394042079609
2026-02-12,130,JulieB,14.875134236262749,6.5581906914787655,-4.799437838173549
2026-02-12,130,ThéoM,19.35434023946618,4.896664095920324,4.664347951705208
2026-02-12,130,EmmanuelP,16.033143254498054,4.940129984062197,1.2127533023114623
2026-02-12,130,BenjaminZ,23.06886849288549,5.944240775475137,5.2361461664600775
2026-02-12,130,Maximilien,29.450001955989205,6.009519241606755,11.421444231168937
2026-02-12,130,PhilippeA,27.242667781291356,6.693050940664299,7.16351495929846
2026-02-13,131,NathV,23.291700693355832,6.429978640718351,4.001764771200779
2026-02-13,131,Lily,33.09487845205699,1.96634538614637,27.19584229361788
2026-02-13,131,Roland,30.546885843346676,3.0068752299146753,21.52626015360265
2026-02-13,131,Rémi,34.483277588435044,2.0988244767728976,28.186804158116352
2026-02-13,131,ManonV,16.108782335526524,3.4840275317512366,5.656699740272813
2026-02-13,131,Lilou,18.508235399100148,1.8522985393639908,12.951339781008176
2026-02-13,131,Paul,18.667101936411246,2.3655488120252586,11.57045550033547
2026-02-13,131,Raphaël,32.46136045980588,2.1758311112451927,25.933867126070304
2026-02-13,131,Julia,25.33114232320219,4.962480275246203,10.443701497463582
2026-02-13,131,Armelle,24.478343296950715,3.6639757298204767,13.486416107489285
2026-02-13,131,Jules,22.34931883819395,2.0782703524097936,16.114507780964566
2026-02-13,131,BenjaminC,29.723300145636344,4.816403608690859,15.274089319563767
2026-02-13,131,LaureS,26.247860834873563,5.739427399705635,9.029578635756657
2026-02-13,131,Sabine,25.456162637866747,6.873900930690948,4.834459845793901
2026-02-13,131,Loïc,17.86925122083133,4.819933148560922,3.4094517751485647
2026-02-13,131,JulieB,14.875134236262749,6.5581906914787655,-4.799437838173549
2026-02-13,131,ThéoM,16.805704637844762,4.597933626747682,3.0119037576017185
2026-02-13,131,EmmanuelP,16.033143254498054,4.940129984062197,1.2127533023114623
2026-02-13,131,BenjaminZ,23.06886849288549,5.944240775475137,5.2361461664600775
2026-02-13,131,Maximilien,29.450001955989205,6.009519241606755,11.421444231168937
2026-02-13,131,PhilippeA,27.242667781291356,6.693050940664299,7.16351495929846
2026-02-13,132,NathV,23.291700693355832,6.429978640718351,4.001764771200779
2026-02-13,132,Lily,33.09487845205699,1.96634538614637,27.19584229361788
2026-02-13,132,Roland,30.546885843346676,3.0068752299146753,21.52626015360265
2026-02-13,132,Rémi,34.483277588435044,2.0988244767728976,28.186804158116352
2026-02-13,132,ManonV,16.108782335526524,3.4840275317512366,5.656699740272813
2026-02-13,132,Lilou,18.68071194264443,1.8420819904985293,13.154465971148841
2026-02-13,132,Paul,18.667101936411246,2.3655488120252586,11.57045550033547
2026-02-13,132,Raphaël,32.46136045980588,2.1758311112451927,25.933867126070304
2026-02-13,132,Julia,25.33114232320219,4.962480275246203,10.443701497463582
2026-02-13,132,Armelle,23.804498760282442,3.570651914634629,13.092543016378555
2026-02-13,132,Jules,22.34931883819395,2.0782703524097936,16.114507780964566
2026-02-13,132,BenjaminC,29.723300145636344,4.816403608690859,15.274089319563767
2026-02-13,132,LaureS,26.247860834873563,5.739427399705635,9.029578635756657
2026-02-13,132,Sabine,25.456162637866747,6.873900930690948,4.834459845793901
2026-02-13,132,Loïc,17.86925122083133,4.819933148560922,3.4094517751485647
2026-02-13,132,JulieB,14.875134236262749,6.5581906914787655,-4.799437838173549
2026-02-13,132,ThéoM,16.805704637844762,4.597933626747682,3.0119037576017185
2026-02-13,132,EmmanuelP,16.033143254498054,4.940129984062197,1.2127533023114623
2026-02-13,132,BenjaminZ,23.06886849288549,5.944240775475137,5.2361461664600775
2026-02-13,132,Maximilien,31.262146770948664,5.584637330305695,14.508234780031582
2026-02-13,132,PhilippeA,27.242667781291356,6.693050940664299,7.16351495929846
2026-02-16,133,NathV,23.291700693355832,6.429978640718351,4.001764771200779
2026-02-16,133,Lily,32.81546954876064,1.9497397495930449,26.966250299981503
2026-02-16,133,Roland,30.546885843346676,3.0068752299146753,21.52626015360265
2026-02-16,133,Rémi,34.483277588435044,2.0988244767728976,28.186804158116352
2026-02-16,133,ManonV,16.108782335526524,3.4840275317512366,5.656699740272813
2026-02-16,133,Lilou,18.68071194264443,1.8420819904985293,13.154465971148841
2026-02-16,133,Paul,18.667101936411246,2.3655488120252586,11.57045550033547
2026-02-16,133,Raphaël,32.803362159450224,2.152522513728933,26.345794618263426
2026-02-16,133,Julia,23.554248989792008,4.66072279605606,9.572080601623828
2026-02-16,133,Armelle,23.804498760282442,3.570651914634629,13.092543016378555
2026-02-16,133,Jules,22.34931883819395,2.0782703524097936,16.114507780964566
2026-02-16,133,BenjaminC,29.723300145636344,4.816403608690859,15.274089319563767
2026-02-16,133,LaureS,28.624536935189816,5.266918908130177,12.823780210799285
2026-02-16,133,Sabine,25.456162637866747,6.873900930690948,4.834459845793901
2026-02-16,133,Loïc,17.86925122083133,4.819933148560922,3.4094517751485647
2026-02-16,133,JulieB,14.875134236262749,6.5581906914787655,-4.799437838173549
2026-02-16,133,ThéoM,16.805704637844762,4.597933626747682,3.0119037576017185
2026-02-16,133,EmmanuelP,16.033143254498054,4.940129984062197,1.2127533023114623
2026-02-16,133,BenjaminZ,23.06886849288549,5.944240775475137,5.2361461664600775
2026-02-16,133,Maximilien,31.262146770948664,5.584637330305695,14.508234780031582
2026-02-16,133,PhilippeA,27.242667781291356,6.693050940664299,7.16351495929846
2026-02-16,134,NathV,23.291700693355832,6.429978640718351,4.001764771200779
2026-02-16,134,Lily,32.89045341882934,1.943082728637381,27.061205232917196
2026-02-16,134,Roland,30.546885843346676,3.0068752299146753,21.52626015360265
2026-02-16,134,Rémi,34.483277588435044,2.0988244767728976,28.186804158116352
2026-02-16,134,ManonV,16.108782335526524,3.4840275317512366,5.656699740272813
2026-02-16,134,Lilou,18.68071194264443,1.8420819904985293,13.154465971148841
2026-02-16,134,Paul,18.667101936411246,2.3655488120252586,11.57045550033547
2026-02-16,134,Raphaël,32.89472461484252,2.1427823407991413,26.46637759244509
2026-02-16,134,Julia,23.126422874088096,4.545283441279531,9.490572550249503
2026-02-16,134,Armelle,23.804498760282442,3.570651914634629,13.092543016378555
2026-02-16,134,Jules,22.34931883819395,2.0782703524097936,16.114507780964566
2026-02-16,134,BenjaminC,29.723300145636344,4.816403608690859,15.274089319563767
2026-02-16,134,LaureS,28.624536935189816,5.266918908130177,12.823780210799285
2026-02-16,134,Sabine,25.456162637866747,6.873900930690948,4.834459845793901
2026-02-16,134,Loïc,17.86925122083133,4.819933148560922,3.4094517751485647
2026-02-16,134,JulieB,14.875134236262749,6.5581906914787655,-4.799437838173549
2026-02-16,134,ThéoM,16.805704637844762,4.597933626747682,3.0119037576017185
2026-02-16,134,EmmanuelP,16.033143254498054,4.940129984062197,1.2127533023114623
2026-02-16,134,BenjaminZ,23.06886849288549,5.944240775475137,5.2361461664600775
2026-02-16,134,Maximilien,31.262146770948664,5.584637330305695,14.508234780031582
2026-02-16,134,PhilippeA,26.36052779797711,6.344773419552541,7.326207539319487
2026-02-18,135,NathV,23.291700693355832,6.429978640718351,4.001764771200779
2026-02-18,135,Lily,32.89045341882934,1.943082728637381,27.061205232917196
2026-02-18,135,Roland,29.3256467893823,2.90119036561175,20.62207569254705
2026-02-18,135,Rémi,34.483277588435044,2.0988244767728976,28.186804158116352
2026-02-18,135,ManonV,16.108782335526524,3.4840275317512366,5.656699740272813
2026-02-18,135,Lilou,18.221786401317424,1.8196306514091558,12.762894447089955
2026-02-18,135,Paul,19.42330577877039,2.3153179638008186,12.477351887367936
2026-02-18,135,Raphaël,32.89472461484252,2.1427823407991413,26.46637759244509
2026-02-18,135,Julia,23.126422874088096,4.545283441279531,9.490572550249503
2026-02-18,135,Armelle,25.526240237650054,3.391406351962795,15.35202118176167
2026-02-18,135,Jules,22.34931883819395,2.0782703524097936,16.114507780964566
2026-02-18,135,BenjaminC,29.723300145636344,4.816403608690859,15.274089319563767
2026-02-18,135,LaureS,28.624536935189816,5.266918908130177,12.823780210799285
2026-02-18,135,Sabine,25.456162637866747,6.873900930690948,4.834459845793901
2026-02-18,135,Loïc,17.86925122083133,4.819933148560922,3.4094517751485647
2026-02-18,135,JulieB,14.875134236262749,6.5581906914787655,-4.799437838173549
2026-02-18,135,ThéoM,16.805704637844762,4.597933626747682,3.0119037576017185
2026-02-18,135,EmmanuelP,16.033143254498054,4.940129984062197,1.2127533023114623
2026-02-18,135,BenjaminZ,23.06886849288549,5.944240775475137,5.2361461664600775
2026-02-18,135,Maximilien,31.262146770948664,5.584637330305695,14.508234780031582
2026-02-18,135,PhilippeA,26.36052779797711,6.344773419552541,7.326207539319487
2026-02-18,136,NathV,23.291700693355832,6.429978640718351,4.001764771200779
2026-02-18,136,Lily,33.07711548454364,1.9270903621465671,27.295844398103938
2026-02-18,136,Roland,29.74135254759229,2.8429618743001495,21.21246692469184
2026-02-18,136,Rémi,34.483277588435044,2.0988244767728976,28.186804158116352
2026-02-18,136,ManonV,16.108782335526524,3.4840275317512366,5.656699740272813
2026-02-18,136,Lilou,18.221786401317424,1.8196306514091558,12.762894447089955
2026-02-18,136,Paul,19.42330577877039,2.3153179638008186,12.477351887367936
2026-02-18,136,Raphaël,32.66779671889478,2.1205473482536754,26.30615467413375
2026-02-18,136,Julia,22.10655640027776,4.3141162278086025,9.164207716851953
2026-02-18,136,Armelle,25.526240237650054,3.391406351962795,15.35202118176167
2026-02-18,136,Jules,22.34931883819395,2.0782703524097936,16.114507780964566
2026-02-18,136,BenjaminC,29.723300145636344,4.816403608690859,15.274089319563767
2026-02-18,136,LaureS,28.624536935189816,5.266918908130177,12.823780210799285
2026-02-18,136,Sabine,25.456162637866747,6.873900930690948,4.834459845793901
2026-02-18,136,Loïc,17.86925122083133,4.819933148560922,3.4094517751485647
2026-02-18,136,JulieB,14.875134236262749,6.5581906914787655,-4.799437838173549
2026-02-18,136,ThéoM,16.805704637844762,4.597933626747682,3.0119037576017185
2026-02-18,136,EmmanuelP,16.033143254498054,4.940129984062197,1.2127533023114623
2026-02-18,136,BenjaminZ,23.06886849288549,5.944240775475137,5.2361461664600775
2026-02-18,136,Maximilien,31.262146770948664,5.584637330305695,14.508234780031582
2026-02-18,136,PhilippeA,26.36052779797711,6.344773419552541,7.326207539319487
2026-02-18,137,NathV,23.291700693355832,6.429978640718351,4.001764771200779
2026-02-18,137,Lily,33.07711548454364,1.9270903621465671,27.295844398103938
2026-02-18,137,Roland,28.646449690167135,2.7690738614608557,20.339228105784567
2026-02-18,137,Rémi,34.483277588435044,2.0988244767728976,28.186804158116352
2026-02-18,137,ManonV,16.108782335526524,3.4840275317512366,5.656699740272813
2026-02-18,137,Lilou,17.77269273209888,1.8019628544492101,12.366804168751248
2026-02-18,137,Paul,19.42330577877039,2.3153179638008186,12.477351887367936
2026-02-18,137,Raphaël,32.66779671889478,2.1205473482536754,26.30615467413375
2026-02-18,137,Julia,24.626589411209245,4.0478552396991825,12.483023692111697
2026-02-18,137,Armelle,25.526240237650054,3.391406351962795,15.35202118176167
2026-02-18,137,Jules,22.34931883819395,2.0782703524097936,16.114507780964566
2026-02-18,137,BenjaminC,29.723300145636344,4.816403608690859,15.274089319563767
2026-02-18,137,LaureS,28.624536935189816,5.266918908130177,12.823780210799285
2026-02-18,137,Sabine,25.456162637866747,6.873900930690948,4.834459845793901
2026-02-18,137,Loïc,17.86925122083133,4.819933148560922,3.4094517751485647
2026-02-18,137,JulieB,14.875134236262749,6.5581906914787655,-4.799437838173549
2026-02-18,137,ThéoM,16.805704637844762,4.597933626747682,3.0119037576017185
2026-02-18,137,EmmanuelP,19.337301549480465,4.535669733574935,5.730292348755658
2026-02-18,137,BenjaminZ,23.06886849288549,5.944240775475137,5.2361461664600775
2026-02-18,137,Maximilien,31.262146770948664,5.584637330305695,14.508234780031582
2026-02-18,137,PhilippeA,26.36052779797711,6.344773419552541,7.326207539319487
2026-02-18,138,NathV,23.291700693355832,6.429978640718351,4.001764771200779
2026-02-18,138,Lily,33.07711548454364,1.9270903621465671,27.295844398103938
2026-02-18,138,Roland,27.54342779062833,2.683720430405383,19.49226649941218
2026-02-18,138,Rémi,34.483277588435044,2.0988244767728976,28.186804158116352
2026-02-18,138,ManonV,14.363227672907852,3.3109560280055153,4.4303595888913065
2026-02-18,138,Lilou,18.240364765790282,1.7801963642030334,12.899775673181182
2026-02-18,138,Paul,20.194751591885804,2.266403971602913,13.395539677077064
2026-02-18,138,Raphaël,32.66779671889478,2.1205473482536754,26.30615467413375
2026-02-18,138,Julia,24.626589411209245,4.0478552396991825,12.483023692111697
2026-02-18,138,Armelle,25.526240237650054,3.391406351962795,15.35202118176167
2026-02-18,138,Jules,22.34931883819395,2.0782703524097936,16.114507780964566
2026-02-18,138,BenjaminC,29.723300145636344,4.816403608690859,15.274089319563767
2026-02-18,138,LaureS,28.624536935189816,5.266918908130177,12.823780210799285
2026-02-18,138,Sabine,25.456162637866747,6.873900930690948,4.834459845793901
2026-02-18,138,Loïc,17.86925122083133,4.819933148560922,3.4094517751485647
2026-02-18,138,JulieB,14.875134236262749,6.5581906914787655,-4.799437838173549
2026-02-18,138,ThéoM,16.805704637844762,4.597933626747682,3.0119037576017185
2026-02-18,138,EmmanuelP,19.337301549480465,4.535669733574935,5.730292348755658
2026-02-18,138,BenjaminZ,23.06886849288549,5.944240775475137,5.2361461664600775
2026-02-18,138,Maximilien,31.262146770948664,5.584637330305695,14.508234780031582
2026-02-18,138,PhilippeA,26.36052779797711,6.344773419552541,7.326207539319487
2026-02-18,139,NathV,23.291700693355832,6.429978640718351,4.001764771200779
2026-02-18,139,Lily,33.16130157089824,1.9200105839319603,27.401269819102357
2026-02-18,139,Roland,27.54342779062833,2.683720430405383,19.49226649941218
2026-02-18,139,Rémi,34.483277588435044,2.0988244767728976,28.186804158116352
2026-02-18,139,ManonV,14.363227672907852,3.3109560280055153,4.4303595888913065
2026-02-18,139,Lilou,18.240364765790282,1.7801963642030334,12.899775673181182
2026-02-18,139,Paul,20.194751591885804,2.266403971602913,13.395539677077064
2026-02-18,139,Raphaël,32.565892789263835,2.110351370167016,26.234838678762788
2026-02-18,139,Julia,24.626589411209245,4.0478552396991825,12.483023692111697
2026-02-18,139,Armelle,25.526240237650054,3.391406351962795,15.35202118176167
2026-02-18,139,Jules,22.34931883819395,2.0782703524097936,16.114507780964566
2026-02-18,139,BenjaminC,30.24834999884394,4.677086055929656,16.217091831054972
2026-02-18,139,LaureS,28.624536935189816,5.266918908130177,12.823780210799285
2026-02-18,139,Sabine,25.456162637866747,6.873900930690948,4.834459845793901
2026-02-18,139,Loïc,17.86925122083133,4.819933148560922,3.4094517751485647
2026-02-18,139,JulieB,14.875134236262749,6.5581906914787655,-4.799437838173549
2026-02-18,139,ThéoM,16.805704637844762,4.597933626747682,3.0119037576017185
2026-02-18,139,EmmanuelP,19.337301549480465,4.535669733574935,5.730292348755658
2026-02-18,139,BenjaminZ,23.06886849288549,5.944240775475137,5.2361461664600775
2026-02-18,139,Maximilien,31.262146770948664,5.584637330305695,14.508234780031582
2026-02-18,139,PhilippeA,26.36052779797711,6.344773419552541,7.326207539319487
2026-02-19,140,NathV,23.291700693355832,6.429978640718351,4.001764771200779
2026-02-19,140,Lily,33.16130157089824,1.9200105839319603,27.401269819102357
2026-02-19,140,Roland,27.54342779062833,2.683720430405383,19.49226649941218
2026-02-19,140,Rémi,34.483277588435044,2.0988244767728976,28.186804158116352
2026-02-19,140,ManonV,14.363227672907852,3.3109560280055153,4.4303595888913065
2026-02-19,140,Lilou,18.314292722499637,1.7732853203584675,12.994436761424234
2026-02-19,140,Paul,20.075026921096956,2.24964641667239,13.326087671079787
2026-02-19,140,Raphaël,32.669719348542515,2.0972340721029954,26.37801713223353
2026-02-19,140,Julia,24.626589411209245,4.0478552396991825,12.483023692111697
2026-02-19,140,Armelle,25.526240237650054,3.391406351962795,15.35202118176167
2026-02-19,140,Jules,22.34931883819395,2.0782703524097936,16.114507780964566
2026-02-19,140,BenjaminC,30.24834999884394,4.677086055929656,16.217091831054972
2026-02-19,140,LaureS,28.624536935189816,5.266918908130177,12.823780210799285
2026-02-19,140,Sabine,25.456162637866747,6.873900930690948,4.834459845793901
2026-02-19,140,Loïc,17.328329918507723,4.642429535070671,3.4010413132957105
2026-02-19,140,JulieB,14.875134236262749,6.5581906914787655,-4.799437838173549
2026-02-19,140,ThéoM,16.805704637844762,4.597933626747682,3.0119037576017185
2026-02-19,140,EmmanuelP,19.337301549480465,4.535669733574935,5.730292348755658
2026-02-19,140,BenjaminZ,23.06886849288549,5.944240775475137,5.2361461664600775
2026-02-19,140,Maximilien,31.262146770948664,5.584637330305695,14.508234780031582
2026-02-19,140,PhilippeA,26.36052779797711,6.344773419552541,7.326207539319487
2026-02-19,141,NathV,23.291700693355832,6.429978640718351,4.001764771200779
2026-02-19,141,Lily,33.16130157089824,1.9200105839319603,27.401269819102357
2026-02-19,141,Roland,27.54342779062833,2.683720430405383,19.49226649941218
2026-02-19,141,Rémi,34.483277588435044,2.0988244767728976,28.186804158116352
2026-02-19,141,ManonV,13.876193280820669,3.246379153681128,4.137055819777284
2026-02-19,141,Lilou,18.454216994990265,1.7652082416720671,13.158592269974063
2026-02-19,141,Paul,20.075026921096956,2.24964641667239,13.326087671079787
2026-02-19,141,Raphaël,32.669719348542515,2.0972340721029954,26.37801713223353
2026-02-19,141,Julia,24.626589411209245,4.0478552396991825,12.483023692111697
2026-02-19,141,Armelle,25.526240237650054,3.391406351962795,15.35202118176167
2026-02-19,141,Jules,22.34931883819395,2.0782703524097936,16.114507780964566
2026-02-19,141,BenjaminC,30.24834999884394,4.677086055929656,16.217091831054972
2026-02-19,141,LaureS,28.624536935189816,5.266918908130177,12.823780210799285
2026-02-19,141,Sabine,25.456162637866747,6.873900930690948,4.834459845793901
2026-02-19,141,Loïc,18.28554235127096,4.46055811449535,4.903868007784908
2026-02-19,141,JulieB,12.965210734300086,6.033073373127903,-5.134009385083623
2026-02-19,141,ThéoM,16.805704637844762,4.597933626747682,3.0119037576017185
2026-02-19,141,EmmanuelP,19.337301549480465,4.535669733574935,5.730292348755658
2026-02-19,141,BenjaminZ,23.06886849288549,5.944240775475137,5.2361461664600775
2026-02-19,141,Maximilien,31.262146770948664,5.584637330305695,14.508234780031582
2026-02-19,141,PhilippeA,26.36052779797711,6.344773419552541,7.326207539319487
2026-02-19,142,NathV,23.291700693355832,6.429978640718351,4.001764771200779
2026-02-19,142,Lily,33.16130157089824,1.9200105839319603,27.401269819102357
2026-02-19,142,Roland,27.54342779062833,2.683720430405383,19.49226649941218
2026-02-19,142,Rémi,34.483277588435044,2.0988244767728976,28.186804158116352
2026-02-19,142,ManonV,13.235775709936746,3.157558993762947,3.763098728647906
2026-02-19,142,Lilou,18.454216994990265,1.7652082416720671,13.158592269974063
2026-02-19,142,Paul,20.382780228577236,2.2214629134243924,13.718391488304059
2026-02-19,142,Raphaël,32.402198495289575,2.0748179517245227,26.177744640116007
2026-02-19,142,Julia,24.626589411209245,4.0478552396991825,12.483023692111697
2026-02-19,142,Armelle,25.526240237650054,3.391406351962795,15.35202118176167
2026-02-19,142,Jules,22.34931883819395,2.0782703524097936,16.114507780964566
2026-02-19,142,BenjaminC,31.57717335211494,4.404918238777495,18.362418635782454
2026-02-19,142,LaureS,28.624536935189816,5.266918908130177,12.823780210799285
2026-02-19,142,Sabine,25.456162637866747,6.873900930690948,4.834459845793901
2026-02-19,142,Loïc,18.28554235127096,4.46055811449535,4.903868007784908
2026-02-19,142,JulieB,12.965210734300086,6.033073373127903,-5.134009385083623
2026-02-19,142,ThéoM,16.805704637844762,4.597933626747682,3.0119037576017185
2026-02-19,142,EmmanuelP,19.337301549480465,4.535669733574935,5.730292348755658
2026-02-19,142,BenjaminZ,23.06886849288549,5.944240775475137,5.2361461664600775
2026-02-19,142,Maximilien,31.262146770948664,5.584637330305695,14.508234780031582
2026-02-19,142,PhilippeA,26.36052779797711,6.344773419552541,7.326207539319487
2026-02-19,143,NathV,23.291700693355832,6.429978640718351,4.001764771200779
2026-02-19,143,Lily,33.16130157089824,1.9200105839319603,27.401269819102357
2026-02-19,143,Roland,27.54342779062833,2.683720430405383,19.49226649941218
2026-02-19,143,Rémi,34.483277588435044,2.0988244767728976,28.186804158116352
2026-02-19,143,ManonV,13.235775709936746,3.157558993762947,3.763098728647906
2026-02-19,143,Lilou,18.454216994990265,1.7652082416720671,13.158592269974063
2026-02-19,143,Paul,20.762735603776164,2.1981770188687553,14.168204547169898
2026-02-19,143,Raphaël,32.402198495289575,2.0748179517245227,26.177744640116007
2026-02-19,143,Julia,24.626589411209245,4.0478552396991825,12.483023692111697
2026-02-19,143,Armelle,25.526240237650054,3.391406351962795,15.35202118176167
2026-02-19,143,Jules,22.34931883819395,2.0782703524097936,16.114507780964566
2026-02-19,143,BenjaminC,31.57717335211494,4.404918238777495,18.362418635782454
2026-02-19,143,LaureS,28.624536935189816,5.266918908130177,12.823780210799285
2026-02-19,143,Sabine,25.456162637866747,6.873900930690948,4.834459845793901
2026-02-19,143,Loïc,16.755252486973376,4.256931978487266,3.9844565515115775
2026-02-19,143,JulieB,15.764216609801146,5.517523972328306,-0.788355307183771
2026-02-19,143,ThéoM,15.179737462479745,4.374480813732,2.056295021283743
2026-02-19,143,EmmanuelP,19.337301549480465,4.535669733574935,5.730292348755658
2026-02-19,143,BenjaminZ,23.06886849288549,5.944240775475137,5.2361461664600775
2026-02-19,143,Maximilien,31.262146770948664,5.584637330305695,14.508234780031582
2026-02-19,143,PhilippeA,26.36052779797711,6.344773419552541,7.326207539319487
2026-02-19,144,NathV,23.291700693355832,6.429978640718351,4.001764771200779
2026-02-19,144,Lily,32.94673081003812,1.90391825808136,27.234976035794038
2026-02-19,144,Roland,27.54342779062833,2.683720430405383,19.49226649941218
2026-02-19,144,Rémi,34.483277588435044,2.0988244767728976,28.186804158116352
2026-02-19,144,ManonV,13.235775709936746,3.157558993762947,3.763098728647906
2026-02-19,144,Lilou,18.454216994990265,1.7652082416720671,13.158592269974063
2026-02-19,144,Paul,21.043857704173483,2.172873384953024,14.525237549314411
2026-02-19,144,Raphaël,32.65269747766676,2.0538940161993846,26.49101542906861
2026-02-19,144,Julia,24.626589411209245,4.0478552396991825,12.483023692111697
2026-02-19,144,Armelle,25.526240237650054,3.391406351962795,15.35202118176167
2026-02-19,144,Jules,22.34931883819395,2.0782703524097936,16.114507780964566
2026-02-19,144,BenjaminC,31.57717335211494,4.404918238777495,18.362418635782454
2026-02-19,144,LaureS,28.624536935189816,5.266918908130177,12.823780210799285
2026-02-19,144,Sabine,25.456162637866747,6.873900930690948,4.834459845793901
2026-02-19,144,Loïc,16.755252486973376,4.256931978487266,3.9844565515115775
2026-02-19,144,JulieB,13.995193672202664,5.0789087109955275,-1.2415324607839189
2026-02-19,144,ThéoM,15.179737462479745,4.374480813732,2.056295021283743
2026-02-19,144,EmmanuelP,19.337301549480465,4.535669733574935,5.730292348755658
2026-02-19,144,BenjaminZ,23.06886849288549,5.944240775475137,5.2361461664600775
2026-02-19,144,Maximilien,31.262146770948664,5.584637330305695,14.508234780031582
2026-02-19,144,PhilippeA,26.36052779797711,6.344773419552541,7.326207539319487
2026-02-19,145,NathV,23.291700693355832,6.429978640718351,4.001764771200779
2026-02-19,145,Lily,33.29043334858596,1.8824560576565403,27.643065175616336
2026-02-19,145,Roland,27.54342779062833,2.683720430405383,19.49226649941218
2026-02-19,145,Rémi,34.483277588435044,2.0988244767728976,28.186804158116352
2026-02-19,145,ManonV,13.235775709936746,3.157558993762947,3.763098728647906
2026-02-19,145,Lilou,18.454216994990265,1.7652082416720671,13.158592269974063
2026-02-19,145,Paul,20.59638959512427,2.1398162992970056,14.176940697233253
2026-02-19,145,Raphaël,32.252821476952924,2.0263335462578618,26.17382083817934
2026-02-19,145,Julia,24.626589411209245,4.0478552396991825,12.483023692111697
2026-02-19,145,Armelle,25.526240237650054,3.391406351962795,15.35202118176167
2026-02-19,145,Jules,22.34931883819395,2.0782703524097936,16.114507780964566
2026-02-19,145,BenjaminC,31.57717335211494,4.404918238777495,18.362418635782454
2026-02-19,145,LaureS,28.624536935189816,5.266918908130177,12.823780210799285
2026-02-19,145,Sabine,25.456162637866747,6.873900930690948,4.834459845793901
2026-02-19,145,Loïc,16.755252486973376,4.256931978487266,3.9844565515115775
2026-02-19,145,JulieB,13.995193672202664,5.0789087109955275,-1.2415324607839189
2026-02-19,145,ThéoM,15.179737462479745,4.374480813732,2.056295021283743
2026-02-19,145,EmmanuelP,21.284832459256123,4.212732531520359,8.646634864695045
2026-02-19,145,BenjaminZ,23.06886849288549,5.944240775475137,5.2361461664600775
2026-02-19,145,Maximilien,31.262146770948664,5.584637330305695,14.508234780031582
2026-02-19,145,PhilippeA,26.36052779797711,6.344773419552541,7.326207539319487
2026-02-19,146,NathV,23.291700693355832,6.429978640718351,4.001764771200779
2026-02-19,146,Lily,33.513358926307255,1.8651238411693654,27.91798740279916
2026-02-19,146,Roland,27.54342779062833,2.683720430405383,19.49226649941218
2026-02-19,146,Rémi,34.483277588435044,2.0988244767728976,28.186804158116352
2026-02-19,146,ManonV,13.235775709936746,3.157558993762947,3.763098728647906
2026-02-19,146,Lilou,18.258143599149037,1.7513662979952627,13.004044705163249
2026-02-19,146,Paul,20.88430911593166,2.113249766139659,14.544559817512685
2026-02-19,146,Raphaël,32.252821476952924,2.0263335462578618,26.17382083817934
2026-02-19,146,Julia,24.626589411209245,4.0478552396991825,12.483023692111697
2026-02-19,146,Armelle,25.526240237650054,3.391406351962795,15.35202118176167
2026-02-19,146,Jules,22.34931883819395,2.0782703524097936,16.114507780964566
2026-02-19,146,BenjaminC,30.358489475175684,4.15469893653869,17.894392665559614
2026-02-19,146,LaureS,28.624536935189816,5.266918908130177,12.823780210799285
2026-02-19,146,Sabine,25.456162637866747,6.873900930690948,4.834459845793901
2026-02-19,146,Loïc,16.755252486973376,4.256931978487266,3.9844565515115775
2026-02-19,146,JulieB,13.995193672202664,5.0789087109955275,-1.2415324607839189
2026-02-19,146,ThéoM,15.179737462479745,4.374480813732,2.056295021283743
2026-02-19,146,EmmanuelP,21.284832459256123,4.212732531520359,8.646634864695045
2026-02-19,146,BenjaminZ,23.06886849288549,5.944240775475137,5.2361461664600775
2026-02-19,146,Maximilien,31.262146770948664,5.584637330305695,14.508234780031582
2026-02-19,146,PhilippeA,26.36052779797711,6.344773419552541,7.326207539319487
2026-02-19,147,NathV,23.291700693355832,6.429978640718351,4.001764771200779
2026-02-19,147,Lily,34.11074222722286,1.8392734283559118,28.592921942155122
2026-02-19,147,Roland,27.54342779062833,2.683720430405383,19.49226649941218
2026-02-19,147,Rémi,34.483277588435044,2.0988244767728976,28.186804158116352
2026-02-19,147,ManonV,13.235775709936746,3.157558993762947,3.763098728647906
2026-02-19,147,Lilou,18.78501878413502,1.7304152878903882,13.593772920463854
2026-02-19,147,Paul,20.88430911593166,2.113249766139659,14.544559817512685
2026-02-19,147,Raphaël,31.547921684704846,1.9924786606055378,25.570485702888234
2026-02-19,147,Julia,24.626589411209245,4.0478552396991825,12.483023692111697
2026-02-19,147,Armelle,25.526240237650054,3.391406351962795,15.35202118176167
2026-02-19,147,Jules,22.34931883819395,2.0782703524097936,16.114507780964566
2026-02-19,147,BenjaminC,27.398941235944736,3.8402719598115715,15.878125356510022
2026-02-19,147,LaureS,28.624536935189816,5.266918908130177,12.823780210799285
2026-02-19,147,Sabine,25.456162637866747,6.873900930690948,4.834459845793901
2026-02-19,147,Loïc,16.755252486973376,4.256931978487266,3.9844565515115775
2026-02-19,147,JulieB,13.995193672202664,5.0789087109955275,-1.2415324607839189
2026-02-19,147,ThéoM,15.179737462479745,4.374480813732,2.056295021283743
2026-02-19,147,EmmanuelP,21.284832459256123,4.212732531520359,8.646634864695045
2026-02-19,147,BenjaminZ,23.06886849288549,5.944240775475137,5.2361461664600775
2026-02-19,147,Maximilien,31.262146770948664,5.584637330305695,14.508234780031582
2026-02-19,147,PhilippeA,26.36052779797711,6.344773419552541,7.326207539319487
2026-02-19,148,NathV,23.291700693355832,6.429978640718351,4.001764771200779
2026-02-19,148,Lily,34.11074222722286,1.8392734283559118,28.592921942155122
2026-02-19,148,Roland,27.54342779062833,2.683720430405383,19.49226649941218
2026-02-19,148,Rémi,34.483277588435044,2.0988244767728976,28.186804158116352
2026-02-19,148,ManonV,13.235775709936746,3.157558993762947,3.763098728647906
2026-02-19,148,Lilou,18.42486559076648,1.7116378377268102,13.28995207758605
2026-02-19,148,Paul,21.421040521580334,2.0769686760397073,15.190134493461212
2026-02-19,148,Raphaël,31.070692585213102,1.962457333002088,25.18332058620684
2026-02-19,148,Julia,24.626589411209245,4.0478552396991825,12.483023692111697
2026-02-19,148,Armelle,26.907267760822197,3.2335924338546347,17.206490459258294
2026-02-19,148,Jules,22.34931883819395,2.0782703524097936,16.114507780964566
2026-02-19,148,BenjaminC,27.398941235944736,3.8402719598115715,15.878125356510022
2026-02-19,148,LaureS,28.624536935189816,5.266918908130177,12.823780210799285
2026-02-19,148,Sabine,25.456162637866747,6.873900930690948,4.834459845793901
2026-02-19,148,Loïc,16.755252486973376,4.256931978487266,3.9844565515115775
2026-02-19,148,JulieB,13.995193672202664,5.0789087109955275,-1.2415324607839189
2026-02-19,148,ThéoM,15.179737462479745,4.374480813732,2.056295021283743
2026-02-19,148,EmmanuelP,21.284832459256123,4.212732531520359,8.646634864695045
2026-02-19,148,BenjaminZ,23.06886849288549,5.944240775475137,5.2361461664600775
2026-02-19,148,Maximilien,31.262146770948664,5.584637330305695,14.508234780031582
2026-02-19,148,PhilippeA,26.36052779797711,6.344773419552541,7.326207539319487
2026-02-20,149,NathV,23.291700693355832,6.429978640718351,4.001764771200779
2026-02-20,149,Lily,34.11074222722286,1.8392734283559118,28.592921942155122
2026-02-20,149,Roland,28.242258597076592,2.609890810001455,20.412586167072227
2026-02-20,149,Rémi,34.483277588435044,2.0988244767728976,28.186804158116352
2026-02-20,149,ManonV,13.235775709936746,3.157558993762947,3.763098728647906
2026-02-20,149,Lilou,18.140202652508943,1.694298581161403,13.057306909024735
2026-02-20,149,Paul,21.83987017625424,2.0439829404629752,15.707921354865315
2026-02-20,149,Raphaël,30.696701022333823,1.9350091117925332,24.891673686956224
2026-02-20,149,Julia,24.626589411209245,4.0478552396991825,12.483023692111697
2026-02-20,149,Armelle,26.907267760822197,3.2335924338546347,17.206490459258294
2026-02-20,149,Jules,22.34931883819395,2.0782703524097936,16.114507780964566
2026-02-20,149,BenjaminC,27.398941235944736,3.8402719598115715,15.878125356510022
2026-02-20,149,LaureS,28.624536935189816,5.266918908130177,12.823780210799285
2026-02-20,149,Sabine,25.456162637866747,6.873900930690948,4.834459845793901
2026-02-20,149,Loïc,16.755252486973376,4.256931978487266,3.9844565515115775
2026-02-20,149,JulieB,13.995193672202664,5.0789087109955275,-1.2415324607839189
2026-02-20,149,ThéoM,15.179737462479745,4.374480813732,2.056295021283743
2026-02-20,149,EmmanuelP,21.284832459256123,4.212732531520359,8.646634864695045
2026-02-20,149,BenjaminZ,23.06886849288549,5.944240775475137,5.2361461664600775
2026-02-20,149,Maximilien,31.262146770948664,5.584637330305695,14.508234780031582
2026-02-20,149,PhilippeA,26.36052779797711,6.344773419552541,7.326207539319487
2026-02-20,150,NathV,23.291700693355832,6.429978640718351,4.001764771200779
2026-02-20,150,Lily,34.11074222722286,1.8392734283559118,28.592921942155122
2026-02-20,150,Roland,28.242258597076592,2.609890810001455,20.412586167072227
2026-02-20,150,Rémi,34.483277588435044,2.0988244767728976,28.186804158116352
2026-02-20,150,ManonV,12.97363377080389,3.120899305539686,3.610935854184831
2026-02-20,150,Lilou,18.140202652508943,1.694298581161403,13.057306909024735
2026-02-20,150,Paul,21.83987017625424,2.0439829404629752,15.707921354865315
2026-02-20,150,Raphaël,30.696701022333823,1.9350091117925332,24.891673686956224
2026-02-20,150,Julia,24.626589411209245,4.0478552396991825,12.483023692111697
2026-02-20,150,Armelle,26.632358055569316,3.1941030046972054,17.0500490414777
2026-02-20,150,Jules,22.34931883819395,2.0782703524097936,16.114507780964566
2026-02-20,150,BenjaminC,27.78660890887039,3.7730723624911096,16.467391821397065
2026-02-20,150,LaureS,28.624536935189816,5.266918908130177,12.823780210799285
2026-02-20,150,Sabine,25.456162637866747,6.873900930690948,4.834459845793901
2026-02-20,150,Loïc,16.755252486973376,4.256931978487266,3.9844565515115775
2026-02-20,150,JulieB,13.995193672202664,5.0789087109955275,-1.2415324607839189
2026-02-20,150,ThéoM,15.179737462479745,4.374480813732,2.056295021283743
2026-02-20,150,EmmanuelP,21.284832459256123,4.212732531520359,8.646634864695045
2026-02-20,150,BenjaminZ,23.06886849288549,5.944240775475137,5.2361461664600775
2026-02-20,150,Maximilien,31.262146770948664,5.584637330305695,14.508234780031582
2026-02-20,150,PhilippeA,26.36052779797711,6.344773419552541,7.326207539319487
2026-02-20,151,NathV,23.291700693355832,6.429978640718351,4.001764771200779
2026-02-20,151,Lily,33.68564784815167,1.8203884718202534,28.224482432690905
2026-02-20,151,Roland,29.097304413240476,2.5516191908480366,21.442446840696366
2026-02-20,151,Rémi,34.483277588435044,2.0988244767728976,28.186804158116352
2026-02-20,151,ManonV,12.97363377080389,3.120899305539686,3.610935854184831
2026-02-20,151,Lilou,18.140202652508943,1.694298581161403,13.057306909024735
2026-02-20,151,Paul,21.83987017625424,2.0439829404629752,15.707921354865315
2026-02-20,151,Raphaël,30.696701022333823,1.9350091117925332,24.891673686956224
2026-02-20,151,Julia,24.626589411209245,4.0478552396991825,12.483023692111697
2026-02-20,151,Armelle,26.632358055569316,3.1941030046972054,17.0500490414777
2026-02-20,151,Jules,22.34931883819395,2.0782703524097936,16.114507780964566
2026-02-20,151,BenjaminC,27.78660890887039,3.7730723624911096,16.467391821397065
2026-02-20,151,LaureS,28.624536935189816,5.266918908130177,12.823780210799285
2026-02-20,151,Sabine,25.456162637866747,6.873900930690948,4.834459845793901
2026-02-20,151,Loïc,14.481925095653946,3.9941517441486707,2.499469863207933
2026-02-20,151,JulieB,13.995193672202664,5.0789087109955275,-1.2415324607839189
2026-02-20,151,ThéoM,17.580298620299725,4.088712191760343,5.314162045018698
2026-02-20,151,EmmanuelP,21.284832459256123,4.212732531520359,8.646634864695045
2026-02-20,151,BenjaminZ,23.06886849288549,5.944240775475137,5.2361461664600775
2026-02-20,151,Maximilien,31.262146770948664,5.584637330305695,14.508234780031582
2026-02-20,151,PhilippeA,26.36052779797711,6.344773419552541,7.326207539319487
2026-02-20,152,NathV,23.291700693355832,6.429978640718351,4.001764771200779
2026-02-20,152,Lily,33.68564784815167,1.8203884718202534,28.224482432690905
2026-02-20,152,Roland,29.097304413240476,2.5516191908480366,21.442446840696366
2026-02-20,152,Rémi,34.483277588435044,2.0988244767728976,28.186804158116352
2026-02-20,152,ManonV,12.97363377080389,3.120899305539686,3.610935854184831
2026-02-20,152,Lilou,18.47347207778782,1.6808151513775973,13.431026623655029
2026-02-20,152,Paul,22.324535617820715,2.018384985704214,16.269380660708073
2026-02-20,152,Raphaël,30.262253824165295,1.9136534208609568,24.521293561582425
2026-02-20,152,Julia,24.626589411209245,4.0478552396991825,12.483023692111697
2026-02-20,152,Armelle,26.632358055569316,3.1941030046972054,17.0500490414777
2026-02-20,152,Jules,22.34931883819395,2.0782703524097936,16.114507780964566
2026-02-20,152,BenjaminC,27.78660890887039,3.7730723624911096,16.467391821397065
2026-02-20,152,LaureS,28.624536935189816,5.266918908130177,12.823780210799285
2026-02-20,152,Sabine,25.456162637866747,6.873900930690948,4.834459845793901
2026-02-20,152,Loïc,14.481925095653946,3.9941517441486707,2.499469863207933
2026-02-20,152,JulieB,13.995193672202664,5.0789087109955275,-1.2415324607839189
2026-02-20,152,ThéoM,17.580298620299725,4.088712191760343,5.314162045018698
2026-02-20,152,EmmanuelP,21.284832459256123,4.212732531520359,8.646634864695045
2026-02-20,152,BenjaminZ,23.06886849288549,5.944240775475137,5.2361461664600775
2026-02-20,152,Maximilien,31.262146770948664,5.584637330305695,14.508234780031582
2026-02-20,152,PhilippeA,26.36052779797711,6.344773419552541,7.326207539319487
2026-02-20,153,NathV,23.291700693355832,6.429978640718351,4.001764771200779
2026-02-20,153,Lily,34.04062758281385,1.8028524733920612,28.632070162637664
2026-02-20,153,Roland,28.400580132466704,2.499238290940944,20.902865259643875
2026-02-20,153,Rémi,34.483277588435044,2.0988244767728976,28.186804158116352
2026-02-20,153,ManonV,12.97363377080389,3.120899305539686,3.610935854184831
2026-02-20,153,Lilou,18.47347207778782,1.6808151513775973,13.431026623655029
2026-02-20,153,Paul,22.760764025590802,1.993585827641586,16.780006542666044
2026-02-20,153,Raphaël,30.262253824165295,1.9136534208609568,24.521293561582425
2026-02-20,153,Julia,24.626589411209245,4.0478552396991825,12.483023692111697
2026-02-20,153,Armelle,26.632358055569316,3.1941030046972054,17.0500490414777
2026-02-20,153,Jules,22.34931883819395,2.0782703524097936,16.114507780964566
2026-02-20,153,BenjaminC,27.78660890887039,3.7730723624911096,16.467391821397065
2026-02-20,153,LaureS,28.624536935189816,5.266918908130177,12.823780210799285
2026-02-20,153,Sabine,25.456162637866747,6.873900930690948,4.834459845793901
2026-02-20,153,Loïc,14.481925095653946,3.9941517441486707,2.499469863207933
2026-02-20,153,JulieB,13.995193672202664,5.0789087109955275,-1.2415324607839189
2026-02-20,153,ThéoM,17.580298620299725,4.088712191760343,5.314162045018698
2026-02-20,153,EmmanuelP,21.284832459256123,4.212732531520359,8.646634864695045
2026-02-20,153,BenjaminZ,23.06886849288549,5.944240775475137,5.2361461664600775
2026-02-20,153,Maximilien,27.927476554850937,4.997534190322637,12.934873983883026
2026-02-20,153,PhilippeA,26.36052779797711,6.344773419552541,7.326207539319487
2026-02-20,154,NathV,23.291700693355832,6.429978640718351,4.001764771200779
2026-02-20,154,Lily,34.29188569763353,1.7919419884940795,28.916059732151293
2026-02-20,154,Roland,28.400580132466704,2.499238290940944,20.902865259643875
2026-02-20,154,Rémi,34.483277588435044,2.0988244767728976,28.186804158116352
2026-02-20,154,ManonV,12.97363377080389,3.120899305539686,3.610935854184831
2026-02-20,154,Lilou,18.691935603980117,1.6724781939338162,13.674501022178667
2026-02-20,154,Paul,22.760764025590802,1.993585827641586,16.780006542666044
2026-02-20,154,Raphaël,30.262253824165295,1.9136534208609568,24.521293561582425
2026-02-20,154,Julia,24.626589411209245,4.0478552396991825,12.483023692111697
2026-02-20,154,Armelle,26.632358055569316,3.1941030046972054,17.0500490414777
2026-02-20,154,Jules,22.34931883819395,2.0782703524097936,16.114507780964566
2026-02-20,154,BenjaminC,27.78660890887039,3.7730723624911096,16.467391821397065
2026-02-20,154,LaureS,28.624536935189816,5.266918908130177,12.823780210799285
2026-02-20,154,Sabine,25.456162637866747,6.873900930690948,4.834459845793901
2026-02-20,154,Loïc,14.481925095653946,3.9941517441486707,2.499469863207933
2026-02-20,154,JulieB,13.995193672202664,5.0789087109955275,-1.2415324607839189
2026-02-20,154,ThéoM,17.580298620299725,4.088712191760343,5.314162045018698
2026-02-20,154,EmmanuelP,21.284832459256123,4.212732531520359,8.646634864695045
2026-02-20,154,BenjaminZ,23.06886849288549,5.944240775475137,5.2361461664600775
2026-02-20,154,Maximilien,26.000372816984186,4.718745879221378,11.844135179320052
2026-02-20,154,PhilippeA,26.36052779797711,6.344773419552541,7.326207539319487
2026-02-20,155,NathV,21.44379487331326,5.849331080771878,3.8958016309976244
2026-02-20,155,Lily,34.43569068377063,1.781791025880434,29.09031760612933
2026-02-20,155,Roland,28.400580132466704,2.499238290940944,20.902865259643875
2026-02-20,155,Rémi,34.483277588435044,2.0988244767728976,28.186804158116352
2026-02-20,155,ManonV,12.97363377080389,3.120899305539686,3.610935854184831
2026-02-20,155,Lilou,18.817245574691718,1.664724928187272,13.823070790129902
2026-02-20,155,Paul,22.58284766397609,1.9786791137136832,16.64681032283504
2026-02-20,155,Raphaël,30.262253824165295,1.9136534208609568,24.521293561582425
2026-02-20,155,Julia,24.626589411209245,4.0478552396991825,12.483023692111697
2026-02-20,155,Armelle,26.632358055569316,3.1941030046972054,17.0500490414777
2026-02-20,155,Jules,22.34931883819395,2.0782703524097936,16.114507780964566
2026-02-20,155,BenjaminC,27.78660890887039,3.7730723624911096,16.467391821397065
2026-02-20,155,LaureS,28.624536935189816,5.266918908130177,12.823780210799285
2026-02-20,155,Sabine,25.456162637866747,6.873900930690948,4.834459845793901
2026-02-20,155,Loïc,14.481925095653946,3.9941517441486707,2.499469863207933
2026-02-20,155,JulieB,13.995193672202664,5.0789087109955275,-1.2415324607839189
2026-02-20,155,ThéoM,17.580298620299725,4.088712191760343,5.314162045018698
2026-02-20,155,EmmanuelP,21.284832459256123,4.212732531520359,8.646634864695045
2026-02-20,155,BenjaminZ,23.06886849288549,5.944240775475137,5.2361461664600775
2026-02-20,155,Maximilien,26.000372816984186,4.718745879221378,11.844135179320052
2026-02-20,155,PhilippeA,26.36052779797711,6.344773419552541,7.326207539319487
2026-02-20,156,NathV,21.44379487331326,5.849331080771878,3.8958016309976244
2026-02-20,156,Lily,34.32727811078421,1.7707539531017897,29.015016251478844
2026-02-20,156,Roland,28.61364659516242,2.464724147398992,21.219474152965446
2026-02-20,156,Rémi,34.63361031746058,2.0792452121138534,28.395874681119018
2026-02-20,156,ManonV,12.97363377080389,3.120899305539686,3.610935854184831
2026-02-20,156,Lilou,18.72258065665082,1.6562194001573547,13.753922456178756
2026-02-20,156,Paul,22.58284766397609,1.9786791137136832,16.64681032283504
2026-02-20,156,Raphaël,30.262253824165295,1.9136534208609568,24.521293561582425
2026-02-20,156,Julia,24.626589411209245,4.0478552396991825,12.483023692111697
2026-02-20,156,Armelle,26.632358055569316,3.1941030046972054,17.0500490414777
2026-02-20,156,Jules,22.34931883819395,2.0782703524097936,16.114507780964566
2026-02-20,156,BenjaminC,27.78660890887039,3.7730723624911096,16.467391821397065
2026-02-20,156,LaureS,28.624536935189816,5.266918908130177,12.823780210799285
2026-02-20,156,Sabine,25.456162637866747,6.873900930690948,4.834459845793901
2026-02-20,156,Loïc,14.481925095653946,3.9941517441486707,2.499469863207933
2026-02-20,156,JulieB,13.995193672202664,5.0789087109955275,-1.2415324607839189
2026-02-20,156,ThéoM,17.580298620299725,4.088712191760343,5.314162045018698
2026-02-20,156,EmmanuelP,21.284832459256123,4.212732531520359,8.646634864695045
2026-02-20,156,BenjaminZ,23.06886849288549,5.944240775475137,5.2361461664600775
2026-02-20,156,Maximilien,26.000372816984186,4.718745879221378,11.844135179320052
2026-02-20,156,PhilippeA,26.36052779797711,6.344773419552541,7.326207539319487
2026-02-20,157,NathV,21.44379487331326,5.849331080771878,3.8958016309976244
2026-02-20,157,Lily,33.94041409822674,1.755861967420418,28.672828195965486
2026-02-20,157,Roland,29.362357101349506,2.420555947252456,22.100689259592137
2026-02-20,157,Rémi,34.63361031746058,2.0792452121138534,28.395874681119018
2026-02-20,157,ManonV,12.97363377080389,3.120899305539686,3.610935854184831
2026-02-20,157,Lilou,18.72258065665082,1.6562194001573547,13.753922456178756
2026-02-20,157,Paul,23.065685713000732,1.9569082273199225,17.194961031040965
2026-02-20,157,Raphaël,30.262253824165295,1.9136534208609568,24.521293561582425
2026-02-20,157,Julia,24.626589411209245,4.0478552396991825,12.483023692111697
2026-02-20,157,Armelle,26.632358055569316,3.1941030046972054,17.0500490414777
2026-02-20,157,Jules,22.34931883819395,2.0782703524097936,16.114507780964566
2026-02-20,157,BenjaminC,27.78660890887039,3.7730723624911096,16.467391821397065
2026-02-20,157,LaureS,28.624536935189816,5.266918908130177,12.823780210799285
2026-02-20,157,Sabine,19.638460645438276,5.814660354026994,2.1944795833572925
2026-02-20,157,Loïc,14.481925095653946,3.9941517441486707,2.499469863207933
2026-02-20,157,JulieB,13.995193672202664,5.0789087109955275,-1.2415324607839189
2026-02-20,157,ThéoM,17.580298620299725,4.088712191760343,5.314162045018698
2026-02-20,157,EmmanuelP,21.284832459256123,4.212732531520359,8.646634864695045
2026-02-20,157,BenjaminZ,23.06886849288549,5.944240775475137,5.2361461664600775
2026-02-20,157,Maximilien,26.000372816984186,4.718745879221378,11.844135179320052
2026-02-20,157,PhilippeA,26.36052779797711,6.344773419552541,7.326207539319487
2026-02-20,158,NathV,21.44379487331326,5.849331080771878,3.8958016309976244
2026-02-20,158,Lily,34.25332547230542,1.7355338857920746,29.046723814929194
2026-02-20,158,Roland,29.362357101349506,2.420555947252456,22.100689259592137
2026-02-20,158,Rémi,34.63361031746058,2.0792452121138534,28.395874681119018
2026-02-20,158,ManonV,12.97363377080389,3.120899305539686,3.610935854184831
2026-02-20,158,Lilou,19.001062764790344,1.6396013030176346,14.08225885573744
2026-02-20,158,Paul,22.67718552290091,1.9277772089789287,16.893853895964124
2026-02-20,158,Raphaël,29.890707620751993,1.8865733151432456,24.230987675322254
2026-02-20,158,Julia,24.626589411209245,4.0478552396991825,12.483023692111697
2026-02-20,158,Armelle,26.632358055569316,3.1941030046972054,17.0500490414777
2026-02-20,158,Jules,22.34931883819395,2.0782703524097936,16.114507780964566
2026-02-20,158,BenjaminC,27.78660890887039,3.7730723624911096,16.467391821397065
2026-02-20,158,LaureS,28.624536935189816,5.266918908130177,12.823780210799285
2026-02-20,158,Sabine,19.638460645438276,5.814660354026994,2.1944795833572925
2026-02-20,158,Loïc,14.481925095653946,3.9941517441486707,2.499469863207933
2026-02-20,158,JulieB,13.995193672202664,5.0789087109955275,-1.2415324607839189
2026-02-20,158,ThéoM,17.580298620299725,4.088712191760343,5.314162045018698
2026-02-20,158,EmmanuelP,21.284832459256123,4.212732531520359,8.646634864695045
2026-02-20,158,BenjaminZ,23.06886849288549,5.944240775475137,5.2361461664600775
2026-02-20,158,Maximilien,26.000372816984186,4.718745879221378,11.844135179320052
2026-02-20,158,PhilippeA,26.36052779797711,6.344773419552541,7.326207539319487
2026-02-20,159,NathV,21.44379487331326,5.849331080771878,3.8958016309976244
2026-02-20,159,Lily,34.34062331432412,1.7286150902856945,29.154778043467036
2026-02-20,159,Roland,29.362357101349506,2.420555947252456,22.100689259592137
2026-02-20,159,Rémi,34.63361031746058,2.0792452121138534,28.395874681119018
2026-02-20,159,ManonV,12.97363377080389,3.120899305539686,3.610935854184831
2026-02-20,159,Lilou,18.923127480214706,1.6341969594664685,14.020536601815301
2026-02-20,159,Paul,22.67718552290091,1.9277772089789287,16.893853895964124
2026-02-20,159,Raphaël,29.787590421947034,1.8769583853551677,24.15671526588153
2026-02-20,159,Julia,24.626589411209245,4.0478552396991825,12.483023692111697
2026-02-20,159,Armelle,26.632358055569316,3.1941030046972054,17.0500490414777
2026-02-20,159,Jules,22.34931883819395,2.0782703524097936,16.114507780964566
2026-02-20,159,BenjaminC,27.78660890887039,3.7730723624911096,16.467391821397065
2026-02-20,159,LaureS,28.624536935189816,5.266918908130177,12.823780210799285
2026-02-20,159,Sabine,19.638460645438276,5.814660354026994,2.1944795833572925
2026-02-20,159,Loïc,14.481925095653946,3.9941517441486707,2.499469863207933
2026-02-20,159,JulieB,13.995193672202664,5.0789087109955275,-1.2415324607839189
2026-02-20,159,ThéoM,17.580298620299725,4.088712191760343,5.314162045018698
2026-02-20,159,EmmanuelP,21.284832459256123,4.212732531520359,8.646634864695045
2026-02-20,159,BenjaminZ,23.06886849288549,5.944240775475137,5.2361461664600775
2026-02-20,159,Maximilien,26.000372816984186,4.718745879221378,11.844135179320052
2026-02-20,159,PhilippeA,26.36052779797711,6.344773419552541,7.326207539319487
2026-02-20,160,NathV,21.44379487331326,5.849331080771878,3.8958016309976244
2026-02-20,160,Lily,33.80630955436954,1.704853350707298,28.691749502247646
2026-02-20,160,Roland,29.362357101349506,2.420555947252456,22.100689259592137
2026-02-20,160,Rémi,34.63361031746058,2.0792452121138534,28.395874681119018
2026-02-20,160,ManonV,12.97363377080389,3.120899305539686,3.610935854184831
2026-02-20,160,Lilou,18.923127480214706,1.6341969594664685,14.020536601815301
2026-02-20,160,Paul,22.67718552290091,1.9277772089789287,16.893853895964124
2026-02-20,160,Raphaël,30.417322968584205,1.845791068676531,24.879949762554613
2026-02-20,160,Julia,24.626589411209245,4.0478552396991825,12.483023692111697
2026-02-20,160,Armelle,26.632358055569316,3.1941030046972054,17.0500490414777
2026-02-20,160,Jules,22.34931883819395,2.0782703524097936,16.114507780964566
2026-02-20,160,BenjaminC,27.78660890887039,3.7730723624911096,16.467391821397065
2026-02-20,160,LaureS,28.624536935189816,5.266918908130177,12.823780210799285
2026-02-20,160,Sabine,19.638460645438276,5.814660354026994,2.1944795833572925
2026-02-20,160,Loïc,14.481925095653946,3.9941517441486707,2.499469863207933
2026-02-20,160,JulieB,13.995193672202664,5.0789087109955275,-1.2415324607839189
2026-02-20,160,ThéoM,17.580298620299725,4.088712191760343,5.314162045018698
2026-02-20,160,EmmanuelP,21.284832459256123,4.212732531520359,8.646634864695045
2026-02-20,160,BenjaminZ,23.06886849288549,5.944240775475137,5.2361461664600775
2026-02-20,160,Maximilien,26.000372816984186,4.718745879221378,11.844135179320052
2026-02-20,160,PhilippeA,26.36052779797711,6.344773419552541,7.326207539319487
2026-02-20,161,NathV,21.44379487331326,5.849331080771878,3.8958016309976244
2026-02-20,161,Lily,33.35067106145869,1.682970717434438,28.301758909155378
2026-02-20,161,Roland,29.362357101349506,2.420555947252456,22.100689259592137
2026-02-20,161,Rémi,34.63361031746058,2.0792452121138534,28.395874681119018
2026-02-20,161,ManonV,12.97363377080389,3.120899305539686,3.610935854184831
2026-02-20,161,Lilou,18.923127480214706,1.6341969594664685,14.020536601815301
2026-02-20,161,Paul,22.67718552290091,1.9277772089789287,16.893853895964124
2026-02-20,161,Raphaël,30.951222276074155,1.817296293721212,25.49933339491052
2026-02-20,161,Julia,24.626589411209245,4.0478552396991825,12.483023692111697
2026-02-20,161,Armelle,26.632358055569316,3.1941030046972054,17.0500490414777
2026-02-20,161,Jules,22.34931883819395,2.0782703524097936,16.114507780964566
2026-02-20,161,BenjaminC,27.78660890887039,3.7730723624911096,16.467391821397065
2026-02-20,161,LaureS,28.624536935189816,5.266918908130177,12.823780210799285
2026-02-20,161,Sabine,19.638460645438276,5.814660354026994,2.1944795833572925
2026-02-20,161,Loïc,14.481925095653946,3.9941517441486707,2.499469863207933
2026-02-20,161,JulieB,13.995193672202664,5.0789087109955275,-1.2415324607839189
2026-02-20,161,ThéoM,17.580298620299725,4.088712191760343,5.314162045018698
2026-02-20,161,EmmanuelP,21.284832459256123,4.212732531520359,8.646634864695045
2026-02-20,161,BenjaminZ,23.06886849288549,5.944240775475137,5.2361461664600775
2026-02-20,161,Maximilien,26.000372816984186,4.718745879221378,11.844135179320052
2026-02-20,161,PhilippeA,26.36052779797711,6.344773419552541,7.326207539319487
2026-02-24,162,NathV,21.44379487331326,5.849331080771878,3.8958016309976244
2026-02-24,162,Lily,33.35067106145869,1.682970717434438,28.301758909155378
2026-02-24,162,Roland,29.362357101349506,2.420555947252456,22.100689259592137
2026-02-24,162,Rémi,34.63361031746058,2.0792452121138534,28.395874681119018
2026-02-24,162,ManonV,12.69380191290771,3.0651475134010444,3.498359372704577
2026-02-24,162,Lilou,18.999998872933354,1.628187369130855,14.115436765540789
2026-02-24,162,Paul,22.570291709215496,1.9162283773376618,16.82160657720251
2026-02-24,162,Raphaël,30.951222276074155,1.817296293721212,25.49933339491052
2026-02-24,162,Julia,24.626589411209245,4.0478552396991825,12.483023692111697
2026-02-24,162,Armelle,26.632358055569316,3.1941030046972054,17.0500490414777
2026-02-24,162,Jules,22.34931883819395,2.0782703524097936,16.114507780964566
2026-02-24,162,BenjaminC,28.195521212548137,3.6731117021880966,17.176186105983845
2026-02-24,162,LaureS,28.624536935189816,5.266918908130177,12.823780210799285
2026-02-24,162,Sabine,19.638460645438276,5.814660354026994,2.1944795833572925
2026-02-24,162,Loïc,14.481925095653946,3.9941517441486707,2.499469863207933
2026-02-24,162,JulieB,13.995193672202664,5.0789087109955275,-1.2415324607839189
2026-02-24,162,ThéoM,17.580298620299725,4.088712191760343,5.314162045018698
2026-02-24,162,EmmanuelP,21.284832459256123,4.212732531520359,8.646634864695045
2026-02-24,162,BenjaminZ,23.06886849288549,5.944240775475137,5.2361461664600775
2026-02-24,162,Maximilien,26.000372816984186,4.718745879221378,11.844135179320052
2026-02-24,162,PhilippeA,26.36052779797711,6.344773419552541,7.326207539319487
2026-02-24,163,NathV,21.44379487331326,5.849331080771878,3.8958016309976244
2026-02-24,163,Lily,33.4216442724271,1.6781957422113485,28.387057045793057
2026-02-24,163,Roland,29.362357101349506,2.420555947252456,22.100689259592137
2026-02-24,163,Rémi,34.63361031746058,2.0792452121138534,28.395874681119018
2026-02-24,163,ManonV,12.69380191290771,3.0651475134010444,3.498359372704577
2026-02-24,163,Lilou,18.933559920976364,1.6241270868280004,14.061178660492363
2026-02-24,163,Paul,22.570291709215496,1.9162283773376618,16.82160657720251
2026-02-24,163,Raphaël,30.951222276074155,1.817296293721212,25.49933339491052
2026-02-24,163,Julia,24.626589411209245,4.0478552396991825,12.483023692111697
2026-02-24,163,Armelle,26.632358055569316,3.1941030046972054,17.0500490414777
2026-02-24,163,Jules,22.34931883819395,2.0782703524097936,16.114507780964566
2026-02-24,163,BenjaminC,27.858102169359576,3.6026353025493867,17.050196261711417
2026-02-24,163,LaureS,28.624536935189816,5.266918908130177,12.823780210799285
2026-02-24,163,Sabine,19.638460645438276,5.814660354026994,2.1944795833572925
2026-02-24,163,Loïc,14.481925095653946,3.9941517441486707,2.499469863207933
2026-02-24,163,JulieB,13.995193672202664,5.0789087109955275,-1.2415324607839189
2026-02-24,163,ThéoM,17.580298620299725,4.088712191760343,5.314162045018698
2026-02-24,163,EmmanuelP,21.284832459256123,4.212732531520359,8.646634864695045
2026-02-24,163,BenjaminZ,23.06886849288549,5.944240775475137,5.2361461664600775
2026-02-24,163,Maximilien,26.000372816984186,4.718745879221378,11.844135179320052
2026-02-24,163,PhilippeA,27.366961064486947,5.969869751033513,9.45735181138641
2026-02-24,164,NathV,21.44379487331326,5.849331080771878,3.8958016309976244
2026-02-24,164,Lily,33.4216442724271,1.6781957422113485,28.387057045793057
2026-02-24,164,Roland,29.362357101349506,2.420555947252456,22.100689259592137
2026-02-24,164,Rémi,34.63361031746058,2.0792452121138534,28.395874681119018
2026-02-24,164,ManonV,12.387561080855557,3.0233897021117593,3.3173919745202785
2026-02-24,164,Lilou,18.933559920976364,1.6241270868280004,14.061178660492363
2026-02-24,164,Paul,22.690118671832295,1.9075866897209734,16.967358602669375
2026-02-24,164,Raphaël,30.951222276074155,1.817296293721212,25.49933339491052
2026-02-24,164,Julia,24.626589411209245,4.0478552396991825,12.483023692111697
2026-02-24,164,Armelle,26.632358055569316,3.1941030046972054,17.0500490414777
2026-02-24,164,Jules,22.34931883819395,2.0782703524097936,16.114507780964566
2026-02-24,164,BenjaminC,27.858102169359576,3.6026353025493867,17.050196261711417
2026-02-24,164,LaureS,28.624536935189816,5.266918908130177,12.823780210799285
2026-02-24,164,Sabine,19.638460645438276,5.814660354026994,2.1944795833572925
2026-02-24,164,Loïc,14.481925095653946,3.9941517441486707,2.499469863207933
2026-02-24,164,JulieB,13.995193672202664,5.0789087109955275,-1.2415324607839189
2026-02-24,164,ThéoM,17.580298620299725,4.088712191760343,5.314162045018698
2026-02-24,164,EmmanuelP,21.284832459256123,4.212732531520359,8.646634864695045
2026-02-24,164,BenjaminZ,23.06886849288549,5.944240775475137,5.2361461664600775
2026-02-24,164,Maximilien,26.000372816984186,4.718745879221378,11.844135179320052
2026-02-24,164,PhilippeA,27.366961064486947,5.969869751033513,9.45735181138641
2026-02-24,165,NathV,21.44379487331326,5.849331080771878,3.8958016309976244
2026-02-24,165,Lily,33.61992612100716,1.6664988432603547,28.6204295912261
2026-02-24,165,Roland,29.362357101349506,2.420555947252456,22.100689259592137
2026-02-24,165,Rémi,34.63361031746058,2.0792452121138534,28.395874681119018
2026-02-24,165,ManonV,12.387561080855557,3.0233897021117593,3.3173919745202785
2026-02-24,165,Lilou,19.11930189263045,1.6137870955933726,14.277940605850333
2026-02-24,165,Paul,22.43406868275017,1.889182775842391,16.766520355222998
2026-02-24,165,Raphaël,30.951222276074155,1.817296293721212,25.49933339491052
2026-02-24,165,Julia,24.626589411209245,4.0478552396991825,12.483023692111697
2026-02-24,165,Armelle,26.632358055569316,3.1941030046972054,17.0500490414777
2026-02-24,165,Jules,22.34931883819395,2.0782703524097936,16.114507780964566
2026-02-24,165,BenjaminC,27.858102169359576,3.6026353025493867,17.050196261711417
2026-02-24,165,LaureS,28.624536935189816,5.266918908130177,12.823780210799285
2026-02-24,165,Sabine,19.638460645438276,5.814660354026994,2.1944795833572925
2026-02-24,165,Loïc,14.481925095653946,3.9941517441486707,2.499469863207933
2026-02-24,165,JulieB,13.995193672202664,5.0789087109955275,-1.2415324607839189
2026-02-24,165,ThéoM,17.580298620299725,4.088712191760343,5.314162045018698
2026-02-24,165,EmmanuelP,21.284832459256123,4.212732531520359,8.646634864695045
2026-02-24,165,BenjaminZ,23.06886849288549,5.944240775475137,5.2361461664600775
2026-02-24,165,Maximilien,26.000372816984186,4.718745879221378,11.844135179320052
2026-02-24,165,PhilippeA,27.366961064486947,5.969869751033513,9.45735181138641
2026-02-25,166,NathV,21.44379487331326,5.849331080771878,3.8958016309976244
2026-02-25,166,Lily,33.61992612100716,1.6664988432603547,28.6204295912261
2026-02-25,166,Roland,29.362357101349506,2.420555947252456,22.100689259592137
2026-02-25,166,Rémi,34.63361031746058,2.0792452121138534,28.395874681119018
2026-02-25,166,ManonV,13.118651712807209,2.9445096925338463,4.285122635205669
2026-02-25,166,Lilou,18.91061165324801,1.6038484615885715,14.099066268482296
2026-02-25,166,Paul,22.43406868275017,1.889182775842391,16.766520355222998
2026-02-25,166,Raphaël,30.951222276074155,1.817296293721212,25.49933339491052
2026-02-25,166,Julia,24.626589411209245,4.0478552396991825,12.483023692111697
2026-02-25,166,Armelle,26.632358055569316,3.1941030046972054,17.0500490414777
2026-02-25,166,Jules,22.34931883819395,2.0782703524097936,16.114507780964566
2026-02-25,166,BenjaminC,27.858102169359576,3.6026353025493867,17.050196261711417
2026-02-25,166,LaureS,28.624536935189816,5.266918908130177,12.823780210799285
2026-02-25,166,Sabine,19.638460645438276,5.814660354026994,2.1944795833572925
2026-02-25,166,Loïc,13.206393343154632,3.8086890276134944,1.7803262603141494
2026-02-25,166,JulieB,13.995193672202664,5.0789087109955275,-1.2415324607839189
2026-02-25,166,ThéoM,17.580298620299725,4.088712191760343,5.314162045018698
2026-02-25,166,EmmanuelP,22.703729311725855,3.9943389164313006,10.720712562431952
2026-02-25,166,BenjaminZ,23.06886849288549,5.944240775475137,5.2361461664600775
2026-02-25,166,Maximilien,26.000372816984186,4.718745879221378,11.844135179320052
2026-02-25,166,PhilippeA,27.366961064486947,5.969869751033513,9.45735181138641
2026-02-25,167,NathV,21.44379487331326,5.849331080771878,3.8958016309976244
2026-02-25,167,Lily,33.44476713669532,1.6581423832970401,28.4703399868042
2026-02-25,167,Roland,29.362357101349506,2.420555947252456,22.100689259592137
2026-02-25,167,Rémi,34.63361031746058,2.0792452121138534,28.395874681119018
2026-02-25,167,ManonV,13.118651712807209,2.9445096925338463,4.285122635205669
2026-02-25,167,Lilou,18.91061165324801,1.6038484615885715,14.099066268482296
2026-02-25,167,Paul,22.659041451223175,1.8758114816340146,17.03160700632113
2026-02-25,167,Raphaël,30.951222276074155,1.817296293721212,25.49933339491052
2026-02-25,167,Julia,24.626589411209245,4.0478552396991825,12.483023692111697
2026-02-25,167,Armelle,26.632358055569316,3.1941030046972054,17.0500490414777
2026-02-25,167,Jules,22.34931883819395,2.0782703524097936,16.114507780964566
2026-02-25,167,BenjaminC,27.858102169359576,3.6026353025493867,17.050196261711417
2026-02-25,167,LaureS,28.624536935189816,5.266918908130177,12.823780210799285
2026-02-25,167,Sabine,19.638460645438276,5.814660354026994,2.1944795833572925
2026-02-25,167,Loïc,13.206393343154632,3.8086890276134944,1.7803262603141494
2026-02-25,167,JulieB,12.371905958843916,4.776996633685784,-1.9590839422134376
2026-02-25,167,ThéoM,17.580298620299725,4.088712191760343,5.314162045018698
2026-02-25,167,EmmanuelP,22.703729311725855,3.9943389164313006,10.720712562431952
2026-02-25,167,BenjaminZ,23.06886849288549,5.944240775475137,5.2361461664600775
2026-02-25,167,Maximilien,26.000372816984186,4.718745879221378,11.844135179320052
2026-02-25,167,PhilippeA,29.609562588639534,5.473006032078539,13.190544492403916
2026-02-25,168,NathV,21.44379487331326,5.849331080771878,3.8958016309976244
2026-02-25,168,Lily,33.57341738377501,1.648473410059791,28.627997153595636
2026-02-25,168,Roland,29.362357101349506,2.420555947252456,22.100689259592137
2026-02-25,168,Rémi,34.63361031746058,2.0792452121138534,28.395874681119018
2026-02-25,168,ManonV,13.118651712807209,2.9445096925338463,4.285122635205669
2026-02-25,168,Lilou,19.030995710221575,1.595367858059178,14.24489213604404
2026-02-25,168,Paul,22.494488340252115,1.8606303831829432,16.912597190703288
2026-02-25,168,Raphaël,30.951222276074155,1.817296293721212,25.49933339491052
2026-02-25,168,Julia,24.626589411209245,4.0478552396991825,12.483023692111697
2026-02-25,168,Armelle,26.632358055569316,3.1941030046972054,17.0500490414777
2026-02-25,168,Jules,22.34931883819395,2.0782703524097936,16.114507780964566
2026-02-25,168,BenjaminC,27.858102169359576,3.6026353025493867,17.050196261711417
2026-02-25,168,LaureS,28.624536935189816,5.266918908130177,12.823780210799285
2026-02-25,168,Sabine,19.638460645438276,5.814660354026994,2.1944795833572925
2026-02-25,168,Loïc,13.206393343154632,3.8086890276134944,1.7803262603141494
2026-02-25,168,JulieB,12.371905958843916,4.776996633685784,-1.9590839422134376
2026-02-25,168,ThéoM,17.580298620299725,4.088712191760343,5.314162045018698
2026-02-25,168,EmmanuelP,21.958739640641667,3.8284064859368154,10.473520182831221
2026-02-25,168,BenjaminZ,23.06886849288549,5.944240775475137,5.2361461664600775
2026-02-25,168,Maximilien,26.000372816984186,4.718745879221378,11.844135179320052
2026-02-25,168,PhilippeA,29.609562588639534,5.473006032078539,13.190544492403916
2026-02-25,169,NathV,21.44379487331326,5.849331080771878,3.8958016309976244
2026-02-25,169,Lily,33.685115876765,1.6397104139863194,28.765984634806046
2026-02-25,169,Roland,29.362357101349506,2.420555947252456,22.100689259592137
2026-02-25,169,Rémi,34.63361031746058,2.0792452121138534,28.395874681119018
2026-02-25,169,ManonV,13.118651712807209,2.9445096925338463,4.285122635205669
2026-02-25,169,Lilou,19.135631441970933,1.5876912140635102,14.372557799780402
2026-02-25,169,Paul,22.3522667551219,1.8468670088975652,16.811665728429205
2026-02-25,169,Raphaël,30.951222276074155,1.817296293721212,25.49933339491052
2026-02-25,169,Julia,24.626589411209245,4.0478552396991825,12.483023692111697
2026-02-25,169,Armelle,26.632358055569316,3.1941030046972054,17.0500490414777
2026-02-25,169,Jules,22.34931883819395,2.0782703524097936,16.114507780964566
2026-02-25,169,BenjaminC,27.858102169359576,3.6026353025493867,17.050196261711417
2026-02-25,169,LaureS,28.624536935189816,5.266918908130177,12.823780210799285
2026-02-25,169,Sabine,19.638460645438276,5.814660354026994,2.1944795833572925
2026-02-25,169,Loïc,13.206393343154632,3.8086890276134944,1.7803262603141494
2026-02-25,169,JulieB,12.371905958843916,4.776996633685784,-1.9590839422134376
2026-02-25,169,ThéoM,17.580298620299725,4.088712191760343,5.314162045018698
2026-02-25,169,EmmanuelP,21.357542629754157,3.691575717588114,10.282815476989814
2026-02-25,169,BenjaminZ,23.06886849288549,5.944240775475137,5.2361461664600775
2026-02-25,169,Maximilien,26.000372816984186,4.718745879221378,11.844135179320052
2026-02-25,169,PhilippeA,29.609562588639534,5.473006032078539,13.190544492403916
2026-02-26,170,NathV,21.44379487331326,5.849331080771878,3.8958016309976244
2026-02-26,170,Lily,33.86469211689294,1.630918040349812,28.971937995843504
2026-02-26,170,Roland,29.362357101349506,2.420555947252456,22.100689259592137
2026-02-26,170,Rémi,34.63361031746058,2.0792452121138534,28.395874681119018
2026-02-26,170,ManonV,13.118651712807209,2.9445096925338463,4.285122635205669
2026-02-26,170,Lilou,19.135631441970933,1.5876912140635102,14.372557799780402
2026-02-26,170,Paul,22.579959310327226,1.833157472216323,17.080486893678255
2026-02-26,170,Raphaël,30.951222276074155,1.817296293721212,25.49933339491052
2026-02-26,170,Julia,24.626589411209245,4.0478552396991825,12.483023692111697
2026-02-26,170,Armelle,26.632358055569316,3.1941030046972054,17.0500490414777
2026-02-26,170,Jules,22.34931883819395,2.0782703524097936,16.114507780964566
2026-02-26,170,BenjaminC,27.858102169359576,3.6026353025493867,17.050196261711417
2026-02-26,170,LaureS,26.776050565580185,4.895361125632699,12.089967188682088
2026-02-26,170,Sabine,19.638460645438276,5.814660354026994,2.1944795833572925
2026-02-26,170,Loïc,13.206393343154632,3.8086890276134944,1.7803262603141494
2026-02-26,170,JulieB,12.371905958843916,4.776996633685784,-1.9590839422134376
2026-02-26,170,ThéoM,17.580298620299725,4.088712191760343,5.314162045018698
2026-02-26,170,EmmanuelP,21.357542629754157,3.691575717588114,10.282815476989814
2026-02-26,170,BenjaminZ,23.06886849288549,5.944240775475137,5.2361461664600775
2026-02-26,170,Maximilien,26.000372816984186,4.718745879221378,11.844135179320052
2026-02-26,170,PhilippeA,29.609562588639534,5.473006032078539,13.190544492403916
2026-02-26,171,NathV,21.44379487331326,5.849331080771878,3.8958016309976244
2026-02-26,171,Lily,33.86469211689294,1.630918040349812,28.971937995843504
2026-02-26,171,Roland,29.362357101349506,2.420555947252456,22.100689259592137
2026-02-26,171,Rémi,34.63361031746058,2.0792452121138534,28.395874681119018
2026-02-26,171,ManonV,13.118651712807209,2.9445096925338463,4.285122635205669
2026-02-26,171,Lilou,19.135631441970933,1.5876912140635102,14.372557799780402
2026-02-26,171,Paul,22.579959310327226,1.833157472216323,17.080486893678255
2026-02-26,171,Raphaël,30.951222276074155,1.817296293721212,25.49933339491052
2026-02-26,171,Julia,24.626589411209245,4.0478552396991825,12.483023692111697
2026-02-26,171,Armelle,26.632358055569316,3.1941030046972054,17.0500490414777
2026-02-26,171,Jules,22.34931883819395,2.0782703524097936,16.114507780964566
2026-02-26,171,BenjaminC,27.858102169359576,3.6026353025493867,17.050196261711417
2026-02-26,171,LaureS,26.776050565580185,4.895361125632699,12.089967188682088
2026-02-26,171,Sabine,19.638460645438276,5.814660354026994,2.1944795833572925
2026-02-26,171,Loïc,14.855732943202671,3.6524436832422964,3.898401893475782
2026-02-26,171,JulieB,12.371905958843916,4.776996633685784,-1.9590839422134376
2026-02-26,171,ThéoM,19.48095955643367,3.8945067461323455,7.797439318036634
2026-02-26,171,EmmanuelP,19.808026818177062,3.5495945522890433,9.159243161309933
2026-02-26,171,BenjaminZ,23.06886849288549,5.944240775475137,5.2361461664600775
2026-02-26,171,Maximilien,26.000372816984186,4.718745879221378,11.844135179320052
2026-02-26,171,PhilippeA,29.609562588639534,5.473006032078539,13.190544492403916
2026-02-26,172,NathV,21.44379487331326,5.849331080771878,3.8958016309976244
2026-02-26,172,Lily,33.73211751626052,1.6208106392205093,28.869685598598995
2026-02-26,172,Roland,29.362357101349506,2.420555947252456,22.100689259592137
2026-02-26,172,Rémi,34.63361031746058,2.0792452121138534,28.395874681119018
2026-02-26,172,ManonV,12.687294199446868,2.8732597004889344,4.067515097980063
2026-02-26,172,Lilou,19.135631441970933,1.5876912140635102,14.372557799780402
2026-02-26,172,Paul,22.747360974939895,1.8176732149960517,17.29434132995174
2026-02-26,172,Raphaël,31.115745574915643,1.8022761917416477,25.7089169996907
2026-02-26,172,Julia,24.626589411209245,4.0478552396991825,12.483023692111697
2026-02-26,172,Armelle,26.632358055569316,3.1941030046972054,17.0500490414777
2026-02-26,172,Jules,22.34931883819395,2.0782703524097936,16.114507780964566
2026-02-26,172,BenjaminC,27.858102169359576,3.6026353025493867,17.050196261711417
2026-02-26,172,LaureS,26.776050565580185,4.895361125632699,12.089967188682088
2026-02-26,172,Sabine,19.638460645438276,5.814660354026994,2.1944795833572925
2026-02-26,172,Loïc,14.855732943202671,3.6524436832422964,3.898401893475782
2026-02-26,172,JulieB,12.371905958843916,4.776996633685784,-1.9590839422134376
2026-02-26,172,ThéoM,19.48095955643367,3.8945067461323455,7.797439318036634
2026-02-26,172,EmmanuelP,19.808026818177062,3.5495945522890433,9.159243161309933
2026-02-26,172,BenjaminZ,23.06886849288549,5.944240775475137,5.2361461664600775
2026-02-26,172,Maximilien,26.000372816984186,4.718745879221378,11.844135179320052
2026-02-26,172,PhilippeA,29.609562588639534,5.473006032078539,13.190544492403916
2026-02-26,173,NathV,21.44379487331326,5.849331080771878,3.8958016309976244
2026-02-26,173,Lily,33.73211751626052,1.6208106392205093,28.869685598598995
2026-02-26,173,Roland,29.362357101349506,2.420555947252456,22.100689259592137
2026-02-26,173,Rémi,34.63361031746058,2.0792452121138534,28.395874681119018
2026-02-26,173,ManonV,12.687294199446868,2.8732597004889344,4.067515097980063
2026-02-26,173,Lilou,19.135631441970933,1.5876912140635102,14.372557799780402
2026-02-26,173,Paul,22.46997772811185,1.800146408010801,17.069538504079446
2026-02-26,173,Raphaël,31.388459261249373,1.7852561181463333,26.032690906810373
2026-02-26,173,Julia,24.626589411209245,4.0478552396991825,12.483023692111697
2026-02-26,173,Armelle,26.632358055569316,3.1941030046972054,17.0500490414777
2026-02-26,173,Jules,22.34931883819395,2.0782703524097936,16.114507780964566
2026-02-26,173,BenjaminC,26.77015038484666,3.450164755408224,16.419656118621987
2026-02-26,173,LaureS,26.776050565580185,4.895361125632699,12.089967188682088
2026-02-26,173,Sabine,19.638460645438276,5.814660354026994,2.1944795833572925
2026-02-26,173,Loïc,14.855732943202671,3.6524436832422964,3.898401893475782
2026-02-26,173,JulieB,12.371905958843916,4.776996633685784,-1.9590839422134376
2026-02-26,173,ThéoM,19.48095955643367,3.8945067461323455,7.797439318036634
2026-02-26,173,EmmanuelP,20.864196116914954,3.403907705700584,10.652472999813202
2026-02-26,173,BenjaminZ,23.06886849288549,5.944240775475137,5.2361461664600775
2026-02-26,173,Maximilien,26.000372816984186,4.718745879221378,11.844135179320052
2026-02-26,173,PhilippeA,29.609562588639534,5.473006032078539,13.190544492403916
2026-02-27,174,NathV,21.44379487331326,5.849331080771878,3.8958016309976244
2026-02-27,174,Lily,33.73211751626052,1.6208106392205093,28.869685598598995
2026-02-27,174,Roland,29.362357101349506,2.420555947252456,22.100689259592137
2026-02-27,174,Rémi,34.63361031746058,2.0792452121138534,28.395874681119018
2026-02-27,174,ManonV,12.659026739887736,2.86510574575077,4.063709502635426
2026-02-27,174,Lilou,19.144279104352805,1.5882943236377547,14.37939613343954
2026-02-27,174,Paul,22.46997772811185,1.800146408010801,17.069538504079446
2026-02-27,174,Raphaël,31.399386694546966,1.784952043179821,26.044530565007502
2026-02-27,174,Julia,24.626589411209245,4.0478552396991825,12.483023692111697
2026-02-27,174,Armelle,26.632358055569316,3.1941030046972054,17.0500490414777
2026-02-27,174,Jules,22.34931883819395,2.0782703524097936,16.114507780964566
2026-02-27,174,BenjaminC,26.77015038484666,3.450164755408224,16.419656118621987
2026-02-27,174,LaureS,26.776050565580185,4.895361125632699,12.089967188682088
2026-02-27,174,Sabine,19.638460645438276,5.814660354026994,2.1944795833572925
2026-02-27,174,Loïc,14.810069892282275,3.634153082365481,3.907610645185832
2026-02-27,174,JulieB,12.371905958843916,4.776996633685784,-1.9590839422134376
2026-02-27,174,ThéoM,19.48095955643367,3.8945067461323455,7.797439318036634
2026-02-27,174,EmmanuelP,20.864196116914954,3.403907705700584,10.652472999813202
2026-02-27,174,BenjaminZ,23.06886849288549,5.944240775475137,5.2361461664600775
2026-02-27,174,Maximilien,26.000372816984186,4.718745879221378,11.844135179320052
2026-02-27,174,PhilippeA,29.609562588639534,5.473006032078539,13.190544492403916
2026-02-27,175,NathV,21.44379487331326,5.849331080771878,3.8958016309976244
2026-02-27,175,Lily,33.95979540843653,1.6112780870844212,29.12596114718326
2026-02-27,175,Roland,29.362357101349506,2.420555947252456,22.100689259592137
2026-02-27,175,Rémi,34.63361031746058,2.0792452121138534,28.395874681119018
2026-02-27,175,ManonV,12.659026739887736,2.86510574575077,4.063709502635426
2026-02-27,175,Lilou,19.144279104352805,1.5882943236377547,14.37939613343954
2026-02-27,175,Paul,22.46997772811185,1.800146408010801,17.069538504079446
2026-02-27,175,Raphaël,31.399386694546966,1.784952043179821,26.044530565007502
2026-02-27,175,Julia,24.626589411209245,4.0478552396991825,12.483023692111697
2026-02-27,175,Armelle,26.632358055569316,3.1941030046972054,17.0500490414777
2026-02-27,175,Jules,22.34931883819395,2.0782703524097936,16.114507780964566
2026-02-27,175,BenjaminC,26.77015038484666,3.450164755408224,16.419656118621987
2026-02-27,175,LaureS,26.776050565580185,4.895361125632699,12.089967188682088
2026-02-27,175,Sabine,19.638460645438276,5.814660354026994,2.1944795833572925
2026-02-27,175,Loïc,15.952276085512993,3.5019724338254243,5.44635878403672
2026-02-27,175,JulieB,12.371905958843916,4.776996633685784,-1.9590839422134376
2026-02-27,175,ThéoM,19.48095955643367,3.8945067461323455,7.797439318036634
2026-02-27,175,EmmanuelP,19.86206269153906,3.295768979860456,9.97475575195769
2026-02-27,175,BenjaminZ,23.06886849288549,5.944240775475137,5.2361461664600775
2026-02-27,175,Maximilien,26.000372816984186,4.718745879221378,11.844135179320052
2026-02-27,175,PhilippeA,27.01978596320106,5.0075827861525335,11.997037604743458
2026-02-27,176,NathV,21.44379487331326,5.849331080771878,3.8958016309976244
2026-02-27,176,Lily,33.95979540843653,1.6112780870844212,29.12596114718326
2026-02-27,176,Roland,29.362357101349506,2.420555947252456,22.100689259592137
2026-02-27,176,Rémi,34.63361031746058,2.0792452121138534,28.395874681119018
2026-02-27,176,ManonV,12.659026739887736,2.86510574575077,4.063709502635426
2026-02-27,176,Lilou,19.44723248793797,1.575725092973208,14.720057209018346
2026-02-27,176,Paul,22.46997772811185,1.800146408010801,17.069538504079446
2026-02-27,176,Raphaël,31.01698603444272,1.7659477025436885,25.719142926811656
2026-02-27,176,Julia,24.626589411209245,4.0478552396991825,12.483023692111697
2026-02-27,176,Armelle,26.632358055569316,3.1941030046972054,17.0500490414777
2026-02-27,176,Jules,22.34931883819395,2.0782703524097936,16.114507780964566
2026-02-27,176,BenjaminC,28.19658842256769,3.297721210458763,18.3034247911914
2026-02-27,176,LaureS,26.776050565580185,4.895361125632699,12.089967188682088
2026-02-27,176,Sabine,19.638460645438276,5.814660354026994,2.1944795833572925
2026-02-27,176,Loïc,15.952276085512993,3.5019724338254243,5.44635878403672
2026-02-27,176,JulieB,12.371905958843916,4.776996633685784,-1.9590839422134376
2026-02-27,176,ThéoM,17.663671905345915,3.673313661662632,6.643730920358019
2026-02-27,176,EmmanuelP,19.86206269153906,3.295768979860456,9.97475575195769
2026-02-27,176,BenjaminZ,23.06886849288549,5.944240775475137,5.2361461664600775
2026-02-27,176,Maximilien,26.000372816984186,4.718745879221378,11.844135179320052
2026-02-27,176,PhilippeA,27.01978596320106,5.0075827861525335,11.997037604743458
2026-02-27,177,NathV,21.44379487331326,5.849331080771878,3.8958016309976244
2026-02-27,177,Lily,34.19689682579929,1.600124066851119,29.396524625245938
2026-02-27,177,Roland,29.362357101349506,2.420555947252456,22.100689259592137
2026-02-27,177,Rémi,34.63361031746058,2.0792452121138534,28.395874681119018
2026-02-27,177,ManonV,12.659026739887736,2.86510574575077,4.063709502635426
2026-02-27,177,Lilou,19.220451356086997,1.5654811760744165,14.524007827863748
2026-02-27,177,Paul,22.46997772811185,1.800146408010801,17.069538504079446
2026-02-27,177,Raphaël,31.01698603444272,1.7659477025436885,25.719142926811656
2026-02-27,177,Julia,24.626589411209245,4.0478552396991825,12.483023692111697
2026-02-27,177,Armelle,26.632358055569316,3.1941030046972054,17.0500490414777
2026-02-27,177,Jules,22.34931883819395,2.0782703524097936,16.114507780964566
2026-02-27,177,BenjaminC,27.205441243331308,3.1834911633221252,17.654967753364932
2026-02-27,177,LaureS,26.776050565580185,4.895361125632699,12.089967188682088
2026-02-27,177,Sabine,19.638460645438276,5.814660354026994,2.1944795833572925
2026-02-27,177,Loïc,15.952276085512993,3.5019724338254243,5.44635878403672
2026-02-27,177,JulieB,14.45100437958305,4.420225033746667,1.1903292783430501
2026-02-27,177,ThéoM,17.663671905345915,3.673313661662632,6.643730920358019
2026-02-27,177,EmmanuelP,19.86206269153906,3.295768979860456,9.97475575195769
2026-02-27,177,BenjaminZ,23.06886849288549,5.944240775475137,5.2361461664600775
2026-02-27,177,Maximilien,26.000372816984186,4.718745879221378,11.844135179320052
2026-02-27,177,PhilippeA,27.01978596320106,5.0075827861525335,11.997037604743458
2026-03-02,178,NathV,21.44379487331326,5.849331080771878,3.8958016309976244
2026-03-02,178,Lily,34.19689682579929,1.600124066851119,29.396524625245938
2026-03-02,178,Roland,29.362357101349506,2.420555947252456,22.100689259592137
2026-03-02,178,Rémi,34.63361031746058,2.0792452121138534,28.395874681119018
2026-03-02,178,ManonV,12.659026739887736,2.86510574575077,4.063709502635426
2026-03-02,178,Lilou,19.35726149975806,1.5582531116892446,14.682502164690327
2026-03-02,178,Paul,22.28920243830755,1.7877149389523794,16.92605762145041
2026-03-02,178,Raphaël,31.1909724747553,1.7543568027678202,25.927902066451836
2026-03-02,178,Julia,24.626589411209245,4.0478552396991825,12.483023692111697
2026-03-02,178,Armelle,26.632358055569316,3.1941030046972054,17.0500490414777
2026-03-02,178,Jules,22.34931883819395,2.0782703524097936,16.114507780964566
2026-03-02,178,BenjaminC,27.205441243331308,3.1834911633221252,17.654967753364932
2026-03-02,178,LaureS,26.776050565580185,4.895361125632699,12.089967188682088
2026-03-02,178,Sabine,19.638460645438276,5.814660354026994,2.1944795833572925
2026-03-02,178,Loïc,15.952276085512993,3.5019724338254243,5.44635878403672
2026-03-02,178,JulieB,14.45100437958305,4.420225033746667,1.1903292783430501
2026-03-02,178,ThéoM,17.663671905345915,3.673313661662632,6.643730920358019
2026-03-02,178,EmmanuelP,19.86206269153906,3.295768979860456,9.97475575195769
2026-03-02,178,BenjaminZ,21.1015628165201,5.407050743913626,4.880410584779224
2026-03-02,178,Maximilien,26.000372816984186,4.718745879221378,11.844135179320052
2026-03-02,178,PhilippeA,27.01978596320106,5.0075827861525335,11.997037604743458
2026-03-02,179,NathV,21.44379487331326,5.849331080771878,3.8958016309976244
2026-03-02,179,Lily,34.247557054917586,1.59598381194691,29.459605619076854
2026-03-02,179,Roland,29.362357101349506,2.420555947252456,22.100689259592137
2026-03-02,179,Rémi,34.63361031746058,2.0792452121138534,28.395874681119018
2026-03-02,179,ManonV,12.659026739887736,2.86510574575077,4.063709502635426
2026-03-02,179,Lilou,19.40531221041257,1.5546527523241482,14.741353953440127
2026-03-02,179,Paul,22.28920243830755,1.7877149389523794,16.92605762145041
2026-03-02,179,Raphaël,31.1909724747553,1.7543568027678202,25.927902066451836
2026-03-02,179,Julia,24.626589411209245,4.0478552396991825,12.483023692111697
2026-03-02,179,Armelle,26.632358055569316,3.1941030046972054,17.0500490414777
2026-03-02,179,Jules,22.263952766350574,2.066121930689534,16.06558697428197
2026-03-02,179,BenjaminC,27.205441243331308,3.1834911633221252,17.654967753364932
2026-03-02,179,LaureS,26.776050565580185,4.895361125632699,12.089967188682088
2026-03-02,179,Sabine,19.638460645438276,5.814660354026994,2.1944795833572925
2026-03-02,179,Loïc,15.952276085512993,3.5019724338254243,5.44635878403672
2026-03-02,179,JulieB,14.45100437958305,4.420225033746667,1.1903292783430501
2026-03-02,179,ThéoM,17.397278789166887,3.5975350374655344,6.6046736767702825
2026-03-02,179,EmmanuelP,19.86206269153906,3.295768979860456,9.97475575195769
2026-03-02,179,BenjaminZ,21.1015628165201,5.407050743913626,4.880410584779224
2026-03-02,179,Maximilien,26.000372816984186,4.718745879221378,11.844135179320052
2026-03-02,179,PhilippeA,27.01978596320106,5.0075827861525335,11.997037604743458
2026-03-03,180,NathV,21.44379487331326,5.849331080771878,3.8958016309976244
2026-03-03,180,Lily,34.26275675237073,1.5955507319279751,29.4761045565868
2026-03-03,180,Roland,29.362357101349506,2.420555947252456,22.100689259592137
2026-03-03,180,Rémi,34.65937970053763,2.075155781522089,28.43391235597136
2026-03-03,180,ManonV,12.659026739887736,2.86510574575077,4.063709502635426
2026-03-03,180,Lilou,19.40531221041257,1.5546527523241482,14.741353953440127
2026-03-03,180,Paul,22.28920243830755,1.7877149389523794,16.92605762145041
2026-03-03,180,Raphaël,31.1909724747553,1.7543568027678202,25.927902066451836
2026-03-03,180,Julia,24.626589411209245,4.0478552396991825,12.483023692111697
2026-03-03,180,Armelle,26.571602093518273,3.1743030618047405,17.04869290810405
2026-03-03,180,Jules,22.238507126728923,2.062151371892915,16.052053011050177
2026-03-03,180,BenjaminC,27.205441243331308,3.1834911633221252,17.654967753364932
2026-03-03,180,LaureS,26.776050565580185,4.895361125632699,12.089967188682088
2026-03-03,180,Sabine,19.638460645438276,5.814660354026994,2.1944795833572925
2026-03-03,180,Loïc,15.952276085512993,3.5019724338254243,5.44635878403672
2026-03-03,180,JulieB,14.45100437958305,4.420225033746667,1.1903292783430501
2026-03-03,180,ThéoM,17.397278789166887,3.5975350374655344,6.6046736767702825
2026-03-03,180,EmmanuelP,19.86206269153906,3.295768979860456,9.97475575195769
2026-03-03,180,BenjaminZ,21.1015628165201,5.407050743913626,4.880410584779224
2026-03-03,180,Maximilien,26.000372816984186,4.718745879221378,11.844135179320052
2026-03-03,180,PhilippeA,27.01978596320106,5.0075827861525335,11.997037604743458
2026-03-03,181,NathV,21.44379487331326,5.849331080771878,3.8958016309976244
2026-03-03,181,Lily,34.26275675237073,1.5955507319279751,29.4761045565868
2026-03-03,181,Roland,29.362357101349506,2.420555947252456,22.100689259592137
2026-03-03,181,Rémi,34.65937970053763,2.075155781522089,28.43391235597136
2026-03-03,181,ManonV,12.659026739887736,2.86510574575077,4.063709502635426
2026-03-03,181,Lilou,19.690332514099552,1.545900945461536,15.052629677714943
2026-03-03,181,Paul,22.28920243830755,1.7877149389523794,16.92605762145041
2026-03-03,181,Raphaël,30.828247369918163,1.7405507660015156,25.606595071913617
2026-03-03,181,Julia,24.626589411209245,4.0478552396991825,12.483023692111697
2026-03-03,181,Armelle,26.571602093518273,3.1743030618047405,17.04869290810405
2026-03-03,181,Jules,22.238507126728923,2.062151371892915,16.052053011050177
2026-03-03,181,BenjaminC,27.205441243331308,3.1834911633221252,17.654967753364932
2026-03-03,181,LaureS,26.776050565580185,4.895361125632699,12.089967188682088
2026-03-03,181,Sabine,19.638460645438276,5.814660354026994,2.1944795833572925
2026-03-03,181,Loïc,15.952276085512993,3.5019724338254243,5.44635878403672
2026-03-03,181,JulieB,14.45100437958305,4.420225033746667,1.1903292783430501
2026-03-03,181,ThéoM,17.397278789166887,3.5975350374655344,6.6046736767702825
2026-03-03,181,EmmanuelP,19.86206269153906,3.295768979860456,9.97475575195769
2026-03-03,181,BenjaminZ,21.1015628165201,5.407050743913626,4.880410584779224
2026-03-03,181,Maximilien,23.381275933255726,4.404063937547463,10.169084120613338
2026-03-03,181,PhilippeA,27.01978596320106,5.0075827861525335,11.997037604743458
2026-03-03,182,NathV,21.44379487331326,5.849331080771878,3.8958016309976244
2026-03-03,182,Lily,34.26275675237073,1.5955507319279751,29.4761045565868
2026-03-03,182,Roland,29.362357101349506,2.420555947252456,22.100689259592137
2026-03-03,182,Rémi,34.65937970053763,2.075155781522089,28.43391235597136
2026-03-03,182,ManonV,12.659026739887736,2.86510574575077,4.063709502635426
2026-03-03,182,Lilou,19.690332514099552,1.545900945461536,15.052629677714943
2026-03-03,182,Paul,22.28920243830755,1.7877149389523794,16.92605762145041
2026-03-03,182,Raphaël,30.828247369918163,1.7405507660015156,25.606595071913617
2026-03-03,182,Julia,24.626589411209245,4.0478552396991825,12.483023692111697
2026-03-03,182,Armelle,26.571602093518273,3.1743030618047405,17.04869290810405
2026-03-03,182,Jules,22.95735955529789,2.0329616686887215,16.858474549231726
2026-03-03,182,BenjaminC,25.493870701523548,3.069941637235587,16.284045789816787
2026-03-03,182,LaureS,22.730428388455692,4.468276992497588,9.32559741096293
2026-03-03,182,Sabine,19.638460645438276,5.814660354026994,2.1944795833572925
2026-03-03,182,Loïc,15.952276085512993,3.5019724338254243,5.44635878403672
2026-03-03,182,JulieB,14.45100437958305,4.420225033746667,1.1903292783430501
2026-03-03,182,ThéoM,19.58268942548809,3.4322329373975986,9.285990613295295
2026-03-03,182,EmmanuelP,19.86206269153906,3.295768979860456,9.97475575195769
2026-03-03,182,BenjaminZ,21.1015628165201,5.407050743913626,4.880410584779224
2026-03-03,182,Maximilien,23.381275933255726,4.404063937547463,10.169084120613338
2026-03-03,182,PhilippeA,27.01978596320106,5.0075827861525335,11.997037604743458
2026-03-03,183,NathV,21.44379487331326,5.849331080771878,3.8958016309976244
2026-03-03,183,Lily,34.38002505012007,1.5908104031589005,29.607593840643368
2026-03-03,183,Roland,29.362357101349506,2.420555947252456,22.100689259592137
2026-03-03,183,Rémi,34.65937970053763,2.075155781522089,28.43391235597136
2026-03-03,183,ManonV,12.659026739887736,2.86510574575077,4.063709502635426
2026-03-03,183,Lilou,19.800435681610427,1.5418551821491568,15.174870135162957
2026-03-03,183,Paul,22.28920243830755,1.7877149389523794,16.92605762145041
2026-03-03,183,Raphaël,30.828247369918163,1.7405507660015156,25.606595071913617
2026-03-03,183,Julia,24.626589411209245,4.0478552396991825,12.483023692111697
2026-03-03,183,Armelle,26.571602093518273,3.1743030618047405,17.04869290810405
2026-03-03,183,Jules,22.95735955529789,2.0329616686887215,16.858474549231726
2026-03-03,183,BenjaminC,25.493870701523548,3.069941637235587,16.284045789816787
2026-03-03,183,LaureS,22.730428388455692,4.468276992497588,9.32559741096293
2026-03-03,183,Sabine,19.638460645438276,5.814660354026994,2.1944795833572925
2026-03-03,183,Loïc,15.952276085512993,3.5019724338254243,5.44635878403672
2026-03-03,183,JulieB,14.45100437958305,4.420225033746667,1.1903292783430501
2026-03-03,183,ThéoM,19.58268942548809,3.4322329373975986,9.285990613295295
2026-03-03,183,EmmanuelP,19.86206269153906,3.295768979860456,9.97475575195769
2026-03-03,183,BenjaminZ,21.1015628165201,5.407050743913626,4.880410584779224
2026-03-03,183,Maximilien,22.489944920758195,4.257806899692799,9.716524221679798
2026-03-03,183,PhilippeA,27.01978596320106,5.0075827861525335,11.997037604743458
2026-03-04,184,NathV,21.44379487331326,5.849331080771878,3.8958016309976244
2026-03-04,184,Lily,34.38002505012007,1.5908104031589005,29.607593840643368
2026-03-04,184,Roland,29.362357101349506,2.420555947252456,22.100689259592137
2026-03-04,184,Rémi,34.65937970053763,2.075155781522089,28.43391235597136
2026-03-04,184,ManonV,12.659026739887736,2.86510574575077,4.063709502635426
2026-03-04,184,Lilou,19.800435681610427,1.5418551821491568,15.174870135162957
2026-03-04,184,Paul,22.38953151461642,1.7776461286742524,17.05659312859366
2026-03-04,184,Raphaël,30.923363765512637,1.7314601644063876,25.728983272293473
2026-03-04,184,Julia,24.626589411209245,4.0478552396991825,12.483023692111697
2026-03-04,184,Armelle,26.571602093518273,3.1743030618047405,17.04869290810405
2026-03-04,184,Jules,22.827678923463655,2.017002590179084,16.776671152926404
2026-03-04,184,BenjaminC,25.493870701523548,3.069941637235587,16.284045789816787
2026-03-04,184,LaureS,22.730428388455692,4.468276992497588,9.32559741096293
2026-03-04,184,Sabine,19.638460645438276,5.814660354026994,2.1944795833572925
2026-03-04,184,Loïc,15.952276085512993,3.5019724338254243,5.44635878403672
2026-03-04,184,JulieB,14.45100437958305,4.420225033746667,1.1903292783430501
2026-03-04,184,ThéoM,19.58268942548809,3.4322329373975986,9.285990613295295
2026-03-04,184,EmmanuelP,19.521592802230582,3.221125692090091,9.85821572596031
2026-03-04,184,BenjaminZ,21.1015628165201,5.407050743913626,4.880410584779224
2026-03-04,184,Maximilien,22.489944920758195,4.257806899692799,9.716524221679798
2026-03-04,184,PhilippeA,27.01978596320106,5.0075827861525335,11.997037604743458
2026-03-04,185,NathV,21.44379487331326,5.849331080771878,3.8958016309976244
2026-03-04,185,Lily,34.530210352030025,1.58126540931414,29.786414124087607
2026-03-04,185,Roland,29.362357101349506,2.420555947252456,22.100689259592137
2026-03-04,185,Rémi,34.65937970053763,2.075155781522089,28.43391235597136
2026-03-04,185,ManonV,13.145264885910477,2.79743032271657,4.752973917760766
2026-03-04,185,Lilou,19.800435681610427,1.5418551821491568,15.174870135162957
2026-03-04,185,Paul,22.38953151461642,1.7776461286742524,17.05659312859366
2026-03-04,185,Raphaël,30.923363765512637,1.7314601644063876,25.728983272293473
2026-03-04,185,Julia,24.626589411209245,4.0478552396991825,12.483023692111697
2026-03-04,185,Armelle,26.571602093518273,3.1743030618047405,17.04869290810405
2026-03-04,185,Jules,22.586491823782872,1.994805307023347,16.60207590271283
2026-03-04,185,BenjaminC,25.493870701523548,3.069941637235587,16.284045789816787
2026-03-04,185,LaureS,22.730428388455692,4.468276992497588,9.32559741096293
2026-03-04,185,Sabine,19.638460645438276,5.814660354026994,2.1944795833572925
2026-03-04,185,Loïc,15.952276085512993,3.5019724338254243,5.44635878403672
2026-03-04,185,JulieB,14.45100437958305,4.420225033746667,1.1903292783430501
2026-03-04,185,ThéoM,19.58268942548809,3.4322329373975986,9.285990613295295
2026-03-04,185,EmmanuelP,18.907114728892875,3.1240194013808384,9.53505652475036
2026-03-04,185,BenjaminZ,21.1015628165201,5.407050743913626,4.880410584779224
2026-03-04,185,Maximilien,22.489944920758195,4.257806899692799,9.716524221679798
2026-03-04,185,PhilippeA,27.01978596320106,5.0075827861525335,11.997037604743458
2026-03-25,186,NathV,21.44379487331326,5.849331080771878,3.8958016309976244
2026-03-25,186,Lily,34.530210352030025,1.58126540931414,29.786414124087607
2026-03-25,186,Roland,29.819445423721486,2.382887919588838,22.670781664954973
2026-03-25,186,Rémi,34.65937970053763,2.075155781522089,28.43391235597136
2026-03-25,186,ManonV,13.145264885910477,2.79743032271657,4.752973917760766
2026-03-25,186,Lilou,19.800435681610427,1.5418551821491568,15.174870135162957
2026-03-25,186,Paul,22.63630552199604,1.764145124676681,17.343870147965994
2026-03-25,186,Raphaël,30.923363765512637,1.7314601644063876,25.728983272293473
2026-03-25,186,Julia,23.349299716600633,3.863285265739812,11.759443919381198
2026-03-25,186,Armelle,26.571602093518273,3.1743030618047405,17.04869290810405
2026-03-25,186,Jules,22.586491823782872,1.994805307023347,16.60207590271283
2026-03-25,186,BenjaminC,25.493870701523548,3.069941637235587,16.284045789816787
2026-03-25,186,LaureS,22.730428388455692,4.468276992497588,9.32559741096293
2026-03-25,186,Sabine,19.638460645438276,5.814660354026994,2.1944795833572925
2026-03-25,186,Loïc,15.952276085512993,3.5019724338254243,5.44635878403672
2026-03-25,186,JulieB,14.45100437958305,4.420225033746667,1.1903292783430501
2026-03-25,186,ThéoM,19.58268942548809,3.4322329373975986,9.285990613295295
2026-03-25,186,EmmanuelP,18.907114728892875,3.1240194013808384,9.53505652475036
2026-03-25,186,BenjaminZ,21.1015628165201,5.407050743913626,4.880410584779224
2026-03-25,186,Maximilien,22.489944920758195,4.257806899692799,9.716524221679798
2026-03-25,186,PhilippeA,25.065302646312496,4.652706591401128,11.10718287210911
2026-03-25,187,NathV,21.44379487331326,5.849331080771878,3.8958016309976244
2026-03-25,187,Lily,34.530210352030025,1.58126540931414,29.786414124087607
2026-03-25,187,Roland,29.819445423721486,2.382887919588838,22.670781664954973
2026-03-25,187,Rémi,34.65937970053763,2.075155781522089,28.43391235597136
2026-03-25,187,ManonV,13.145264885910477,2.79743032271657,4.752973917760766
2026-03-25,187,Lilou,19.800435681610427,1.5418551821491568,15.174870135162957
2026-03-25,187,Paul,22.902717117397035,1.7502900466915856,17.65184697732228
2026-03-25,187,Raphaël,30.923363765512637,1.7314601644063876,25.728983272293473
2026-03-25,187,Julia,22.07394174523081,3.695521452872132,10.987377386614416
2026-03-25,187,Armelle,26.571602093518273,3.1743030618047405,17.04869290810405
2026-03-25,187,Jules,22.586491823782872,1.994805307023347,16.60207590271283
2026-03-25,187,BenjaminC,24.688313010153543,2.9871051158435558,15.726997662622875
2026-03-25,187,LaureS,22.730428388455692,4.468276992497588,9.32559741096293
2026-03-25,187,Sabine,19.638460645438276,5.814660354026994,2.1944795833572925
2026-03-25,187,Loïc,15.952276085512993,3.5019724338254243,5.44635878403672
2026-03-25,187,JulieB,14.45100437958305,4.420225033746667,1.1903292783430501
2026-03-25,187,ThéoM,19.58268942548809,3.4322329373975986,9.285990613295295
2026-03-25,187,EmmanuelP,18.907114728892875,3.1240194013808384,9.53505652475036
2026-03-25,187,BenjaminZ,21.1015628165201,5.407050743913626,4.880410584779224
2026-03-25,187,Maximilien,22.489944920758195,4.257806899692799,9.716524221679798
2026-03-25,187,PhilippeA,26.91485721088577,4.3558037628593205,13.84744592230781
2026-03-25,188,NathV,21.44379487331326,5.849331080771878,3.8958016309976244
2026-03-25,188,Lily,34.654977287803966,1.5725012828410212,29.9374734392809
2026-03-25,188,Roland,29.53655156956381,2.3467638218775035,22.4962601039313
2026-03-25,188,Rémi,34.65937970053763,2.075155781522089,28.43391235597136
2026-03-25,188,ManonV,13.145264885910477,2.79743032271657,4.752973917760766
2026-03-25,188,Lilou,19.800435681610427,1.5418551821491568,15.174870135162957
2026-03-25,188,Paul,22.74992925332415,1.7374108476283734,17.53769671043903
2026-03-25,188,Raphaël,30.923363765512637,1.7314601644063876,25.728983272293473
2026-03-25,188,Julia,22.07394174523081,3.695521452872132,10.987377386614416
2026-03-25,188,Armelle,26.571602093518273,3.1743030618047405,17.04869290810405
2026-03-25,188,Jules,22.586491823782872,1.994805307023347,16.60207590271283
2026-03-25,188,BenjaminC,25.132662148319373,2.913945577516577,16.39082541576964
2026-03-25,188,LaureS,22.730428388455692,4.468276992497588,9.32559741096293
2026-03-25,188,Sabine,19.638460645438276,5.814660354026994,2.1944795833572925
2026-03-25,188,Loïc,15.952276085512993,3.5019724338254243,5.44635878403672
2026-03-25,188,JulieB,14.45100437958305,4.420225033746667,1.1903292783430501
2026-03-25,188,ThéoM,19.58268942548809,3.4322329373975986,9.285990613295295
2026-03-25,188,EmmanuelP,18.907114728892875,3.1240194013808384,9.53505652475036
2026-03-25,188,BenjaminZ,21.1015628165201,5.407050743913626,4.880410584779224
2026-03-25,188,Maximilien,22.489944920758195,4.257806899692799,9.716524221679798
2026-03-25,188,PhilippeA,26.91485721088577,4.3558037628593205,13.84744592230781
2026-03-26,189,NathV,21.44379487331326,5.849331080771878,3.8958016309976244
2026-03-26,189,Lily,34.68096473233076,1.5708396805960856,29.968445690542502
2026-03-26,189,Roland,29.47876197419207,2.3353963565941798,22.47257290440953
2026-03-26,189,Rémi,34.65937970053763,2.075155781522089,28.43391235597136
2026-03-26,189,ManonV,13.145264885910477,2.79743032271657,4.752973917760766
2026-03-26,189,Lilou,19.800435681610427,1.5418551821491568,15.174870135162957
2026-03-26,189,Paul,22.74992925332415,1.7374108476283734,17.53769671043903
2026-03-26,189,Raphaël,30.954855272764,1.7283030589370203,25.76994609595294
2026-03-26,189,Julia,22.07394174523081,3.695521452872132,10.987377386614416
2026-03-26,189,Armelle,26.571602093518273,3.1743030618047405,17.04869290810405
2026-03-26,189,Jules,22.586491823782872,1.994805307023347,16.60207590271283
2026-03-26,189,BenjaminC,25.132662148319373,2.913945577516577,16.39082541576964
2026-03-26,189,LaureS,22.730428388455692,4.468276992497588,9.32559741096293
2026-03-26,189,Sabine,19.638460645438276,5.814660354026994,2.1944795833572925
2026-03-26,189,Loïc,15.952276085512993,3.5019724338254243,5.44635878403672
2026-03-26,189,JulieB,14.45100437958305,4.420225033746667,1.1903292783430501
2026-03-26,189,ThéoM,19.58268942548809,3.4322329373975986,9.285990613295295
2026-03-26,189,EmmanuelP,18.804761872918576,3.0947856748638993,9.520404848326878
2026-03-26,189,BenjaminZ,21.1015628165201,5.407050743913626,4.880410584779224
2026-03-26,189,Maximilien,22.489944920758195,4.257806899692799,9.716524221679798
2026-03-26,189,PhilippeA,26.91485721088577,4.3558037628593205,13.84744592230781
2026-03-26,190,NathV,21.44379487331326,5.849331080771878,3.8958016309976244
2026-03-26,190,Lily,34.827332656714844,1.5607457940729892,30.145095274495876
2026-03-26,190,Roland,29.155737466365697,2.2963535000862754,22.26667696610687
2026-03-26,190,Rémi,34.65937970053763,2.075155781522089,28.43391235597136
2026-03-26,190,ManonV,13.145264885910477,2.79743032271657,4.752973917760766
2026-03-26,190,Lilou,19.800435681610427,1.5418551821491568,15.174870135162957
2026-03-26,190,Paul,22.5709656614621,1.7227601934228898,17.402685081193432
2026-03-26,190,Raphaël,30.954855272764,1.7283030589370203,25.76994609595294
2026-03-26,190,Julia,22.07394174523081,3.695521452872132,10.987377386614416
2026-03-26,190,Armelle,26.571602093518273,3.1743030618047405,17.04869290810405
2026-03-26,190,Jules,22.822278871418707,1.9713299446970372,16.908289037327595
2026-03-26,190,BenjaminC,25.132662148319373,2.913945577516577,16.39082541576964
2026-03-26,190,LaureS,22.730428388455692,4.468276992497588,9.32559741096293
2026-03-26,190,Sabine,19.638460645438276,5.814660354026994,2.1944795833572925
2026-03-26,190,Loïc,15.952276085512993,3.5019724338254243,5.44635878403672
2026-03-26,190,JulieB,14.45100437958305,4.420225033746667,1.1903292783430501
2026-03-26,190,ThéoM,19.58268942548809,3.4322329373975986,9.285990613295295
2026-03-26,190,EmmanuelP,18.804761872918576,3.0947856748638993,9.520404848326878
2026-03-26,190,BenjaminZ,21.1015628165201,5.407050743913626,4.880410584779224
2026-03-26,190,Maximilien,22.489944920758195,4.257806899692799,9.716524221679798
2026-03-26,190,PhilippeA,26.91485721088577,4.3558037628593205,13.84744592230781
2026-03-27,191,NathV,21.44379487331326,5.849331080771878,3.8958016309976244
2026-03-27,191,Lily,34.927026696265635,1.5545847039703797,30.263272584354496
2026-03-27,191,Roland,28.94025221662086,2.271137938887213,22.12683839995922
2026-03-27,191,Rémi,34.65937970053763,2.075155781522089,28.43391235597136
2026-03-27,191,ManonV,13.145264885910477,2.79743032271657,4.752973917760766
2026-03-27,191,Lilou,19.800435681610427,1.5418551821491568,15.174870135162957
2026-03-27,191,Paul,22.5709656614621,1.7227601934228898,17.402685081193432
2026-03-27,191,Raphaël,30.954855272764,1.7283030589370203,25.76994609595294
2026-03-27,191,Julia,22.07394174523081,3.695521452872132,10.987377386614416
2026-03-27,191,Armelle,26.571602093518273,3.1743030618047405,17.04869290810405
2026-03-27,191,Jules,22.822278871418707,1.9713299446970372,16.908289037327595
2026-03-27,191,BenjaminC,25.479468002475354,2.8603696236194796,16.898359131616914
2026-03-27,191,LaureS,21.91534937732987,4.269105574653075,9.108032653370646
2026-03-27,191,Sabine,19.638460645438276,5.814660354026994,2.1944795833572925
2026-03-27,191,Loïc,15.952276085512993,3.5019724338254243,5.44635878403672
2026-03-27,191,JulieB,14.45100437958305,4.420225033746667,1.1903292783430501
2026-03-27,191,ThéoM,19.58268942548809,3.4322329373975986,9.285990613295295
2026-03-27,191,EmmanuelP,18.804761872918576,3.0947856748638993,9.520404848326878
2026-03-27,191,BenjaminZ,21.1015628165201,5.407050743913626,4.880410584779224
2026-03-27,191,Maximilien,22.489944920758195,4.257806899692799,9.716524221679798
2026-03-27,191,PhilippeA,26.91485721088577,4.3558037628593205,13.84744592230781
2026-03-27,192,NathV,21.44379487331326,5.849331080771878,3.8958016309976244
2026-03-27,192,Lily,35.06313207401916,1.5465243881846145,30.423558909465314
2026-03-27,192,Roland,28.650203004853033,2.2405260537643965,21.928624843559845
2026-03-27,192,Rémi,34.65937970053763,2.075155781522089,28.43391235597136
2026-03-27,192,ManonV,13.145264885910477,2.79743032271657,4.752973917760766
2026-03-27,192,Lilou,19.800435681610427,1.5418551821491568,15.174870135162957
2026-03-27,192,Paul,22.5709656614621,1.7227601934228898,17.402685081193432
2026-03-27,192,Raphaël,30.954855272764,1.7283030589370203,25.76994609595294
2026-03-27,192,Julia,22.07394174523081,3.695521452872132,10.987377386614416
2026-03-27,192,Armelle,26.571602093518273,3.1743030618047405,17.04869290810405
2026-03-27,192,Jules,22.60365661337754,1.952095426234539,16.747370334673924
2026-03-27,192,BenjaminC,25.479468002475354,2.8603696236194796,16.898359131616914
2026-03-27,192,LaureS,22.939207065315667,4.0527457104843245,10.780969933862693
2026-03-27,192,Sabine,19.638460645438276,5.814660354026994,2.1944795833572925
2026-03-27,192,Loïc,15.952276085512993,3.5019724338254243,5.44635878403672
2026-03-27,192,JulieB,14.45100437958305,4.420225033746667,1.1903292783430501
2026-03-27,192,ThéoM,19.58268942548809,3.4322329373975986,9.285990613295295
2026-03-27,192,EmmanuelP,18.804761872918576,3.0947856748638993,9.520404848326878
2026-03-27,192,BenjaminZ,21.1015628165201,5.407050743913626,4.880410584779224
2026-03-27,192,Maximilien,22.489944920758195,4.257806899692799,9.716524221679798
2026-03-27,192,PhilippeA,26.91485721088577,4.3558037628593205,13.84744592230781
2026-03-27,193,NathV,21.44379487331326,5.849331080771878,3.8958016309976244
2026-03-27,193,Lily,35.06313207401916,1.5465243881846145,30.423558909465314
2026-03-27,193,Roland,28.00041995271715,2.2054693849597697,21.38401179783784
2026-03-27,193,Rémi,34.65937970053763,2.075155781522089,28.43391235597136
2026-03-27,193,ManonV,13.145264885910477,2.79743032271657,4.752973917760766
2026-03-27,193,Lilou,19.800435681610427,1.5418551821491568,15.174870135162957
2026-03-27,193,Paul,22.5709656614621,1.7227601934228898,17.402685081193432
2026-03-27,193,Raphaël,30.954855272764,1.7283030589370203,25.76994609595294
2026-03-27,193,Julia,22.07394174523081,3.695521452872132,10.987377386614416
2026-03-27,193,Armelle,25.26824327474824,3.0705232060872016,16.056673656486637
2026-03-27,193,Jules,22.60365661337754,1.952095426234539,16.747370334673924
2026-03-27,193,BenjaminC,26.537943444577227,2.7850757251887637,18.182716269010935
2026-03-27,193,LaureS,22.939207065315667,4.0527457104843245,10.780969933862693
2026-03-27,193,Sabine,19.638460645438276,5.814660354026994,2.1944795833572925
2026-03-27,193,Loïc,15.952276085512993,3.5019724338254243,5.44635878403672
2026-03-27,193,JulieB,14.45100437958305,4.420225033746667,1.1903292783430501
2026-03-27,193,ThéoM,19.58268942548809,3.4322329373975986,9.285990613295295
2026-03-27,193,EmmanuelP,18.804761872918576,3.0947856748638993,9.520404848326878
2026-03-27,193,BenjaminZ,24.88156495231898,4.871710568777239,10.266433245987262
2026-03-27,193,Maximilien,22.489944920758195,4.257806899692799,9.716524221679798
2026-03-27,193,PhilippeA,26.91485721088577,4.3558037628593205,13.84744592230781
2026-03-27,194,NathV,21.44379487331326,5.849331080771878,3.8958016309976244
2026-03-27,194,Lily,35.26295709791127,1.5363211909850658,30.65399352495607
2026-03-27,194,Roland,28.00041995271715,2.2054693849597697,21.38401179783784
2026-03-27,194,Rémi,34.30006219334764,2.046718416195868,28.15990694476004
2026-03-27,194,ManonV,13.145264885910477,2.79743032271657,4.752973917760766
2026-03-27,194,Lilou,19.800435681610427,1.5418551821491568,15.174870135162957
2026-03-27,194,Paul,22.5709656614621,1.7227601934228898,17.402685081193432
2026-03-27,194,Raphaël,30.954855272764,1.7283030589370203,25.76994609595294
2026-03-27,194,Julia,22.07394174523081,3.695521452872132,10.987377386614416
2026-03-27,194,Armelle,25.26824327474824,3.0705232060872016,16.056673656486637
2026-03-27,194,Jules,22.28562522512361,1.9288220182370477,16.49915917041247
2026-03-27,194,BenjaminC,26.537943444577227,2.7850757251887637,18.182716269010935
2026-03-27,194,LaureS,24.30806843139465,3.8248845779553338,12.833414697528648
2026-03-27,194,Sabine,19.638460645438276,5.814660354026994,2.1944795833572925
2026-03-27,194,Loïc,15.952276085512993,3.5019724338254243,5.44635878403672
2026-03-27,194,JulieB,14.45100437958305,4.420225033746667,1.1903292783430501
2026-03-27,194,ThéoM,19.58268942548809,3.4322329373975986,9.285990613295295
2026-03-27,194,EmmanuelP,18.804761872918576,3.0947856748638993,9.520404848326878
2026-03-27,194,BenjaminZ,24.88156495231898,4.871710568777239,10.266433245987262
2026-03-27,194,Maximilien,22.489944920758195,4.257806899692799,9.716524221679798
2026-03-27,194,PhilippeA,26.91485721088577,4.3558037628593205,13.84744592230781
2026-03-27,195,NathV,21.44379487331326,5.849331080771878,3.8958016309976244
2026-03-27,195,Lily,35.2875703480905,1.535368428521978,30.681465062524563
2026-03-27,195,Roland,28.00041995271715,2.2054693849597697,21.38401179783784
2026-03-27,195,Rémi,34.343690119490155,2.0408299774831,28.221200187040857
2026-03-27,195,ManonV,13.145264885910477,2.79743032271657,4.752973917760766
2026-03-27,195,Lilou,19.800435681610427,1.5418551821491568,15.174870135162957
2026-03-27,195,Paul,22.5709656614621,1.7227601934228898,17.402685081193432
2026-03-27,195,Raphaël,30.954855272764,1.7283030589370203,25.76994609595294
2026-03-27,195,Julia,22.07394174523081,3.695521452872132,10.987377386614416
2026-03-27,195,Armelle,25.26824327474824,3.0705232060872016,16.056673656486637
2026-03-27,195,Jules,22.28562522512361,1.9288220182370477,16.49915917041247
2026-03-27,195,BenjaminC,26.45722148864159,2.7672043112738844,18.155608554819935
2026-03-27,195,LaureS,24.30806843139465,3.8248845779553338,12.833414697528648
2026-03-27,195,Sabine,19.638460645438276,5.814660354026994,2.1944795833572925
2026-03-27,195,Loïc,15.952276085512993,3.5019724338254243,5.44635878403672
2026-03-27,195,JulieB,14.45100437958305,4.420225033746667,1.1903292783430501
2026-03-27,195,ThéoM,19.58268942548809,3.4322329373975986,9.285990613295295
2026-03-27,195,EmmanuelP,18.804761872918576,3.0947856748638993,9.520404848326878
2026-03-27,195,BenjaminZ,24.634722968164162,4.769455515274229,10.326356422341474
2026-03-27,195,Maximilien,22.489944920758195,4.257806899692799,9.716524221679798
2026-03-27,195,PhilippeA,26.91485721088577,4.3558037628593205,13.84744592230781
2026-03-27,196,NathV,21.44379487331326,5.849331080771878,3.8958016309976244
2026-03-27,196,Lily,35.2875703480905,1.535368428521978,30.681465062524563
2026-03-27,196,Roland,28.00041995271715,2.2054693849597697,21.38401179783784
2026-03-27,196,Rémi,33.80677791942101,2.0097305617351,27.77758623421571
2026-03-27,196,ManonV,13.145264885910477,2.79743032271657,4.752973917760766
2026-03-27,196,Lilou,19.800435681610427,1.5418551821491568,15.174870135162957
2026-03-27,196,Paul,22.5709656614621,1.7227601934228898,17.402685081193432
2026-03-27,196,Raphaël,30.954855272764,1.7283030589370203,25.76994609595294
2026-03-27,196,Julia,22.07394174523081,3.695521452872132,10.987377386614416
2026-03-27,196,Armelle,25.26824327474824,3.0705232060872016,16.056673656486637
2026-03-27,196,Jules,21.805935604336536,1.9029466308602159,16.097095711755887
2026-03-27,196,BenjaminC,27.443596905607897,2.686219160164091,19.384939425115626
2026-03-27,196,LaureS,26.191756034976244,3.6056463087250394,15.374817108801125
2026-03-27,196,Sabine,19.638460645438276,5.814660354026994,2.1944795833572925
2026-03-27,196,Loïc,15.952276085512993,3.5019724338254243,5.44635878403672
2026-03-27,196,JulieB,14.45100437958305,4.420225033746667,1.1903292783430501
2026-03-27,196,ThéoM,19.58268942548809,3.4322329373975986,9.285990613295295
2026-03-27,196,EmmanuelP,18.804761872918576,3.0947856748638993,9.520404848326878
2026-03-27,196,BenjaminZ,24.634722968164162,4.769455515274229,10.326356422341474
2026-03-27,196,Maximilien,22.489944920758195,4.257806899692799,9.716524221679798
2026-03-27,196,PhilippeA,26.91485721088577,4.3558037628593205,13.84744592230781
2026-03-27,197,NathV,21.44379487331326,5.849331080771878,3.8958016309976244
2026-03-27,197,Lily,35.2875703480905,1.535368428521978,30.681465062524563
2026-03-27,197,Roland,28.00041995271715,2.2054693849597697,21.38401179783784
2026-03-27,197,Rémi,33.395589866163064,1.9820630210226704,27.449400803095052
2026-03-27,197,ManonV,13.145264885910477,2.79743032271657,4.752973917760766
2026-03-27,197,Lilou,19.800435681610427,1.5418551821491568,15.174870135162957
2026-03-27,197,Paul,22.5709656614621,1.7227601934228898,17.402685081193432
2026-03-27,197,Raphaël,30.954855272764,1.7283030589370203,25.76994609595294
2026-03-27,197,Julia,22.07394174523081,3.695521452872132,10.987377386614416
2026-03-27,197,Armelle,25.26824327474824,3.0705232060872016,16.056673656486637
2026-03-27,197,Jules,21.437209378245104,1.8798285272034365,15.797723796634795
2026-03-27,197,BenjaminC,28.17763635991164,2.6169876870200017,20.326673298851638
2026-03-27,197,LaureS,27.51371179717666,3.434284633404962,17.210857896961777
2026-03-27,197,Sabine,19.638460645438276,5.814660354026994,2.1944795833572925
2026-03-27,197,Loïc,15.952276085512993,3.5019724338254243,5.44635878403672
2026-03-27,197,JulieB,14.45100437958305,4.420225033746667,1.1903292783430501
2026-03-27,197,ThéoM,19.58268942548809,3.4322329373975986,9.285990613295295
2026-03-27,197,EmmanuelP,18.804761872918576,3.0947856748638993,9.520404848326878
2026-03-27,197,BenjaminZ,24.634722968164162,4.769455515274229,10.326356422341474
2026-03-27,197,Maximilien,22.489944920758195,4.257806899692799,9.716524221679798
2026-03-27,197,PhilippeA,26.91485721088577,4.3558037628593205,13.84744592230781
2026-03-30,198,NathV,21.44379487331326,5.849331080771878,3.8958016309976244
2026-03-30,198,Lily,35.2875703480905,1.535368428521978,30.681465062524563
2026-03-30,198,Roland,28.00041995271715,2.2054693849597697,21.38401179783784
2026-03-30,198,Rémi,33.395589866163064,1.9820630210226704,27.449400803095052
2026-03-30,198,ManonV,13.145264885910477,2.79743032271657,4.752973917760766
2026-03-30,198,Lilou,19.800435681610427,1.5418551821491568,15.174870135162957
2026-03-30,198,Paul,22.5709656614621,1.7227601934228898,17.402685081193432
2026-03-30,198,Raphaël,30.954855272764,1.7283030589370203,25.76994609595294
2026-03-30,198,Julia,22.07394174523081,3.695521452872132,10.987377386614416
2026-03-30,198,Armelle,25.26824327474824,3.0705232060872016,16.056673656486637
2026-03-30,198,Jules,21.437209378245104,1.8798285272034365,15.797723796634795
2026-03-30,198,BenjaminC,28.17763635991164,2.6169876870200017,20.326673298851638
2026-03-30,198,LaureS,27.51371179717666,3.434284633404962,17.210857896961777
2026-03-30,198,Sabine,19.638460645438276,5.814660354026994,2.1944795833572925
2026-03-30,198,Loïc,17.098156691354603,3.3858303899879396,6.940665521390784
2026-03-30,198,JulieB,16.276207331651076,4.1830729568505305,3.7269884610994843
2026-03-30,198,ThéoM,18.481967742874374,3.3230417334695472,8.512842542465734
2026-03-30,198,EmmanuelP,18.804761872918576,3.0947856748638993,9.520404848326878
2026-03-30,198,BenjaminZ,24.634722968164162,4.769455515274229,10.326356422341474
2026-03-30,198,Maximilien,22.489944920758195,4.257806899692799,9.716524221679798
2026-03-30,198,PhilippeA,26.91485721088577,4.3558037628593205,13.84744592230781
2026-03-30,199,NathV,21.44379487331326,5.849331080771878,3.8958016309976244
2026-03-30,199,Lily,35.2875703480905,1.535368428521978,30.681465062524563
2026-03-30,199,Roland,28.00041995271715,2.2054693849597697,21.38401179783784
2026-03-30,199,Rémi,33.395589866163064,1.9820630210226704,27.449400803095052
2026-03-30,199,ManonV,13.145264885910477,2.79743032271657,4.752973917760766
2026-03-30,199,Lilou,19.800435681610427,1.5418551821491568,15.174870135162957
2026-03-30,199,Paul,22.5709656614621,1.7227601934228898,17.402685081193432
2026-03-30,199,Raphaël,30.954855272764,1.7283030589370203,25.76994609595294
2026-03-30,199,Julia,22.07394174523081,3.695521452872132,10.987377386614416
2026-03-30,199,Armelle,25.26824327474824,3.0705232060872016,16.056673656486637
2026-03-30,199,Jules,21.766036606676035,1.8606141507124319,16.18419415453874
2026-03-30,199,BenjaminC,27.540954935029585,2.5612686557784246,19.85714896769431
2026-03-30,199,LaureS,28.609702530742037,3.305404078507917,18.693490295218286
2026-03-30,199,Sabine,19.638460645438276,5.814660354026994,2.1944795833572925
2026-03-30,199,Loïc,17.098156691354603,3.3858303899879396,6.940665521390784
2026-03-30,199,JulieB,16.276207331651076,4.1830729568505305,3.7269884610994843
2026-03-30,199,ThéoM,18.481967742874374,3.3230417334695472,8.512842542465734
2026-03-30,199,EmmanuelP,18.804761872918576,3.0947856748638993,9.520404848326878
2026-03-30,199,BenjaminZ,24.634722968164162,4.769455515274229,10.326356422341474
2026-03-30,199,Maximilien,20.805654709290383,4.008500696933162,8.780152618490899
2026-03-30,199,PhilippeA,26.91485721088577,4.3558037628593205,13.84744592230781
2026-03-30,200,NathV,21.44379487331326,5.849331080771878,3.8958016309976244
2026-03-30,200,Lily,35.35570215087041,1.530545913661269,30.7640644098866
2026-03-30,200,Roland,28.00041995271715,2.2054693849597697,21.38401179783784
2026-03-30,200,Rémi,33.28218045119259,1.9685807308722287,27.376438258575902
2026-03-30,200,ManonV,13.145264885910477,2.79743032271657,4.752973917760766
2026-03-30,200,Lilou,19.800435681610427,1.5418551821491568,15.174870135162957
2026-03-30,200,Paul,22.5709656614621,1.7227601934228898,17.402685081193432
2026-03-30,200,Raphaël,30.954855272764,1.7283030589370203,25.76994609595294
2026-03-30,200,Julia,22.07394174523081,3.695521452872132,10.987377386614416
2026-03-30,200,Armelle,25.26824327474824,3.0705232060872016,16.056673656486637
2026-03-30,200,Jules,21.766036606676035,1.8606141507124319,16.18419415453874
2026-03-30,200,BenjaminC,27.730196679775787,2.529702825125143,20.141088204400358
2026-03-30,200,LaureS,28.609702530742037,3.305404078507917,18.693490295218286
2026-03-30,200,Sabine,19.638460645438276,5.814660354026994,2.1944795833572925
2026-03-30,200,Loïc,17.098156691354603,3.3858303899879396,6.940665521390784
2026-03-30,200,JulieB,16.276207331651076,4.1830729568505305,3.7269884610994843
2026-03-30,200,ThéoM,18.163554001987674,3.2519127478282273,8.407815758502991
2026-03-30,200,EmmanuelP,18.804761872918576,3.0947856748638993,9.520404848326878
2026-03-30,200,BenjaminZ,24.634722968164162,4.769455515274229,10.326356422341474
2026-03-30,200,Maximilien,20.805654709290383,4.008500696933162,8.780152618490899
2026-03-30,200,PhilippeA,26.91485721088577,4.3558037628593205,13.84744592230781
2026-03-30,201,NathV,21.44379487331326,5.849331080771878,3.8958016309976244
2026-03-30,201,Lily,35.5467790164758,1.5207543769181635,30.98451588572131
2026-03-30,201,Roland,28.00041995271715,2.2054693849597697,21.38401179783784
2026-03-30,201,Rémi,32.96645190574709,1.9446647301692277,27.13245771523941
2026-03-30,201,ManonV,13.145264885910477,2.79743032271657,4.752973917760766
2026-03-30,201,Lilou,19.800435681610427,1.5418551821491568,15.174870135162957
2026-03-30,201,Paul,22.5709656614621,1.7227601934228898,17.402685081193432
2026-03-30,201,Raphaël,30.954855272764,1.7283030589370203,25.76994609595294
2026-03-30,201,Julia,22.07394174523081,3.695521452872132,10.987377386614416
2026-03-30,201,Armelle,25.26824327474824,3.0705232060872016,16.056673656486637
2026-03-30,201,Jules,21.483930302288144,1.8408062364725433,15.961511592870515
2026-03-30,201,BenjaminC,27.730196679775787,2.529702825125143,20.141088204400358
2026-03-30,201,LaureS,28.609702530742037,3.305404078507917,18.693490295218286
2026-03-30,201,Sabine,19.638460645438276,5.814660354026994,2.1944795833572925
2026-03-30,201,Loïc,17.098156691354603,3.3858303899879396,6.940665521390784
2026-03-30,201,JulieB,16.276207331651076,4.1830729568505305,3.7269884610994843
2026-03-30,201,ThéoM,18.163554001987674,3.2519127478282273,8.407815758502991
2026-03-30,201,EmmanuelP,18.804761872918576,3.0947856748638993,9.520404848326878
2026-03-30,201,BenjaminZ,24.634722968164162,4.769455515274229,10.326356422341474
2026-03-30,201,Maximilien,22.112973266797283,3.7883218629285995,10.748007678011485
2026-03-30,201,PhilippeA,26.91485721088577,4.3558037628593205,13.84744592230781
2026-03-31,202,NathV,21.44379487331326,5.849331080771878,3.8958016309976244
2026-03-31,202,Lily,35.5467790164758,1.5207543769181635,30.98451588572131
2026-03-31,202,Roland,28.00041995271715,2.2054693849597697,21.38401179783784
2026-03-31,202,Rémi,33.02571614906124,1.9363628273413396,27.21662766703722
2026-03-31,202,ManonV,13.145264885910477,2.79743032271657,4.752973917760766
2026-03-31,202,Lilou,19.800435681610427,1.5418551821491568,15.174870135162957
2026-03-31,202,Paul,22.5709656614621,1.7227601934228898,17.402685081193432
2026-03-31,202,Raphaël,31.001688576832244,1.7232290142850852,25.83200153397699
2026-03-31,202,Julia,22.07394174523081,3.695521452872132,10.987377386614416
2026-03-31,202,Armelle,25.26824327474824,3.0705232060872016,16.056673656486637
2026-03-31,202,Jules,21.430815964383058,1.8341358162150523,15.928408515737901
2026-03-31,202,BenjaminC,27.629985416499373,2.5088565739112014,20.10341569476577
2026-03-31,202,LaureS,28.609702530742037,3.305404078507917,18.693490295218286
2026-03-31,202,Sabine,19.638460645438276,5.814660354026994,2.1944795833572925
2026-03-31,202,Loïc,17.098156691354603,3.3858303899879396,6.940665521390784
2026-03-31,202,JulieB,16.276207331651076,4.1830729568505305,3.7269884610994843
2026-03-31,202,ThéoM,18.163554001987674,3.2519127478282273,8.407815758502991
2026-03-31,202,EmmanuelP,18.804761872918576,3.0947856748638993,9.520404848326878
2026-03-31,202,BenjaminZ,24.634722968164162,4.769455515274229,10.326356422341474
2026-03-31,202,Maximilien,22.112973266797283,3.7883218629285995,10.748007678011485
2026-03-31,202,PhilippeA,26.91485721088577,4.3558037628593205,13.84744592230781
2026-03-31,203,NathV,21.44379487331326,5.849331080771878,3.8958016309976244
2026-03-31,203,Lily,35.342357482607895,1.5096188836123083,30.81350083177097
2026-03-31,203,Roland,28.00041995271715,2.2054693849597697,21.38401179783784
2026-03-31,203,Rémi,33.35675842106259,1.91042890988546,27.625471691406204
2026-03-31,203,ManonV,13.145264885910477,2.79743032271657,4.752973917760766
2026-03-31,203,Lilou,19.800435681610427,1.5418551821491568,15.174870135162957
2026-03-31,203,Paul,22.5709656614621,1.7227601934228898,17.402685081193432
2026-03-31,203,Raphaël,31.263993722204305,1.7057163357305047,26.14684471501279
2026-03-31,203,Julia,22.07394174523081,3.695521452872132,10.987377386614416
2026-03-31,203,Armelle,25.26824327474824,3.0705232060872016,16.056673656486637
2026-03-31,203,Jules,21.430815964383058,1.8341358162150523,15.928408515737901
2026-03-31,203,BenjaminC,27.074673591967105,2.4497029644313644,19.72556469867301
2026-03-31,203,LaureS,28.609702530742037,3.305404078507917,18.693490295218286
2026-03-31,203,Sabine,19.638460645438276,5.814660354026994,2.1944795833572925
2026-03-31,203,Loïc,17.098156691354603,3.3858303899879396,6.940665521390784
2026-03-31,203,JulieB,16.276207331651076,4.1830729568505305,3.7269884610994843
2026-03-31,203,ThéoM,18.163554001987674,3.2519127478282273,8.407815758502991
2026-03-31,203,EmmanuelP,18.804761872918576,3.0947856748638993,9.520404848326878
2026-03-31,203,BenjaminZ,24.634722968164162,4.769455515274229,10.326356422341474
2026-03-31,203,Maximilien,22.112973266797283,3.7883218629285995,10.748007678011485
2026-03-31,203,PhilippeA,26.91485721088577,4.3558037628593205,13.84744592230781
2026-04-01,204,NathV,21.44379487331326,5.849331080771878,3.8958016309976244
2026-04-01,204,Lily,35.342357482607895,1.5096188836123083,30.81350083177097
2026-04-01,204,Roland,28.00041995271715,2.2054693849597697,21.38401179783784
2026-04-01,204,Rémi,33.07396535679408,1.8883224286440854,27.408998070861827
2026-04-01,204,ManonV,12.53952633915767,2.7231239453345197,4.37015450315411
2026-04-01,204,Lilou,19.800435681610427,1.5418551821491568,15.174870135162957
2026-04-01,204,Paul,22.5709656614621,1.7227601934228898,17.402685081193432
2026-04-01,204,Raphaël,31.263993722204305,1.7057163357305047,26.14684471501279
2026-04-01,204,Julia,22.07394174523081,3.695521452872132,10.987377386614416
2026-04-01,204,Armelle,25.26824327474824,3.0705232060872016,16.056673656486637
2026-04-01,204,Jules,21.691515351616555,1.8148633513548489,16.24692529755201
2026-04-01,204,BenjaminC,27.53930714267343,2.40053043828175,20.33771582782818
2026-04-01,204,LaureS,28.609702530742037,3.305404078507917,18.693490295218286
2026-04-01,204,Sabine,19.638460645438276,5.814660354026994,2.1944795833572925
2026-04-01,204,Loïc,17.098156691354603,3.3858303899879396,6.940665521390784
2026-04-01,204,JulieB,16.276207331651076,4.1830729568505305,3.7269884610994843
2026-04-01,204,ThéoM,18.163554001987674,3.2519127478282273,8.407815758502991
2026-04-01,204,EmmanuelP,18.804761872918576,3.0947856748638993,9.520404848326878
2026-04-01,204,BenjaminZ,24.634722968164162,4.769455515274229,10.326356422341474
2026-04-01,204,Maximilien,22.112973266797283,3.7883218629285995,10.748007678011485
2026-04-01,204,PhilippeA,26.91485721088577,4.3558037628593205,13.84744592230781
2026-04-01,205,NathV,21.44379487331326,5.849331080771878,3.8958016309976244
2026-04-01,205,Lily,35.342357482607895,1.5096188836123083,30.81350083177097
2026-04-01,205,Roland,28.00041995271715,2.2054693849597697,21.38401179783784
2026-04-01,205,Rémi,33.07396535679408,1.8883224286440854,27.408998070861827
2026-04-01,205,ManonV,12.53952633915767,2.7231239453345197,4.37015450315411
2026-04-01,205,Lilou,19.800435681610427,1.5418551821491568,15.174870135162957
2026-04-01,205,Paul,22.5709656614621,1.7227601934228898,17.402685081193432
2026-04-01,205,Raphaël,31.263993722204305,1.7057163357305047,26.14684471501279
2026-04-01,205,Julia,22.07394174523081,3.695521452872132,10.987377386614416
2026-04-01,205,Armelle,25.26824327474824,3.0705232060872016,16.056673656486637
2026-04-01,205,Jules,21.691515351616555,1.8148633513548489,16.24692529755201
2026-04-01,205,BenjaminC,27.53930714267343,2.40053043828175,20.33771582782818
2026-04-01,205,LaureS,28.609702530742037,3.305404078507917,18.693490295218286
2026-04-01,205,Sabine,19.638460645438276,5.814660354026994,2.1944795833572925
2026-04-01,205,Loïc,18.166191767910313,3.29558548215945,8.279435321431961
2026-04-01,205,JulieB,17.90608615844053,4.010569204258129,5.8743785456661435
2026-04-01,205,ThéoM,17.17828461785505,3.17219764008914,7.661691697587628
2026-04-01,205,EmmanuelP,18.804761872918576,3.0947856748638993,9.520404848326878
2026-04-01,205,BenjaminZ,24.634722968164162,4.769455515274229,10.326356422341474
2026-04-01,205,Maximilien,22.112973266797283,3.7883218629285995,10.748007678011485
2026-04-01,205,PhilippeA,26.91485721088577,4.3558037628593205,13.84744592230781
2026-04-01,206,NathV,21.44379487331326,5.849331080771878,3.8958016309976244
2026-04-01,206,Lily,35.15293543307298,1.4996658957623277,30.653937745786
2026-04-01,206,Roland,28.00041995271715,2.2054693849597697,21.38401179783784
2026-04-01,206,Rémi,33.37001994782897,1.8661666717524716,27.771519932571557
2026-04-01,206,ManonV,12.53952633915767,2.7231239453345197,4.37015450315411
2026-04-01,206,Lilou,19.800435681610427,1.5418551821491568,15.174870135162957
2026-04-01,206,Paul,22.5709656614621,1.7227601934228898,17.402685081193432
2026-04-01,206,Raphaël,31.263993722204305,1.7057163357305047,26.14684471501279
2026-04-01,206,Julia,22.07394174523081,3.695521452872132,10.987377386614416
2026-04-01,206,Armelle,25.26824327474824,3.0705232060872016,16.056673656486637
2026-04-01,206,Jules,21.96502778487231,1.795479864464078,16.578588191480073
2026-04-01,206,BenjaminC,27.53930714267343,2.40053043828175,20.33771582782818
2026-04-01,206,LaureS,28.609702530742037,3.305404078507917,18.693490295218286
2026-04-01,206,Sabine,19.638460645438276,5.814660354026994,2.1944795833572925
2026-04-01,206,Loïc,17.265622179247263,3.1676265070952887,7.762742657961397
2026-04-01,206,JulieB,17.90608615844053,4.010569204258129,5.8743785456661435
2026-04-01,206,ThéoM,17.17828461785505,3.17219764008914,7.661691697587628
2026-04-01,206,EmmanuelP,18.804761872918576,3.0947856748638993,9.520404848326878
2026-04-01,206,BenjaminZ,24.634722968164162,4.769455515274229,10.326356422341474
2026-04-01,206,Maximilien,22.112973266797283,3.7883218629285995,10.748007678011485
2026-04-01,206,PhilippeA,26.91485721088577,4.3558037628593205,13.84744592230781
2026-04-01,207,NathV,21.44379487331326,5.849331080771878,3.8958016309976244
2026-04-01,207,Lily,34.74985027815012,1.4864752430336088,30.290424549049295
2026-04-01,207,Roland,28.00041995271715,2.2054693849597697,21.38401179783784
2026-04-01,207,Rémi,33.9935176096666,1.8381140367227935,28.47917549949822
2026-04-01,207,ManonV,12.53952633915767,2.7231239453345197,4.37015450315411
2026-04-01,207,Lilou,19.800435681610427,1.5418551821491568,15.174870135162957
2026-04-01,207,Paul,22.5709656614621,1.7227601934228898,17.402685081193432
2026-04-01,207,Raphaël,31.263993722204305,1.7057163357305047,26.14684471501279
2026-04-01,207,Julia,22.07394174523081,3.695521452872132,10.987377386614416
2026-04-01,207,Armelle,25.26824327474824,3.0705232060872016,16.056673656486637
2026-04-01,207,Jules,21.96502778487231,1.795479864464078,16.578588191480073
2026-04-01,207,BenjaminC,26.508431413603713,2.3380419837738344,19.49430546228221
2026-04-01,207,LaureS,28.609702530742037,3.305404078507917,18.693490295218286
2026-04-01,207,Sabine,19.638460645438276,5.814660354026994,2.1944795833572925
2026-04-01,207,Loïc,17.265622179247263,3.1676265070952887,7.762742657961397
2026-04-01,207,JulieB,17.90608615844053,4.010569204258129,5.8743785456661435
2026-04-01,207,ThéoM,17.17828461785505,3.17219764008914,7.661691697587628
2026-04-01,207,EmmanuelP,20.517317788950773,2.95775005709926,11.644067617652993
2026-04-01,207,BenjaminZ,24.634722968164162,4.769455515274229,10.326356422341474
2026-04-01,207,Maximilien,22.112973266797283,3.7883218629285995,10.748007678011485
2026-04-01,207,PhilippeA,26.91485721088577,4.3558037628593205,13.84744592230781
2026-04-02,208,NathV,21.44379487331326,5.849331080771878,3.8958016309976244
2026-04-02,208,Lily,34.74985027815012,1.4864752430336088,30.290424549049295
2026-04-02,208,Roland,28.00041995271715,2.2054693849597697,21.38401179783784
2026-04-02,208,Rémi,33.9935176096666,1.8381140367227935,28.47917549949822
2026-04-02,208,ManonV,12.53952633915767,2.7231239453345197,4.37015450315411
2026-04-02,208,Lilou,19.575869034849738,1.5343429926667773,14.972840056849407
2026-04-02,208,Paul,22.5709656614621,1.7227601934228898,17.402685081193432
2026-04-02,208,Raphaël,31.263993722204305,1.7057163357305047,26.14684471501279
2026-04-02,208,Julia,22.07394174523081,3.695521452872132,10.987377386614416
2026-04-02,208,Armelle,25.26824327474824,3.0705232060872016,16.056673656486637
2026-04-02,208,Jules,21.96502778487231,1.795479864464078,16.578588191480073
2026-04-02,208,BenjaminC,26.508431413603713,2.3380419837738344,19.49430546228221
2026-04-02,208,LaureS,28.609702530742037,3.305404078507917,18.693490295218286
2026-04-02,208,Sabine,19.638460645438276,5.814660354026994,2.1944795833572925
2026-04-02,208,Loïc,17.265622179247263,3.1676265070952887,7.762742657961397
2026-04-02,208,JulieB,16.3904645185385,3.837012850228636,4.879425967852592
2026-04-02,208,ThéoM,18.126727948505614,3.0876700622981796,8.863717761611076
2026-04-02,208,EmmanuelP,20.517317788950773,2.95775005709926,11.644067617652993
2026-04-02,208,BenjaminZ,24.634722968164162,4.769455515274229,10.326356422341474
2026-04-02,208,Maximilien,22.112973266797283,3.7883218629285995,10.748007678011485
2026-04-02,208,PhilippeA,26.91485721088577,4.3558037628593205,13.84744592230781
2026-04-02,209,NathV,21.44379487331326,5.849331080771878,3.8958016309976244
2026-04-02,209,Lily,34.74985027815012,1.4864752430336088,30.290424549049295
2026-04-02,209,Roland,28.00041995271715,2.2054693849597697,21.38401179783784
2026-04-02,209,Rémi,33.9935176096666,1.8381140367227935,28.47917549949822
2026-04-02,209,ManonV,13.06019698697075,2.6664173016667565,5.06094508197048
2026-04-02,209,Lilou,19.741501650548976,1.526277219318354,15.162669992593914
2026-04-02,209,Paul,22.5709656614621,1.7227601934228898,17.402685081193432
2026-04-02,209,Raphaël,31.263993722204305,1.7057163357305047,26.14684471501279
2026-04-02,209,Julia,22.07394174523081,3.695521452872132,10.987377386614416
2026-04-02,209,Armelle,25.26824327474824,3.0705232060872016,16.056673656486637
2026-04-02,209,Jules,21.96502778487231,1.795479864464078,16.578588191480073
2026-04-02,209,BenjaminC,26.508431413603713,2.3380419837738344,19.49430546228221
2026-04-02,209,LaureS,28.609702530742037,3.305404078507917,18.693490295218286
2026-04-02,209,Sabine,19.638460645438276,5.814660354026994,2.1944795833572925
2026-04-02,209,Loïc,16.561269510415155,3.077141542067778,7.329844884211822
2026-04-02,209,JulieB,16.3904645185385,3.837012850228636,4.879425967852592
2026-04-02,209,ThéoM,18.126727948505614,3.0876700622981796,8.863717761611076
2026-04-02,209,EmmanuelP,20.517317788950773,2.95775005709926,11.644067617652993
2026-04-02,209,BenjaminZ,24.634722968164162,4.769455515274229,10.326356422341474
2026-04-02,209,Maximilien,22.112973266797283,3.7883218629285995,10.748007678011485
2026-04-02,209,PhilippeA,26.91485721088577,4.3558037628593205,13.84744592230781
2026-04-02,210,NathV,21.44379487331326,5.849331080771878,3.8958016309976244
2026-04-02,210,Lily,34.907299161677166,1.4787440020096292,30.471067155648278
2026-04-02,210,Roland,28.00041995271715,2.2054693849597697,21.38401179783784
2026-04-02,210,Rémi,33.7530270266312,1.8209674055366187,28.290124810021346
2026-04-02,210,ManonV,13.06019698697075,2.6664173016667565,5.06094508197048
2026-04-02,210,Lilou,19.741501650548976,1.526277219318354,15.162669992593914
2026-04-02,210,Paul,22.5709656614621,1.7227601934228898,17.402685081193432
2026-04-02,210,Raphaël,31.263993722204305,1.7057163357305047,26.14684471501279
2026-04-02,210,Julia,22.07394174523081,3.695521452872132,10.987377386614416
2026-04-02,210,Armelle,25.26824327474824,3.0705232060872016,16.056673656486637
2026-04-02,210,Jules,21.96502778487231,1.795479864464078,16.578588191480073
2026-04-02,210,BenjaminC,26.508431413603713,2.3380419837738344,19.49430546228221
2026-04-02,210,LaureS,28.609702530742037,3.305404078507917,18.693490295218286
2026-04-02,210,Sabine,19.638460645438276,5.814660354026994,2.1944795833572925
2026-04-02,210,Loïc,16.561269510415155,3.077141542067778,7.329844884211822
2026-04-02,210,JulieB,15.344172877273849,3.6620477066891723,4.358029757206332
2026-04-02,210,ThéoM,18.804431014017542,2.9978775415742223,9.810798389294876
2026-04-02,210,EmmanuelP,20.517317788950773,2.95775005709926,11.644067617652993
2026-04-02,210,BenjaminZ,24.634722968164162,4.769455515274229,10.326356422341474
2026-04-02,210,Maximilien,22.112973266797283,3.7883218629285995,10.748007678011485
2026-04-02,210,PhilippeA,26.91485721088577,4.3558037628593205,13.84744592230781
2026-04-02,211,NathV,21.44379487331326,5.849331080771878,3.8958016309976244
2026-04-02,211,Lily,34.907299161677166,1.4787440020096292,30.471067155648278
2026-04-02,211,Roland,28.00041995271715,2.2054693849597697,21.38401179783784
2026-04-02,211,Rémi,33.7530270266312,1.8209674055366187,28.290124810021346
2026-04-02,211,ManonV,13.06019698697075,2.6664173016667565,5.06094508197048
2026-04-02,211,Lilou,19.90633140222791,1.5179600592064888,15.352451224608444
2026-04-02,211,Paul,22.5709656614621,1.7227601934228898,17.402685081193432
2026-04-02,211,Raphaël,31.263993722204305,1.7057163357305047,26.14684471501279
2026-04-02,211,Julia,22.07394174523081,3.695521452872132,10.987377386614416
2026-04-02,211,Armelle,25.26824327474824,3.0705232060872016,16.056673656486637
2026-04-02,211,Jules,21.96502778487231,1.795479864464078,16.578588191480073
2026-04-02,211,BenjaminC,26.122302781042603,2.301375549145736,19.218176133605393
2026-04-02,211,LaureS,28.609702530742037,3.305404078507917,18.693490295218286
2026-04-02,211,Sabine,19.638460645438276,5.814660354026994,2.1944795833572925
2026-04-02,211,Loïc,16.561269510415155,3.077141542067778,7.329844884211822
2026-04-02,211,JulieB,15.344172877273849,3.6620477066891723,4.358029757206332
2026-04-02,211,ThéoM,18.804431014017542,2.9978775415742223,9.810798389294876
2026-04-02,211,EmmanuelP,21.134969402073764,2.8813528759740934,12.490910774151484
2026-04-02,211,BenjaminZ,24.634722968164162,4.769455515274229,10.326356422341474
2026-04-02,211,Maximilien,22.112973266797283,3.7883218629285995,10.748007678011485
2026-04-02,211,PhilippeA,26.91485721088577,4.3558037628593205,13.84744592230781
2026-04-02,212,NathV,21.44379487331326,5.849331080771878,3.8958016309976244
2026-04-02,212,Lily,34.747221908057696,1.4696183289269587,30.338366921276823
2026-04-02,212,Roland,28.00041995271715,2.2054693849597697,21.38401179783784
2026-04-02,212,Rémi,33.995509031944344,1.8014425541810912,28.59118136940107
2026-04-02,212,ManonV,13.06019698697075,2.6664173016667565,5.06094508197048
2026-04-02,212,Lilou,19.90633140222791,1.5179600592064888,15.352451224608444
2026-04-02,212,Paul,22.5709656614621,1.7227601934228898,17.402685081193432
2026-04-02,212,Raphaël,31.263993722204305,1.7057163357305047,26.14684471501279
2026-04-02,212,Julia,22.07394174523081,3.695521452872132,10.987377386614416
2026-04-02,212,Armelle,25.26824327474824,3.0705232060872016,16.056673656486637
2026-04-02,212,Jules,21.729272086267873,1.7768709243397762,16.398659313248544
2026-04-02,212,BenjaminC,26.509302496326367,2.259519744585821,19.730743262568904
2026-04-02,212,LaureS,28.609702530742037,3.305404078507917,18.693490295218286
2026-04-02,212,Sabine,19.638460645438276,5.814660354026994,2.1944795833572925
2026-04-02,212,Loïc,16.561269510415155,3.077141542067778,7.329844884211822
2026-04-02,212,JulieB,15.344172877273849,3.6620477066891723,4.358029757206332
2026-04-02,212,ThéoM,18.804431014017542,2.9978775415742223,9.810798389294876
2026-04-02,212,EmmanuelP,21.134969402073764,2.8813528759740934,12.490910774151484
2026-04-02,212,BenjaminZ,24.634722968164162,4.769455515274229,10.326356422341474
2026-04-02,212,Maximilien,22.112973266797283,3.7883218629285995,10.748007678011485
2026-04-02,212,PhilippeA,26.91485721088577,4.3558037628593205,13.84744592230781
2026-04-02,213,NathV,21.44379487331326,5.849331080771878,3.8958016309976244
2026-04-02,213,Lily,34.747221908057696,1.4696183289269587,30.338366921276823
2026-04-02,213,Roland,28.00041995271715,2.2054693849597697,21.38401179783784
2026-04-02,213,Rémi,34.11096431927186,1.7892908543935186,28.743091756091303
2026-04-02,213,ManonV,13.06019698697075,2.6664173016667565,5.06094508197048
2026-04-02,213,Lilou,19.82428260195251,1.5118213586218874,15.28881852608685
2026-04-02,213,Paul,22.5709656614621,1.7227601934228898,17.402685081193432
2026-04-02,213,Raphaël,31.263993722204305,1.7057163357305047,26.14684471501279
2026-04-02,213,Julia,22.07394174523081,3.695521452872132,10.987377386614416
2026-04-02,213,Armelle,25.26824327474824,3.0705232060872016,16.056673656486637
2026-04-02,213,Jules,21.84160591930774,1.7653143214216875,16.545662955042676
2026-04-02,213,BenjaminC,26.327806419691846,2.2332456146419175,19.628069575766094
2026-04-02,213,LaureS,28.609702530742037,3.305404078507917,18.693490295218286
2026-04-02,213,Sabine,19.638460645438276,5.814660354026994,2.1944795833572925
2026-04-02,213,Loïc,16.561269510415155,3.077141542067778,7.329844884211822
2026-04-02,213,JulieB,15.344172877273849,3.6620477066891723,4.358029757206332
2026-04-02,213,ThéoM,18.804431014017542,2.9978775415742223,9.810798389294876
2026-04-02,213,EmmanuelP,21.134969402073764,2.8813528759740934,12.490910774151484
2026-04-02,213,BenjaminZ,24.634722968164162,4.769455515274229,10.326356422341474
2026-04-02,213,Maximilien,22.112973266797283,3.7883218629285995,10.748007678011485
2026-04-02,213,PhilippeA,26.91485721088577,4.3558037628593205,13.84744592230781
2026-04-03,214,NathV,21.44379487331326,5.849331080771878,3.8958016309976244
2026-04-03,214,Lily,34.747221908057696,1.4696183289269587,30.338366921276823
2026-04-03,214,Roland,28.00041995271715,2.2054693849597697,21.38401179783784
2026-04-03,214,Rémi,34.11096431927186,1.7892908543935186,28.743091756091303
2026-04-03,214,ManonV,13.06019698697075,2.6664173016667565,5.06094508197048
2026-04-03,214,Lilou,19.82428260195251,1.5118213586218874,15.28881852608685
2026-04-03,214,Paul,22.5709656614621,1.7227601934228898,17.402685081193432
2026-04-03,214,Raphaël,31.263993722204305,1.7057163357305047,26.14684471501279
2026-04-03,214,Julia,22.07394174523081,3.695521452872132,10.987377386614416
2026-04-03,214,Armelle,25.26824327474824,3.0705232060872016,16.056673656486637
2026-04-03,214,Jules,21.84160591930774,1.7653143214216875,16.545662955042676
2026-04-03,214,BenjaminC,26.327806419691846,2.2332456146419175,19.628069575766094
2026-04-03,214,LaureS,28.609702530742037,3.305404078507917,18.693490295218286
2026-04-03,214,Sabine,19.638460645438276,5.814660354026994,2.1944795833572925
2026-04-03,214,Loïc,16.561269510415155,3.077141542067778,7.329844884211822
2026-04-03,214,JulieB,15.344172877273849,3.6620477066891723,4.358029757206332
2026-04-03,214,ThéoM,19.016040126106745,2.9650277198421215,10.12095696658038
2026-04-03,214,EmmanuelP,21.134969402073764,2.8813528759740934,12.490910774151484
2026-04-03,214,BenjaminZ,25.170077280556562,4.632112926465234,11.27373850116086
2026-04-03,214,Maximilien,22.112973266797283,3.7883218629285995,10.748007678011485
2026-04-03,214,PhilippeA,26.91485721088577,4.3558037628593205,13.84744592230781
2026-04-03,215,NathV,21.44379487331326,5.849331080771878,3.8958016309976244
2026-04-03,215,Lily,34.747221908057696,1.4696183289269587,30.338366921276823
2026-04-03,215,Roland,28.00041995271715,2.2054693849597697,21.38401179783784
2026-04-03,215,Rémi,34.11096431927186,1.7892908543935186,28.743091756091303
2026-04-03,215,ManonV,12.752235502283375,2.6234786436644963,4.881799571289886
2026-04-03,215,Lilou,19.82428260195251,1.5118213586218874,15.28881852608685
2026-04-03,215,Paul,22.5709656614621,1.7227601934228898,17.402685081193432
2026-04-03,215,Raphaël,31.263993722204305,1.7057163357305047,26.14684471501279
2026-04-03,215,Julia,22.07394174523081,3.695521452872132,10.987377386614416
2026-04-03,215,Armelle,25.26824327474824,3.0705232060872016,16.056673656486637
2026-04-03,215,Jules,21.97675931885214,1.7544781933162161,16.71332473890349
2026-04-03,215,BenjaminC,26.327806419691846,2.2332456146419175,19.628069575766094
2026-04-03,215,LaureS,28.609702530742037,3.305404078507917,18.693490295218286
2026-04-03,215,Sabine,19.638460645438276,5.814660354026994,2.1944795833572925
2026-04-03,215,Loïc,16.151226397326884,3.010108233448079,7.1209016969826475
2026-04-03,215,JulieB,15.924788889225608,3.5476003447695392,5.28198785491699
2026-04-03,215,ThéoM,19.016040126106745,2.9650277198421215,10.12095696658038
2026-04-03,215,EmmanuelP,21.134969402073764,2.8813528759740934,12.490910774151484
2026-04-03,215,BenjaminZ,25.170077280556562,4.632112926465234,11.27373850116086
2026-04-03,215,Maximilien,22.112973266797283,3.7883218629285995,10.748007678011485
2026-04-03,215,PhilippeA,26.91485721088577,4.3558037628593205,13.84744592230781
2026-04-03,216,NathV,21.44379487331326,5.849331080771878,3.8958016309976244
2026-04-03,216,Lily,34.57038489587572,1.4616778459125388,30.185351358138103
2026-04-03,216,Roland,28.00041995271715,2.2054693849597697,21.38401179783784
2026-04-03,216,Rémi,34.11096431927186,1.7892908543935186,28.743091756091303
2026-04-03,216,ManonV,12.752235502283375,2.6234786436644963,4.881799571289886
2026-04-03,216,Lilou,19.82428260195251,1.5118213586218874,15.28881852608685
2026-04-03,216,Paul,22.5709656614621,1.7227601934228898,17.402685081193432
2026-04-03,216,Raphaël,31.263993722204305,1.7057163357305047,26.14684471501279
2026-04-03,216,Julia,22.07394174523081,3.695521452872132,10.987377386614416
2026-04-03,216,Armelle,25.26824327474824,3.0705232060872016,16.056673656486637
2026-04-03,216,Jules,21.97675931885214,1.7544781933162161,16.71332473890349
2026-04-03,216,BenjaminC,26.735418598265277,2.1985828792521853,20.13966996050872
2026-04-03,216,LaureS,28.609702530742037,3.305404078507917,18.693490295218286
2026-04-03,216,Sabine,19.638460645438276,5.814660354026994,2.1944795833572925
2026-04-03,216,Loïc,16.151226397326884,3.010108233448079,7.1209016969826475
2026-04-03,216,JulieB,15.924788889225608,3.5476003447695392,5.28198785491699
2026-04-03,216,ThéoM,19.734115967379918,2.8809773459685846,11.091183929474164
2026-04-03,216,EmmanuelP,21.134969402073764,2.8813528759740934,12.490910774151484
2026-04-03,216,BenjaminZ,25.170077280556562,4.632112926465234,11.27373850116086
2026-04-03,216,Maximilien,22.112973266797283,3.7883218629285995,10.748007678011485
2026-04-03,216,PhilippeA,26.91485721088577,4.3558037628593205,13.84744592230781
2026-04-03,217,NathV,21.44379487331326,5.849331080771878,3.8958016309976244
2026-04-03,217,Lily,34.57038489587572,1.4616778459125388,30.185351358138103
2026-04-03,217,Roland,28.00041995271715,2.2054693849597697,21.38401179783784
2026-04-03,217,Rémi,34.11096431927186,1.7892908543935186,28.743091756091303
2026-04-03,217,ManonV,13.254280412389559,2.5715124405154857,5.539743090843102
2026-04-03,217,Lilou,19.82428260195251,1.5118213586218874,15.28881852608685
2026-04-03,217,Paul,22.5709656614621,1.7227601934228898,17.402685081193432
2026-04-03,217,Raphaël,31.263993722204305,1.7057163357305047,26.14684471501279
2026-04-03,217,Julia,22.07394174523081,3.695521452872132,10.987377386614416
2026-04-03,217,Armelle,25.26824327474824,3.0705232060872016,16.056673656486637
2026-04-03,217,Jules,21.97675931885214,1.7544781933162161,16.71332473890349
2026-04-03,217,BenjaminC,26.735418598265277,2.1985828792521853,20.13966996050872
2026-04-03,217,LaureS,28.609702530742037,3.305404078507917,18.693490295218286
2026-04-03,217,Sabine,19.638460645438276,5.814660354026994,2.1944795833572925
2026-04-03,217,Loïc,15.490462233295018,2.9305331366864613,6.698862823235634
2026-04-03,217,JulieB,15.007178175488663,3.415751278832103,4.759924338992354
2026-04-03,217,ThéoM,19.734115967379918,2.8809773459685846,11.091183929474164
2026-04-03,217,EmmanuelP,21.740457407695764,2.8118257812623204,13.304980063908804
2026-04-03,217,BenjaminZ,25.170077280556562,4.632112926465234,11.27373850116086
2026-04-03,217,Maximilien,22.112973266797283,3.7883218629285995,10.748007678011485
2026-04-03,217,PhilippeA,26.91485721088577,4.3558037628593205,13.84744592230781
2026-06-10,218,NathV,21.44379487331326,5.849331080771878,3.8958016309976244
2026-06-10,218,Lily,34.57038489587572,1.4616778459125388,30.185351358138103
2026-06-10,218,Roland,28.00041995271715,2.2054693849597697,21.38401179783784
2026-06-10,218,Rémi,34.11096431927186,1.7892908543935186,28.743091756091303
2026-06-10,218,ManonV,13.254280412389559,2.5715124405154857,5.539743090843102
2026-06-10,218,Lilou,19.82428260195251,1.5118213586218874,15.28881852608685
2026-06-10,218,Paul,22.5709656614621,1.7227601934228898,17.402685081193432
2026-06-10,218,Raphaël,31.263993722204305,1.7057163357305047,26.14684471501279
2026-06-10,218,Julia,22.07394174523081,3.695521452872132,10.987377386614416
2026-06-10,218,Armelle,25.26824327474824,3.0705232060872016,16.056673656486637
2026-06-10,218,Jules,22.063753501055402,1.7465921164261635,16.823977151776912
2026-06-10,218,BenjaminC,26.735418598265277,2.1985828792521853,20.13966996050872
2026-06-10,218,LaureS,28.609702530742037,3.305404078507917,18.693490295218286
2026-06-10,218,Sabine,19.638460645438276,5.814660354026994,2.1944795833572925
2026-06-10,218,Loïc,15.248102815699756,2.8856161770700406,6.591254284489635
2026-06-10,218,JulieB,14.677988287788867,3.3435789906959115,4.6472513157011335
2026-06-10,218,ThéoM,19.968354581028823,2.838390059626001,11.45318440215082
2026-06-10,218,EmmanuelP,21.740457407695764,2.8118257812623204,13.304980063908804
2026-06-10,218,BenjaminZ,25.170077280556562,4.632112926465234,11.27373850116086
2026-06-10,218,Maximilien,22.112973266797283,3.7883218629285995,10.748007678011485
2026-06-10,218,PhilippeA,26.91485721088577,4.3558037628593205,13.84744592230781
2026-06-10,219,NathV,21.44379487331326,5.849331080771878,3.8958016309976244
2026-06-10,219,Lily,34.57038489587572,1.4616778459125388,30.185351358138103
2026-06-10,219,Roland,28.068488461466142,2.195461794009251,21.48210307943839
2026-06-10,219,Rémi,34.11096431927186,1.7892908543935186,28.743091756091303
2026-06-10,219,ManonV,13.254280412389559,2.5715124405154857,5.539743090843102
2026-06-10,219,Lilou,19.82428260195251,1.5118213586218874,15.28881852608685
2026-06-10,219,Paul,22.5709656614621,1.7227601934228898,17.402685081193432
2026-06-10,219,Raphaël,31.263993722204305,1.7057163357305047,26.14684471501279
2026-06-10,219,Julia,22.07394174523081,3.695521452872132,10.987377386614416
2026-06-10,219,Armelle,25.26824327474824,3.0705232060872016,16.056673656486637
2026-06-10,219,Jules,22.0210272212545,1.7428251361987985,16.792551812658104
2026-06-10,219,BenjaminC,26.735418598265277,2.1985828792521853,20.13966996050872
2026-06-10,219,LaureS,28.609702530742037,3.305404078507917,18.693490295218286
2026-06-10,219,Sabine,19.638460645438276,5.814660354026994,2.1944795833572925
2026-06-10,219,Loïc,15.248102815699756,2.8856161770700406,6.591254284489635
2026-06-10,219,JulieB,14.521667247717849,3.3041726957226465,4.60914916054991
2026-06-10,219,ThéoM,19.968354581028823,2.838390059626001,11.45318440215082
2026-06-10,219,EmmanuelP,21.740457407695764,2.8118257812623204,13.304980063908804
2026-06-10,219,BenjaminZ,25.47000968293275,4.524760799797868,11.895727283539149
2026-06-10,219,Maximilien,22.112973266797283,3.7883218629285995,10.748007678011485
2026-06-10,219,PhilippeA,26.91485721088577,4.3558037628593205,13.84744592230781
2026-06-10,220,NathV,21.44379487331326,5.849331080771878,3.8958016309976244
2026-06-10,220,Lily,34.68599083533387,1.457988621140192,30.312024971913292
2026-06-10,220,Roland,28.068488461466142,2.195461794009251,21.48210307943839
2026-06-10,220,Rémi,33.93791481131747,1.7801153960788942,28.597568623080786
2026-06-10,220,ManonV,13.254280412389559,2.5715124405154857,5.539743090843102
2026-06-10,220,Lilou,19.82428260195251,1.5118213586218874,15.28881852608685
2026-06-10,220,Paul,22.5709656614621,1.7227601934228898,17.402685081193432
2026-06-10,220,Raphaël,31.263993722204305,1.7057163357305047,26.14684471501279
2026-06-10,220,Julia,22.07394174523081,3.695521452872132,10.987377386614416
2026-06-10,220,Armelle,25.26824327474824,3.0705232060872016,16.056673656486637
2026-06-10,220,Jules,22.0210272212545,1.7428251361987985,16.792551812658104
2026-06-10,220,BenjaminC,26.735418598265277,2.1985828792521853,20.13966996050872
2026-06-10,220,LaureS,28.609702530742037,3.305404078507917,18.693490295218286
2026-06-10,220,Sabine,19.638460645438276,5.814660354026994,2.1944795833572925
2026-06-10,220,Loïc,15.248102815699756,2.8856161770700406,6.591254284489635
2026-06-10,220,JulieB,14.521667247717849,3.3041726957226465,4.60914916054991
2026-06-10,220,ThéoM,19.968354581028823,2.838390059626001,11.45318440215082
2026-06-10,220,EmmanuelP,21.313656247452254,2.7698096963518113,13.00422715839682
2026-06-10,220,BenjaminZ,25.47000968293275,4.524760799797868,11.895727283539149
2026-06-10,220,Maximilien,22.112973266797283,3.7883218629285995,10.748007678011485
2026-06-10,220,PhilippeA,26.91485721088577,4.3558037628593205,13.84744592230781
2026-06-10,220,Nicolas,28.74583307685952,7.131066570695435,7.352633364773215
2026-06-10,221,NathV,21.44379487331326,5.849331080771878,3.8958016309976244
2026-06-10,221,Lily,34.696476149051314,1.4586225736194052,30.320608428193097
2026-06-10,221,Roland,28.04475649532085,2.1910942753838913,21.47147366916918
2026-06-10,221,Rémi,33.953528435593824,1.7788919582973668,28.616852560701723
2026-06-10,221,ManonV,13.254280412389559,2.5715124405154857,5.539743090843102
2026-06-10,221,Lilou,19.82428260195251,1.5118213586218874,15.28881852608685
2026-06-10,221,Paul,22.5709656614621,1.7227601934228898,17.402685081193432
2026-06-10,221,Raphaël,31.263993722204305,1.7057163357305047,26.14684471501279
2026-06-10,221,Julia,22.07394174523081,3.695521452872132,10.987377386614416
2026-06-10,221,Armelle,25.26824327474824,3.0705232060872016,16.056673656486637
2026-06-10,221,Jules,22.0210272212545,1.7428251361987985,16.792551812658104
2026-06-10,221,BenjaminC,26.735418598265277,2.1985828792521853,20.13966996050872
2026-06-10,221,LaureS,28.609702530742037,3.305404078507917,18.693490295218286
2026-06-10,221,Sabine,19.638460645438276,5.814660354026994,2.1944795833572925
2026-06-10,221,Loïc,15.248102815699756,2.8856161770700406,6.591254284489635
2026-06-10,221,JulieB,14.521667247717849,3.3041726957226465,4.60914916054991
2026-06-10,221,ThéoM,19.92871080259541,2.826758316777234,11.448435852263708
2026-06-10,221,EmmanuelP,21.313656247452254,2.7698096963518113,13.00422715839682
2026-06-10,221,BenjaminZ,25.47000968293275,4.524760799797868,11.895727283539149
2026-06-10,221,Maximilien,22.112973266797283,3.7883218629285995,10.748007678011485
2026-06-10,221,PhilippeA,26.91485721088577,4.3558037628593205,13.84744592230781
2026-06-10,221,Nicolas,28.74583307685952,7.131066570695435,7.352633364773215
2026-06-10,222,NathV,21.44379487331326,5.849331080771878,3.8958016309976244
2026-06-10,222,Lily,34.696476149051314,1.4586225736194052,30.320608428193097
2026-06-10,222,Roland,28.04475649532085,2.1910942753838913,21.47147366916918
2026-06-10,222,Rémi,33.953528435593824,1.7788919582973668,28.616852560701723
2026-06-10,222,ManonV,13.254280412389559,2.5715124405154857,5.539743090843102
2026-06-10,222,Lilou,19.82428260195251,1.5118213586218874,15.28881852608685
2026-06-10,222,Paul,22.5709656614621,1.7227601934228898,17.402685081193432
2026-06-10,222,Raphaël,31.263993722204305,1.7057163357305047,26.14684471501279
2026-06-10,222,Julia,22.07394174523081,3.695521452872132,10.987377386614416
2026-06-10,222,Armelle,25.26824327474824,3.0705232060872016,16.056673656486637
2026-06-10,222,Jules,21.541761510062717,1.7287216180602993,16.35559665588182
2026-06-10,222,BenjaminC,26.735418598265277,2.1985828792521853,20.13966996050872
2026-06-10,222,LaureS,28.609702530742037,3.305404078507917,18.693490295218286
2026-06-10,222,Sabine,19.638460645438276,5.814660354026994,2.1944795833572925
2026-06-10,222,Loïc,16.560049288258078,2.813325889625953,8.12007161938022
2026-06-10,222,JulieB,14.521667247717849,3.3041726957226465,4.60914916054991
2026-06-10,222,ThéoM,21.18772773957699,2.75893182571477,12.910932262432679
2026-06-10,222,EmmanuelP,21.313656247452254,2.7698096963518113,13.00422715839682
2026-06-10,222,BenjaminZ,25.47000968293275,4.524760799797868,11.895727283539149
2026-06-10,222,Maximilien,22.112973266797283,3.7883218629285995,10.748007678011485
2026-06-10,222,PhilippeA,26.91485721088577,4.3558037628593205,13.84744592230781
2026-06-10,222,Nicolas,20.73928662613612,5.937729613414551,2.926097785892466
2026-06-10,223,NathV,21.44379487331326,5.849331080771878,3.8958016309976244
2026-06-10,223,Lily,34.696476149051314,1.4586225736194052,30.320608428193097
2026-06-10,223,Roland,28.320239104988918,2.1638741636889907,21.828616613921945
2026-06-10,223,Rémi,33.953528435593824,1.7788919582973668,28.616852560701723
2026-06-10,223,ManonV,13.254280412389559,2.5715124405154857,5.539743090843102
2026-06-10,223,Lilou,19.82428260195251,1.5118213586218874,15.28881852608685
2026-06-10,223,Paul,22.5709656614621,1.7227601934228898,17.402685081193432
2026-06-10,223,Raphaël,31.263993722204305,1.7057163357305047,26.14684471501279
2026-06-10,223,Julia,22.07394174523081,3.695521452872132,10.987377386614416
2026-06-10,223,Armelle,25.26824327474824,3.0705232060872016,16.056673656486637
2026-06-10,223,Jules,21.541761510062717,1.7287216180602993,16.35559665588182
2026-06-10,223,BenjaminC,26.735418598265277,2.1985828792521853,20.13966996050872
2026-06-10,223,LaureS,28.609702530742037,3.305404078507917,18.693490295218286
2026-06-10,223,Sabine,19.638460645438276,5.814660354026994,2.1944795833572925
2026-06-10,223,Loïc,16.106143961080136,2.753374479720591,7.846020521918364
2026-06-10,223,JulieB,15.147626331118694,3.2057151005859246,5.530481029360921
2026-06-10,223,ThéoM,20.751189500717558,2.702507000240018,12.643668499997505
2026-06-10,223,EmmanuelP,21.313656247452254,2.7698096963518113,13.00422715839682
2026-06-10,223,BenjaminZ,25.47000968293275,4.524760799797868,11.895727283539149
2026-06-10,223,Maximilien,22.112973266797283,3.7883218629285995,10.748007678011485
2026-06-10,223,PhilippeA,26.91485721088577,4.3558037628593205,13.84744592230781
2026-06-10,223,Nicolas,20.73928662613612,5.937729613414551,2.926097785892466
2026-06-11,224,NathV,21.44379487331326,5.849331080771878,3.8958016309976244
2026-06-11,224,Lily,34.55752502319266,1.4511277050601634,30.20414190801217
2026-06-11,224,Roland,28.320239104988918,2.1638741636889907,21.828616613921945
2026-06-11,224,Rémi,34.159977129812354,1.7629321239830658,28.871180757863158
2026-06-11,224,ManonV,13.254280412389559,2.5715124405154857,5.539743090843102
2026-06-11,224,Lilou,19.82428260195251,1.5118213586218874,15.28881852608685
2026-06-11,224,Paul,22.5709656614621,1.7227601934228898,17.402685081193432
2026-06-11,224,Raphaël,31.263993722204305,1.7057163357305047,26.14684471501279
2026-06-11,224,Julia,22.07394174523081,3.695521452872132,10.987377386614416
2026-06-11,224,Armelle,25.26824327474824,3.0705232060872016,16.056673656486637
2026-06-11,224,Jules,21.541761510062717,1.7287216180602993,16.35559665588182
2026-06-11,224,BenjaminC,26.735418598265277,2.1985828792521853,20.13966996050872
2026-06-11,224,LaureS,28.609702530742037,3.305404078507917,18.693490295218286
2026-06-11,224,Sabine,19.638460645438276,5.814660354026994,2.1944795833572925
2026-06-11,224,Loïc,15.612186916893533,2.6878727250957737,7.548568741606212
2026-06-11,224,JulieB,15.147626331118694,3.2057151005859246,5.530481029360921
2026-06-11,224,ThéoM,21.227080373699582,2.6406866166221756,13.305020523833056
2026-06-11,224,EmmanuelP,21.313656247452254,2.7698096963518113,13.00422715839682
2026-06-11,224,BenjaminZ,25.47000968293275,4.524760799797868,11.895727283539149
2026-06-11,224,Maximilien,22.112973266797283,3.7883218629285995,10.748007678011485
2026-06-11,224,PhilippeA,26.91485721088577,4.3558037628593205,13.84744592230781
2026-06-11,224,Nicolas,20.73928662613612,5.937729613414551,2.926097785892466
2026-06-11,225,NathV,21.44379487331326,5.849331080771878,3.8958016309976244
2026-06-11,225,Lily,34.78506833817353,1.443828899021827,30.45358164110805
2026-06-11,225,Roland,28.320239104988918,2.1638741636889907,21.828616613921945
2026-06-11,225,Rémi,33.82449959180096,1.7475266564307754,28.581919622508632
2026-06-11,225,ManonV,13.254280412389559,2.5715124405154857,5.539743090843102
2026-06-11,225,Lilou,19.82428260195251,1.5118213586218874,15.28881852608685
2026-06-11,225,Paul,22.5709656614621,1.7227601934228898,17.402685081193432
2026-06-11,225,Raphaël,31.263993722204305,1.7057163357305047,26.14684471501279
2026-06-11,225,Julia,22.07394174523081,3.695521452872132,10.987377386614416
2026-06-11,225,Armelle,25.26824327474824,3.0705232060872016,16.056673656486637
2026-06-11,225,Jules,21.541761510062717,1.7287216180602993,16.35559665588182
2026-06-11,225,BenjaminC,26.735418598265277,2.1985828792521853,20.13966996050872
2026-06-11,225,LaureS,28.609702530742037,3.305404078507917,18.693490295218286
2026-06-11,225,Sabine,19.638460645438276,5.814660354026994,2.1944795833572925
2026-06-11,225,Loïc,16.39104368321357,2.627295459665346,8.509157304217533
2026-06-11,225,JulieB,15.147626331118694,3.2057151005859246,5.530481029360921
2026-06-11,225,ThéoM,21.227080373699582,2.6406866166221756,13.305020523833056
2026-06-11,225,EmmanuelP,21.313656247452254,2.7698096963518113,13.00422715839682
2026-06-11,225,BenjaminZ,25.47000968293275,4.524760799797868,11.895727283539149
2026-06-11,225,Maximilien,22.112973266797283,3.7883218629285995,10.748007678011485
2026-06-11,225,PhilippeA,26.91485721088577,4.3558037628593205,13.84744592230781
2026-06-11,225,Nicolas,16.9413359928787,5.238540349020304,1.2257149458177885
2026-06-11,226,NathV,21.44379487331326,5.849331080771878,3.8958016309976244
2026-06-11,226,Lily,34.78506833817353,1.443828899021827,30.45358164110805
2026-06-11,226,Roland,28.467745883567215,2.1474940070738064,22.025263862345795
2026-06-11,226,Rémi,33.82449959180096,1.7475266564307754,28.581919622508632
2026-06-11,226,ManonV,13.254280412389559,2.5715124405154857,5.539743090843102
2026-06-11,226,Lilou,19.82428260195251,1.5118213586218874,15.28881852608685
2026-06-11,226,Paul,22.5709656614621,1.7227601934228898,17.402685081193432
2026-06-11,226,Raphaël,31.263993722204305,1.7057163357305047,26.14684471501279
2026-06-11,226,Julia,21.644131680013484,3.6062807673754764,10.825289377887055
2026-06-11,226,Armelle,25.26824327474824,3.0705232060872016,16.056673656486637
2026-06-11,226,Jules,21.541761510062717,1.7287216180602993,16.35559665588182
2026-06-11,226,BenjaminC,26.735418598265277,2.1985828792521853,20.13966996050872
2026-06-11,226,LaureS,28.609702530742037,3.305404078507917,18.693490295218286
2026-06-11,226,Sabine,19.638460645438276,5.814660354026994,2.1944795833572925
2026-06-11,226,Loïc,16.39104368321357,2.627295459665346,8.509157304217533
2026-06-11,226,JulieB,15.147626331118694,3.2057151005859246,5.530481029360921
2026-06-11,226,ThéoM,21.227080373699582,2.6406866166221756,13.305020523833056
2026-06-11,226,EmmanuelP,21.07211175036277,2.7332768500927322,12.872281200084572
2026-06-11,226,BenjaminZ,26.114242554937917,4.3589970640913585,13.037251362663842
2026-06-11,226,Maximilien,22.112973266797283,3.7883218629285995,10.748007678011485
2026-06-11,226,PhilippeA,26.91485721088577,4.3558037628593205,13.84744592230781
2026-06-11,226,Nicolas,16.9413359928787,5.238540349020304,1.2257149458177885
2026-06-11,227,NathV,21.44379487331326,5.849331080771878,3.8958016309976244
2026-06-11,227,Lily,34.794964316908,1.4445739667684763,30.461242416602573
2026-06-11,227,Roland,28.467745883567215,2.1474940070738064,22.025263862345795
2026-06-11,227,Rémi,33.83898120819387,1.7465769363944759,28.599250399010444
2026-06-11,227,ManonV,13.254280412389559,2.5715124405154857,5.539743090843102
2026-06-11,227,Lilou,19.82428260195251,1.5118213586218874,15.28881852608685
2026-06-11,227,Paul,22.5709656614621,1.7227601934228898,17.402685081193432
2026-06-11,227,Raphaël,31.263993722204305,1.7057163357305047,26.14684471501279
2026-06-11,227,Julia,21.644131680013484,3.6062807673754764,10.825289377887055
2026-06-11,227,Armelle,25.26824327474824,3.0705232060872016,16.056673656486637
2026-06-11,227,Jules,21.541761510062717,1.7287216180602993,16.35559665588182
2026-06-11,227,BenjaminC,26.712515611409774,2.1943202913344892,20.129554737406306
2026-06-11,227,LaureS,28.609702530742037,3.305404078507917,18.693490295218286
2026-06-11,227,Sabine,19.638460645438276,5.814660354026994,2.1944795833572925
2026-06-11,227,Loïc,16.39104368321357,2.627295459665346,8.509157304217533
2026-06-11,227,JulieB,15.147626331118694,3.2057151005859246,5.530481029360921
2026-06-11,227,ThéoM,21.194054906260202,2.6318806807401547,13.298412864039738
2026-06-11,227,EmmanuelP,21.07211175036277,2.7332768500927322,12.872281200084572
2026-06-11,227,BenjaminZ,26.114242554937917,4.3589970640913585,13.037251362663842
2026-06-11,227,Maximilien,22.112973266797283,3.7883218629285995,10.748007678011485
2026-06-11,227,PhilippeA,26.91485721088577,4.3558037628593205,13.84744592230781
2026-06-11,227,Nicolas,16.9413359928787,5.238540349020304,1.2257149458177885
2026-06-12,228,NathV,21.44379487331326,5.849331080771878,3.8958016309976244
2026-06-12,228,Lily,34.69101663567062,1.4388166091110437,30.37456680833749
2026-06-12,228,Roland,28.467745883567215,2.1474940070738064,22.025263862345795
2026-06-12,228,Rémi,33.99077547431404,1.7341471422676638,28.78833404751105
2026-06-12,228,ManonV,13.254280412389559,2.5715124405154857,5.539743090843102
2026-06-12,228,Lilou,19.82428260195251,1.5118213586218874,15.28881852608685
2026-06-12,228,Paul,22.5709656614621,1.7227601934228898,17.402685081193432
2026-06-12,228,Raphaël,31.263993722204305,1.7057163357305047,26.14684471501279
2026-06-12,228,Julia,21.644131680013484,3.6062807673754764,10.825289377887055
2026-06-12,228,Armelle,25.26824327474824,3.0705232060872016,16.056673656486637
2026-06-12,228,Jules,21.541761510062717,1.7287216180602993,16.35559665588182
2026-06-12,228,BenjaminC,26.712515611409774,2.1943202913344892,20.129554737406306
2026-06-12,228,LaureS,29.152474560993202,3.2079093185237326,19.528746605422004
2026-06-12,228,Sabine,19.638460645438276,5.814660354026994,2.1944795833572925
2026-06-12,228,Loïc,16.39104368321357,2.627295459665346,8.509157304217533
2026-06-12,228,JulieB,15.147626331118694,3.2057151005859246,5.530481029360921
2026-06-12,228,ThéoM,20.84981599063659,2.5837026092500675,13.098708162886387
2026-06-12,228,EmmanuelP,21.07211175036277,2.7332768500927322,12.872281200084572
2026-06-12,228,BenjaminZ,26.114242554937917,4.3589970640913585,13.037251362663842
2026-06-12,228,Maximilien,22.112973266797283,3.7883218629285995,10.748007678011485
2026-06-12,228,PhilippeA,26.91485721088577,4.3558037628593205,13.84744592230781
2026-06-12,228,Nicolas,16.9413359928787,5.238540349020304,1.2257149458177885
2026-06-12,229,NathV,21.44379487331326,5.849331080771878,3.8958016309976244
2026-06-12,229,Lily,34.69101663567062,1.4388166091110437,30.37456680833749
2026-06-12,229,Roland,28.467745883567215,2.1474940070738064,22.025263862345795
2026-06-12,229,Rémi,34.10141689519089,1.7261285499635506,28.923031245300237
2026-06-12,229,ManonV,13.254280412389559,2.5715124405154857,5.539743090843102
2026-06-12,229,Lilou,19.82428260195251,1.5118213586218874,15.28881852608685
2026-06-12,229,Paul,22.5709656614621,1.7227601934228898,17.402685081193432
2026-06-12,229,Raphaël,31.263993722204305,1.7057163357305047,26.14684471501279
2026-06-12,229,Julia,21.644131680013484,3.6062807673754764,10.825289377887055
2026-06-12,229,Armelle,25.26824327474824,3.0705232060872016,16.056673656486637
2026-06-12,229,Jules,21.541761510062717,1.7287216180602993,16.35559665588182
2026-06-12,229,BenjaminC,26.712515611409774,2.1943202913344892,20.129554737406306
2026-06-12,229,LaureS,28.774483725059582,3.1452711269566267,19.3386703441897
2026-06-12,229,Sabine,19.638460645438276,5.814660354026994,2.1944795833572925
2026-06-12,229,Loïc,16.39104368321357,2.627295459665346,8.509157304217533
2026-06-12,229,JulieB,15.147626331118694,3.2057151005859246,5.530481029360921
2026-06-12,229,ThéoM,20.84981599063659,2.5837026092500675,13.098708162886387
2026-06-12,229,EmmanuelP,21.346594391499096,2.695225478656485,13.260917955529642
2026-06-12,229,BenjaminZ,26.114242554937917,4.3589970640913585,13.037251362663842
2026-06-12,229,Maximilien,22.112973266797283,3.7883218629285995,10.748007678011485
2026-06-12,229,PhilippeA,26.91485721088577,4.3558037628593205,13.84744592230781
2026-06-12,229,Nicolas,15.933767443226902,4.957046751757477,1.0626271879544724
2026-06-12,230,NathV,21.44379487331326,5.849331080771878,3.8958016309976244
2026-06-12,230,Lily,34.69101663567062,1.4388166091110437,30.37456680833749
2026-06-12,230,Roland,28.467745883567215,2.1474940070738064,22.025263862345795
2026-06-12,230,Rémi,34.10141689519089,1.7261285499635506,28.923031245300237
2026-06-12,230,ManonV,13.254280412389559,2.5715124405154857,5.539743090843102
2026-06-12,230,Lilou,19.82428260195251,1.5118213586218874,15.28881852608685
2026-06-12,230,Paul,22.5709656614621,1.7227601934228898,17.402685081193432
2026-06-12,230,Raphaël,31.263993722204305,1.7057163357305047,26.14684471501279
2026-06-12,230,Julia,21.644131680013484,3.6062807673754764,10.825289377887055
2026-06-12,230,Armelle,25.26824327474824,3.0705232060872016,16.056673656486637
2026-06-12,230,Jules,21.77521874150641,1.7156348573642861,16.628314169413553
2026-06-12,230,BenjaminC,26.712515611409774,2.1943202913344892,20.129554737406306
2026-06-12,230,LaureS,28.774483725059582,3.1452711269566267,19.3386703441897
2026-06-12,230,Sabine,19.638460645438276,5.814660354026994,2.1944795833572925
2026-06-12,230,Loïc,16.929566020008334,2.575427774569045,9.2032826963012
2026-06-12,230,JulieB,15.147626331118694,3.2057151005859246,5.530481029360921
2026-06-12,230,ThéoM,20.84981599063659,2.5837026092500675,13.098708162886387
2026-06-12,230,EmmanuelP,20.779892877819254,2.639064488218912,12.862699413162519
2026-06-12,230,BenjaminZ,26.114242554937917,4.3589970640913585,13.037251362663842
2026-06-12,230,Maximilien,22.112973266797283,3.7883218629285995,10.748007678011485
2026-06-12,230,PhilippeA,26.91485721088577,4.3558037628593205,13.84744592230781
2026-06-12,230,Nicolas,14.018109617190108,4.590931774372665,0.24531429407211292
2026-06-12,231,NathV,21.44379487331326,5.849331080771878,3.8958016309976244
2026-06-12,231,Lily,34.69101663567062,1.4388166091110437,30.37456680833749
2026-06-12,231,Roland,28.467745883567215,2.1474940070738064,22.025263862345795
2026-06-12,231,Rémi,34.10141689519089,1.7261285499635506,28.923031245300237
2026-06-12,231,ManonV,13.254280412389559,2.5715124405154857,5.539743090843102
2026-06-12,231,Lilou,19.82428260195251,1.5118213586218874,15.28881852608685
2026-06-12,231,Paul,22.5709656614621,1.7227601934228898,17.402685081193432
2026-06-12,231,Raphaël,31.263993722204305,1.7057163357305047,26.14684471501279
2026-06-12,231,Julia,21.644131680013484,3.6062807673754764,10.825289377887055
2026-06-12,231,Armelle,25.26824327474824,3.0705232060872016,16.056673656486637
2026-06-12,231,Jules,21.77521874150641,1.7156348573642861,16.628314169413553
2026-06-12,231,BenjaminC,26.712515611409774,2.1943202913344892,20.129554737406306
2026-06-12,231,LaureS,28.774483725059582,3.1452711269566267,19.3386703441897
2026-06-12,231,Sabine,19.638460645438276,5.814660354026994,2.1944795833572925
2026-06-12,231,Loïc,16.571787142193074,2.535440286085837,8.965466283935562
2026-06-12,231,JulieB,15.701747459303304,3.126766245560521,6.32144872262174
2026-06-12,231,ThéoM,21.209895236448986,2.5433093251349472,13.579967261044144
2026-06-12,231,EmmanuelP,20.779892877819254,2.639064488218912,12.862699413162519
2026-06-12,231,BenjaminZ,26.114242554937917,4.3589970640913585,13.037251362663842
2026-06-12,231,Maximilien,22.112973266797283,3.7883218629285995,10.748007678011485
2026-06-12,231,PhilippeA,26.91485721088577,4.3558037628593205,13.84744592230781
2026-06-12,231,Nicolas,12.882036626450397,4.353497496231127,-0.17845586224298415
2026-06-12,232,NathV,21.44379487331326,5.849331080771878,3.8958016309976244
2026-06-12,232,Lily,34.69101663567062,1.4388166091110437,30.37456680833749
2026-06-12,232,Roland,28.467745883567215,2.1474940070738064,22.025263862345795
2026-06-12,232,Rémi,34.10141689519089,1.7261285499635506,28.923031245300237
2026-06-12,232,ManonV,13.254280412389559,2.5715124405154857,5.539743090843102
2026-06-12,232,Lilou,19.82428260195251,1.5118213586218874,15.28881852608685
2026-06-12,232,Paul,22.5709656614621,1.7227601934228898,17.402685081193432
2026-06-12,232,Raphaël,31.263993722204305,1.7057163357305047,26.14684471501279
2026-06-12,232,Julia,21.644131680013484,3.6062807673754764,10.825289377887055
2026-06-12,232,Armelle,25.26824327474824,3.0705232060872016,16.056673656486637
2026-06-12,232,Jules,21.48515246160474,1.7010300631659871,16.38206227210678
2026-06-12,232,BenjaminC,26.712515611409774,2.1943202913344892,20.129554737406306
2026-06-12,232,LaureS,28.774483725059582,3.1452711269566267,19.3386703441897
2026-06-12,232,Sabine,19.638460645438276,5.814660354026994,2.1944795833572925
2026-06-12,232,Loïc,17.20448994875881,2.482931652664586,9.75569499076505
2026-06-12,232,JulieB,16.66363276560297,3.0263060871507603,7.584714504150689
2026-06-12,232,ThéoM,21.209895236448986,2.5433093251349472,13.579967261044144
2026-06-12,232,EmmanuelP,20.779892877819254,2.639064488218912,12.862699413162519
2026-06-12,232,BenjaminZ,26.114242554937917,4.3589970640913585,13.037251362663842
2026-06-12,232,Maximilien,22.112973266797283,3.7883218629285995,10.748007678011485
2026-06-12,232,PhilippeA,26.91485721088577,4.3558037628593205,13.84744592230781
2026-06-12,232,Nicolas,11.01797707087696,4.075825956173769,-1.2095007976443455
2026-06-12,233,NathV,21.44379487331326,5.849331080771878,3.8958016309976244
2026-06-12,233,Lily,34.69101663567062,1.4388166091110437,30.37456680833749
2026-06-12,233,Roland,28.467745883567215,2.1474940070738064,22.025263862345795
2026-06-12,233,Rémi,34.10141689519089,1.7261285499635506,28.923031245300237
2026-06-12,233,ManonV,13.254280412389559,2.5715124405154857,5.539743090843102
2026-06-12,233,Lilou,19.82428260195251,1.5118213586218874,15.28881852608685
2026-06-12,233,Paul,22.732884822328458,1.7100730494945893,17.60266567384469
2026-06-12,233,Raphaël,31.263993722204305,1.7057163357305047,26.14684471501279
2026-06-12,233,Julia,21.644131680013484,3.6062807673754764,10.825289377887055
2026-06-12,233,Armelle,25.26824327474824,3.0705232060872016,16.056673656486637
2026-06-12,233,Jules,21.327282816304116,1.6889181936009579,16.26052823550124
2026-06-12,233,BenjaminC,26.712515611409774,2.1943202913344892,20.129554737406306
2026-06-12,233,LaureS,28.774483725059582,3.1452711269566267,19.3386703441897
2026-06-12,233,Sabine,19.638460645438276,5.814660354026994,2.1944795833572925
2026-06-12,233,Loïc,17.20448994875881,2.482931652664586,9.75569499076505
2026-06-12,233,JulieB,16.16476151966225,2.947223707199512,7.323090398063714
2026-06-12,233,ThéoM,21.56234560046865,2.4972200895197547,14.070685331909385
2026-06-12,233,EmmanuelP,20.779892877819254,2.639064488218912,12.862699413162519
2026-06-12,233,BenjaminZ,26.114242554937917,4.3589970640913585,13.037251362663842
2026-06-12,233,Maximilien,22.112973266797283,3.7883218629285995,10.748007678011485
2026-06-12,233,PhilippeA,26.91485721088577,4.3558037628593205,13.84744592230781
2026-06-12,233,Nicolas,11.01797707087696,4.075825956173769,-1.2095007976443455
2026-06-12,234,NathV,21.44379487331326,5.849331080771878,3.8958016309976244
2026-06-12,234,Lily,34.78968038766482,1.4336444731911022,30.48874696809152
2026-06-12,234,Roland,28.467745883567215,2.1474940070738064,22.025263862345795
2026-06-12,234,Rémi,33.95956025869676,1.7150500298322144,28.81441016920012
2026-06-12,234,ManonV,13.254280412389559,2.5715124405154857,5.539743090843102
2026-06-12,234,Lilou,19.82428260195251,1.5118213586218874,15.28881852608685
2026-06-12,234,Paul,22.732884822328458,1.7100730494945893,17.60266567384469
2026-06-12,234,Raphaël,31.263993722204305,1.7057163357305047,26.14684471501279
2026-06-12,234,Julia,21.644131680013484,3.6062807673754764,10.825289377887055
2026-06-12,234,Armelle,25.26824327474824,3.0705232060872016,16.056673656486637
2026-06-12,234,Jules,21.327282816304116,1.6889181936009579,16.26052823550124
2026-06-12,234,BenjaminC,26.712515611409774,2.1943202913344892,20.129554737406306
2026-06-12,234,LaureS,28.774483725059582,3.1452711269566267,19.3386703441897
2026-06-12,234,Sabine,19.638460645438276,5.814660354026994,2.1944795833572925
2026-06-12,234,Loïc,17.497654060437352,2.4452839298764864,10.161802270807893
2026-06-12,234,JulieB,16.16476151966225,2.947223707199512,7.323090398063714
2026-06-12,234,ThéoM,21.56234560046865,2.4972200895197547,14.070685331909385
2026-06-12,234,EmmanuelP,20.779892877819254,2.639064488218912,12.862699413162519
2026-06-12,234,BenjaminZ,26.114242554937917,4.3589970640913585,13.037251362663842
2026-06-12,234,Maximilien,22.112973266797283,3.7883218629285995,10.748007678011485
2026-06-12,234,PhilippeA,26.91485721088577,4.3558037628593205,13.84744592230781
2026-06-12,234,Nicolas,10.22856254398596,3.9017502641563224,-1.476688248483006
2026-06-12,235,NathV,21.44379487331326,5.849331080771878,3.8958016309976244
2026-06-12,235,Lily,34.78968038766482,1.4336444731911022,30.48874696809152
2026-06-12,235,Roland,28.467745883567215,2.1474940070738064,22.025263862345795
2026-06-12,235,Rémi,33.95956025869676,1.7150500298322144,28.81441016920012
2026-06-12,235,ManonV,13.254280412389559,2.5715124405154857,5.539743090843102
2026-06-12,235,Lilou,19.82428260195251,1.5118213586218874,15.28881852608685
2026-06-12,235,Paul,22.31622706861647,1.6904597090140592,17.244847941574292
2026-06-12,235,Raphaël,31.263993722204305,1.7057163357305047,26.14684471501279
2026-06-12,235,Julia,21.644131680013484,3.6062807673754764,10.825289377887055
2026-06-12,235,Armelle,25.26824327474824,3.0705232060872016,16.056673656486637
2026-06-12,235,Jules,20.920845751384107,1.6701249543865917,15.910470888224332
2026-06-12,235,BenjaminC,26.712515611409774,2.1943202913344892,20.129554737406306
2026-06-12,235,LaureS,28.774483725059582,3.1452711269566267,19.3386703441897
2026-06-12,235,Sabine,19.638460645438276,5.814660354026994,2.1944795833572925
2026-06-12,235,Loïc,17.497654060437352,2.4452839298764864,10.161802270807893
2026-06-12,235,JulieB,17.400405408630263,2.8364446297022368,8.891071519523553
2026-06-12,235,ThéoM,22.44974073493919,2.4308473464766287,15.157198695509305
2026-06-12,235,EmmanuelP,20.779892877819254,2.639064488218912,12.862699413162519
2026-06-12,235,BenjaminZ,26.114242554937917,4.3589970640913585,13.037251362663842
2026-06-12,235,Maximilien,22.112973266797283,3.7883218629285995,10.748007678011485
2026-06-12,235,PhilippeA,26.91485721088577,4.3558037628593205,13.84744592230781
2026-06-12,235,Nicolas,10.22856254398596,3.9017502641563224,-1.476688248483006
2026-06-12,236,NathV,21.44379487331326,5.849331080771878,3.8958016309976244
2026-06-12,236,Lily,34.629886261649375,1.4269137865769692,30.349144901918468
2026-06-12,236,Roland,28.467745883567215,2.1474940070738064,22.025263862345795
2026-06-12,236,Rémi,33.95956025869676,1.7150500298322144,28.81441016920012
2026-06-12,236,ManonV,13.254280412389559,2.5715124405154857,5.539743090843102
2026-06-12,236,Lilou,19.82428260195251,1.5118213586218874,15.28881852608685
2026-06-12,236,Paul,22.31622706861647,1.6904597090140592,17.244847941574292
2026-06-12,236,Raphaël,31.263993722204305,1.7057163357305047,26.14684471501279
2026-06-12,236,Julia,21.644131680013484,3.6062807673754764,10.825289377887055
2026-06-12,236,Armelle,25.26824327474824,3.0705232060872016,16.056673656486637
2026-06-12,236,Jules,20.920845751384107,1.6701249543865917,15.910470888224332
2026-06-12,236,BenjaminC,26.712515611409774,2.1943202913344892,20.129554737406306
2026-06-12,236,LaureS,29.5415518214647,3.0489318092857673,20.3947563936074
2026-06-12,236,Sabine,19.638460645438276,5.814660354026994,2.1944795833572925
2026-06-12,236,Loïc,17.961502038724948,2.401168400047184,10.757996838583395
2026-06-12,236,JulieB,17.400405408630263,2.8364446297022368,8.891071519523553
2026-06-12,236,ThéoM,22.44974073493919,2.4308473464766287,15.157198695509305
2026-06-12,236,EmmanuelP,20.779892877819254,2.639064488218912,12.862699413162519
2026-06-12,236,BenjaminZ,26.114242554937917,4.3589970640913585,13.037251362663842
2026-06-12,236,Maximilien,22.112973266797283,3.7883218629285995,10.748007678011485
2026-06-12,236,PhilippeA,26.91485721088577,4.3558037628593205,13.84744592230781
2026-06-12,236,Nicolas,9.048432173212749,3.71506206262703,-2.09675401466834
2026-06-12,237,NathV,21.44379487331326,5.849331080771878,3.8958016309976244
2026-06-12,237,Lily,34.7517644473168,1.4201453583935792,30.491328372136064
2026-06-12,237,Roland,28.467745883567215,2.1474940070738064,22.025263862345795
2026-06-12,237,Rémi,33.78367497295327,1.7011015422815838,28.680370346108518
2026-06-12,237,ManonV,13.254280412389559,2.5715124405154857,5.539743090843102
2026-06-12,237,Lilou,19.82428260195251,1.5118213586218874,15.28881852608685
2026-06-12,237,Paul,22.31622706861647,1.6904597090140592,17.244847941574292
2026-06-12,237,Raphaël,31.263993722204305,1.7057163357305047,26.14684471501279
2026-06-12,237,Julia,21.644131680013484,3.6062807673754764,10.825289377887055
2026-06-12,237,Armelle,25.26824327474824,3.0705232060872016,16.056673656486637
2026-06-12,237,Jules,20.920845751384107,1.6701249543865917,15.910470888224332
2026-06-12,237,BenjaminC,27.000174457086324,2.1623955798619945,20.51298771750034
2026-06-12,237,LaureS,29.5415518214647,3.0489318092857673,20.3947563936074
2026-06-12,237,Sabine,19.638460645438276,5.814660354026994,2.1944795833572925
2026-06-12,237,Loïc,17.961502038724948,2.401168400047184,10.757996838583395
2026-06-12,237,JulieB,17.400405408630263,2.8364446297022368,8.891071519523553
2026-06-12,237,ThéoM,22.096819932306442,2.3866617777214465,14.936834599142102
2026-06-12,237,EmmanuelP,20.779892877819254,2.639064488218912,12.862699413162519
2026-06-12,237,BenjaminZ,26.114242554937917,4.3589970640913585,13.037251362663842
2026-06-12,237,Maximilien,22.112973266797283,3.7883218629285995,10.748007678011485
2026-06-12,237,PhilippeA,26.91485721088577,4.3558037628593205,13.84744592230781
2026-06-12,237,Nicolas,9.048432173212749,3.71506206262703,-2.09675401466834
2026-06-12,238,NathV,21.44379487331326,5.849331080771878,3.8958016309976244
2026-06-12,238,Lily,34.673235324277556,1.4155395901568155,30.426616553807108
2026-06-12,238,Roland,28.467745883567215,2.1474940070738064,22.025263862345795
2026-06-12,238,Rémi,33.89623230113562,1.691033006378935,28.823133281998814
2026-06-12,238,ManonV,13.254280412389559,2.5715124405154857,5.539743090843102
2026-06-12,238,Lilou,19.82428260195251,1.5118213586218874,15.28881852608685
2026-06-12,238,Paul,22.31622706861647,1.6904597090140592,17.244847941574292
2026-06-12,238,Raphaël,31.263993722204305,1.7057163357305047,26.14684471501279
2026-06-12,238,Julia,21.644131680013484,3.6062807673754764,10.825289377887055
2026-06-12,238,Armelle,25.26824327474824,3.0705232060872016,16.056673656486637
2026-06-12,238,Jules,20.920845751384107,1.6701249543865917,15.910470888224332
2026-06-12,238,BenjaminC,27.181887927222302,2.139108247594524,20.76456318443873
2026-06-12,238,LaureS,29.5415518214647,3.0489318092857673,20.3947563936074
2026-06-12,238,Sabine,19.638460645438276,5.814660354026994,2.1944795833572925
2026-06-12,238,Loïc,17.961502038724948,2.401168400047184,10.757996838583395
2026-06-12,238,JulieB,17.08794453344184,2.7813033897490382,8.744034364194723
2026-06-12,238,ThéoM,22.096819932306442,2.3866617777214465,14.936834599142102
2026-06-12,238,EmmanuelP,20.779892877819254,2.639064488218912,12.862699413162519
2026-06-12,238,BenjaminZ,26.114242554937917,4.3589970640913585,13.037251362663842
2026-06-12,238,Maximilien,22.112973266797283,3.7883218629285995,10.748007678011485
2026-06-12,238,PhilippeA,26.91485721088577,4.3558037628593205,13.84744592230781
2026-06-12,238,Nicolas,9.048432173212749,3.71506206262703,-2.09675401466834
2026-06-12,239,NathV,21.44379487331326,5.849331080771878,3.8958016309976244
2026-06-12,239,Lily,34.78191722094697,1.409414416110759,30.553673972614696
2026-06-12,239,Roland,28.467745883567215,2.1474940070738064,22.025263862345795
2026-06-12,239,Rémi,33.74129064621455,1.6784678836414513,28.705886995290196
2026-06-12,239,ManonV,13.254280412389559,2.5715124405154857,5.539743090843102
2026-06-12,239,Lilou,19.82428260195251,1.5118213586218874,15.28881852608685
2026-06-12,239,Paul,22.31622706861647,1.6904597090140592,17.244847941574292
2026-06-12,239,Raphaël,31.263993722204305,1.7057163357305047,26.14684471501279
2026-06-12,239,Julia,21.644131680013484,3.6062807673754764,10.825289377887055
2026-06-12,239,Armelle,25.26824327474824,3.0705232060872016,16.056673656486637
2026-06-12,239,Jules,20.920845751384107,1.6701249543865917,15.910470888224332
2026-06-12,239,BenjaminC,27.429592919634793,2.1111063822471725,21.096273772893277
2026-06-12,239,LaureS,29.5415518214647,3.0489318092857673,20.3947563936074
2026-06-12,239,Sabine,19.638460645438276,5.814660354026994,2.1944795833572925
2026-06-12,239,Loïc,17.961502038724948,2.401168400047184,10.757996838583395
2026-06-12,239,JulieB,17.08794453344184,2.7813033897490382,8.744034364194723
2026-06-12,239,ThéoM,21.788556840991184,2.346918050549424,14.747802689342912
2026-06-12,239,EmmanuelP,20.779892877819254,2.639064488218912,12.862699413162519
2026-06-12,239,BenjaminZ,26.114242554937917,4.3589970640913585,13.037251362663842
2026-06-12,239,Maximilien,22.112973266797283,3.7883218629285995,10.748007678011485
2026-06-12,239,PhilippeA,26.91485721088577,4.3558037628593205,13.84744592230781
2026-06-12,239,Nicolas,9.048432173212749,3.71506206262703,-2.09675401466834
2026-06-12,240,NathV,21.44379487331326,5.849331080771878,3.8958016309976244
2026-06-12,240,Lily,34.71094330764465,1.4052940116155062,30.49506127279813
2026-06-12,240,Roland,28.467745883567215,2.1474940070738064,22.025263862345795
2026-06-12,240,Rémi,33.84184502871505,1.6694249987294447,28.833570032526715
2026-06-12,240,ManonV,13.254280412389559,2.5715124405154857,5.539743090843102
2026-06-12,240,Lilou,19.82428260195251,1.5118213586218874,15.28881852608685
2026-06-12,240,Paul,22.31622706861647,1.6904597090140592,17.244847941574292
2026-06-12,240,Raphaël,31.263993722204305,1.7057163357305047,26.14684471501279
2026-06-12,240,Julia,21.644131680013484,3.6062807673754764,10.825289377887055
2026-06-12,240,Armelle,25.26824327474824,3.0705232060872016,16.056673656486637
2026-06-12,240,Jules,20.920845751384107,1.6701249543865917,15.910470888224332
2026-06-12,240,BenjaminC,27.588521551915292,2.090631314841442,21.316627607390966
2026-06-12,240,LaureS,29.5415518214647,3.0489318092857673,20.3947563936074
2026-06-12,240,Sabine,19.638460645438276,5.814660354026994,2.1944795833572925
2026-06-12,240,Loïc,17.961502038724948,2.401168400047184,10.757996838583395
2026-06-12,240,JulieB,16.812272850981408,2.7318231005168165,8.616803549430958
2026-06-12,240,ThéoM,21.788556840991184,2.346918050549424,14.747802689342912
2026-06-12,240,EmmanuelP,20.779892877819254,2.639064488218912,12.862699413162519
2026-06-12,240,BenjaminZ,26.114242554937917,4.3589970640913585,13.037251362663842
2026-06-12,240,Maximilien,22.112973266797283,3.7883218629285995,10.748007678011485
2026-06-12,240,PhilippeA,26.91485721088577,4.3558037628593205,13.84744592230781
2026-06-12,240,Nicolas,9.048432173212749,3.71506206262703,-2.09675401466834
2026-06-12,241,NathV,21.44379487331326,5.849331080771878,3.8958016309976244
2026-06-12,241,Lily,34.71094330764465,1.4052940116155062,30.49506127279813
2026-06-12,241,Roland,28.467745883567215,2.1474940070738064,22.025263862345795
2026-06-12,241,Rémi,33.91870801528406,1.6624114332663174,28.931473715485108
2026-06-12,241,ManonV,13.254280412389559,2.5715124405154857,5.539743090843102
2026-06-12,241,Lilou,19.82428260195251,1.5118213586218874,15.28881852608685
2026-06-12,241,Paul,22.31622706861647,1.6904597090140592,17.244847941574292
2026-06-12,241,Raphaël,31.263993722204305,1.7057163357305047,26.14684471501279
2026-06-12,241,Julia,21.644131680013484,3.6062807673754764,10.825289377887055
2026-06-12,241,Armelle,25.26824327474824,3.0705232060872016,16.056673656486637
2026-06-12,241,Jules,20.920845751384107,1.6701249543865917,15.910470888224332
2026-06-12,241,BenjaminC,27.468088135036172,2.0744312920861696,21.244794258777663
2026-06-12,241,LaureS,29.5415518214647,3.0489318092857673,20.3947563936074
2026-06-12,241,Sabine,19.638460645438276,5.814660354026994,2.1944795833572925
2026-06-12,241,Loïc,17.961502038724948,2.401168400047184,10.757996838583395
2026-06-12,241,JulieB,16.606772906378627,2.6931628225121576,8.527284438842154
2026-06-12,241,ThéoM,21.94027783634011,2.3231145004150338,14.970934335095007
2026-06-12,241,EmmanuelP,20.779892877819254,2.639064488218912,12.862699413162519
2026-06-12,241,BenjaminZ,26.114242554937917,4.3589970640913585,13.037251362663842
2026-06-12,241,Maximilien,22.112973266797283,3.7883218629285995,10.748007678011485
2026-06-12,241,PhilippeA,26.91485721088577,4.3558037628593205,13.84744592230781
2026-06-12,241,Nicolas,9.048432173212749,3.71506206262703,-2.09675401466834
2026-06-12,242,NathV,21.44379487331326,5.849331080771878,3.8958016309976244
2026-06-12,242,Lily,34.42517393618687,1.3953133702118024,30.239233825551466
2026-06-12,242,Roland,28.467745883567215,2.1474940070738064,22.025263862345795
2026-06-12,242,Rémi,34.31821443643961,1.6438839551751914,29.386562570914037
2026-06-12,242,ManonV,13.254280412389559,2.5715124405154857,5.539743090843102
2026-06-12,242,Lilou,19.82428260195251,1.5118213586218874,15.28881852608685
2026-06-12,242,Paul,22.31622706861647,1.6904597090140592,17.244847941574292
2026-06-12,242,Raphaël,31.263993722204305,1.7057163357305047,26.14684471501279
2026-06-12,242,Julia,21.644131680013484,3.6062807673754764,10.825289377887055
2026-06-12,242,Armelle,25.26824327474824,3.0705232060872016,16.056673656486637
2026-06-12,242,Jules,20.920845751384107,1.6701249543865917,15.910470888224332
2026-06-12,242,BenjaminC,27.468088135036172,2.0744312920861696,21.244794258777663
2026-06-12,242,LaureS,29.5415518214647,3.0489318092857673,20.3947563936074
2026-06-12,242,Sabine,19.638460645438276,5.814660354026994,2.1944795833572925
2026-06-12,242,Loïc,17.961502038724948,2.401168400047184,10.757996838583395
2026-06-12,242,JulieB,17.653654661489508,2.606098573587303,9.8353589407276
2026-06-12,242,ThéoM,21.161064278929498,2.268116182794238,14.356715730546783
2026-06-12,242,EmmanuelP,20.779892877819254,2.639064488218912,12.862699413162519
2026-06-12,242,BenjaminZ,26.114242554937917,4.3589970640913585,13.037251362663842
2026-06-12,242,Maximilien,22.112973266797283,3.7883218629285995,10.748007678011485
2026-06-12,242,PhilippeA,26.91485721088577,4.3558037628593205,13.84744592230781
2026-06-12,242,Nicolas,9.048432173212749,3.71506206262703,-2.09675401466834
2026-06-12,243,NathV,21.44379487331326,5.849331080771878,3.8958016309976244
2026-06-12,243,Lily,34.1900480937236,1.386407848389041,30.030824548556474
2026-06-12,243,Roland,28.467745883567215,2.1474940070738064,22.025263862345795
2026-06-12,243,Rémi,34.31821443643961,1.6438839551751914,29.386562570914037
2026-06-12,243,ManonV,13.254280412389559,2.5715124405154857,5.539743090843102
2026-06-12,243,Lilou,19.82428260195251,1.5118213586218874,15.28881852608685
2026-06-12,243,Paul,22.31622706861647,1.6904597090140592,17.244847941574292
2026-06-12,243,Raphaël,31.263993722204305,1.7057163357305047,26.14684471501279
2026-06-12,243,Julia,21.644131680013484,3.6062807673754764,10.825289377887055
2026-06-12,243,Armelle,25.26824327474824,3.0705232060872016,16.056673656486637
2026-06-12,243,Jules,20.920845751384107,1.6701249543865917,15.910470888224332
2026-06-12,243,BenjaminC,27.986779366564015,2.0385921912733496,21.871002792743965
2026-06-12,243,LaureS,29.5415518214647,3.0489318092857673,20.3947563936074
2026-06-12,243,Sabine,19.638460645438276,5.814660354026994,2.1944795833572925
2026-06-12,243,Loïc,17.961502038724948,2.401168400047184,10.757996838583395
2026-06-12,243,JulieB,16.835498845348525,2.53271874855219,9.237342599691955
2026-06-12,243,ThéoM,21.780971897598803,2.220546493011303,15.119332418564895
2026-06-12,243,EmmanuelP,20.779892877819254,2.639064488218912,12.862699413162519
2026-06-12,243,BenjaminZ,26.114242554937917,4.3589970640913585,13.037251362663842
2026-06-12,243,Maximilien,22.112973266797283,3.7883218629285995,10.748007678011485
2026-06-12,243,PhilippeA,26.91485721088577,4.3558037628593205,13.84744592230781
2026-06-12,243,Nicolas,9.048432173212749,3.71506206262703,-2.09675401466834
2026-06-12,244,NathV,21.44379487331326,5.849331080771878,3.8958016309976244
2026-06-12,244,Lily,34.20324738523432,1.3868961853984472,30.042558829038978
2026-06-12,244,Roland,28.467745883567215,2.1474940070738064,22.025263862345795
2026-06-12,244,Rémi,34.336752283370714,1.6426418806350114,29.40882664146568
2026-06-12,244,ManonV,13.254280412389559,2.5715124405154857,5.539743090843102
2026-06-12,244,Lilou,19.82428260195251,1.5118213586218874,15.28881852608685
2026-06-12,244,Paul,22.31622706861647,1.6904597090140592,17.244847941574292
2026-06-12,244,Raphaël,31.263993722204305,1.7057163357305047,26.14684471501279
2026-06-12,244,Julia,21.644131680013484,3.6062807673754764,10.825289377887055
2026-06-12,244,Armelle,25.26824327474824,3.0705232060872016,16.056673656486637
2026-06-12,244,Jules,20.920845751384107,1.6701249543865917,15.910470888224332
2026-06-12,244,BenjaminC,27.958296205582727,2.0339053963910385,21.85658001640961
2026-06-12,244,LaureS,29.5415518214647,3.0489318092857673,20.3947563936074
2026-06-12,244,Sabine,19.638460645438276,5.814660354026994,2.1944795833572925
2026-06-12,244,Loïc,17.961502038724948,2.401168400047184,10.757996838583395
2026-06-12,244,JulieB,16.835498845348525,2.53271874855219,9.237342599691955
2026-06-12,244,ThéoM,21.747186165768607,2.213853045195079,15.10562703018337
2026-06-12,244,EmmanuelP,20.779892877819254,2.639064488218912,12.862699413162519
2026-06-12,244,BenjaminZ,26.114242554937917,4.3589970640913585,13.037251362663842
2026-06-12,244,Maximilien,22.112973266797283,3.7883218629285995,10.748007678011485
2026-06-12,244,PhilippeA,26.91485721088577,4.3558037628593205,13.84744592230781
2026-06-12,244,Nicolas,9.048432173212749,3.71506206262703,-2.09675401466834
2026-06-12,245,NathV,21.44379487331326,5.849331080771878,3.8958016309976244
2026-06-12,245,Lily,34.20324738523432,1.3868961853984472,30.042558829038978
2026-06-12,245,Roland,28.467745883567215,2.1474940070738064,22.025263862345795
2026-06-12,245,Rémi,34.41016053464994,1.636036000937561,29.502052531837258
2026-06-12,245,ManonV,13.254280412389559,2.5715124405154857,5.539743090843102
2026-06-12,245,Lilou,19.82428260195251,1.5118213586218874,15.28881852608685
2026-06-12,245,Paul,22.31622706861647,1.6904597090140592,17.244847941574292
2026-06-12,245,Raphaël,31.263993722204305,1.7057163357305047,26.14684471501279
2026-06-12,245,Julia,21.644131680013484,3.6062807673754764,10.825289377887055
2026-06-12,245,Armelle,25.26824327474824,3.0705232060872016,16.056673656486637
2026-06-12,245,Jules,20.920845751384107,1.6701249543865917,15.910470888224332
2026-06-12,245,BenjaminC,27.845853122545446,2.0190605743027517,21.78867139963719
2026-06-12,245,LaureS,29.5415518214647,3.0489318092857673,20.3947563936074
2026-06-12,245,Sabine,19.638460645438276,5.814660354026994,2.1944795833572925
2026-06-12,245,Loïc,17.961502038724948,2.401168400047184,10.757996838583395
2026-06-12,245,JulieB,16.661243285996417,2.5020860651768606,9.154985090465836
2026-06-12,245,ThéoM,21.880371161028556,2.1940686267713008,15.298165280714654
2026-06-12,245,EmmanuelP,20.779892877819254,2.639064488218912,12.862699413162519
2026-06-12,245,BenjaminZ,26.114242554937917,4.3589970640913585,13.037251362663842
2026-06-12,245,Maximilien,22.112973266797283,3.7883218629285995,10.748007678011485
2026-06-12,245,PhilippeA,26.91485721088577,4.3558037628593205,13.84744592230781
2026-06-12,245,Nicolas,9.048432173212749,3.71506206262703,-2.09675401466834
2026-06-12,246,NathV,21.44379487331326,5.849331080771878,3.8958016309976244
2026-06-12,246,Lily,34.10204983344595,1.3813457478795355,29.958012589807346
2026-06-12,246,Roland,28.467745883567215,2.1474940070738064,22.025263862345795
2026-06-12,246,Rémi,34.5508391196442,1.624944823415906,29.676004649396482
2026-06-12,246,ManonV,13.254280412389559,2.5715124405154857,5.539743090843102
2026-06-12,246,Lilou,19.82428260195251,1.5118213586218874,15.28881852608685
2026-06-12,246,Paul,22.31622706861647,1.6904597090140592,17.244847941574292
2026-06-12,246,Raphaël,31.263993722204305,1.7057163357305047,26.14684471501279
2026-06-12,246,Julia,21.644131680013484,3.6062807673754764,10.825289377887055
2026-06-12,246,Armelle,25.26824327474824,3.0705232060872016,16.056673656486637
2026-06-12,246,Jules,20.920845751384107,1.6701249543865917,15.910470888224332
2026-06-12,246,BenjaminC,28.059922649209803,1.9959260652763915,22.072144453380627
2026-06-12,246,LaureS,29.5415518214647,3.0489318092857673,20.3947563936074
2026-06-12,246,Sabine,19.638460645438276,5.814660354026994,2.1944795833572925
2026-06-12,246,Loïc,17.961502038724948,2.401168400047184,10.757996838583395
2026-06-12,246,JulieB,16.661243285996417,2.5020860651768606,9.154985090465836
2026-06-12,246,ThéoM,21.627648939737362,2.1637345316962757,15.136445344648536
2026-06-12,246,EmmanuelP,20.779892877819254,2.639064488218912,12.862699413162519
2026-06-12,246,BenjaminZ,26.114242554937917,4.3589970640913585,13.037251362663842
2026-06-12,246,Maximilien,22.112973266797283,3.7883218629285995,10.748007678011485
2026-06-12,246,PhilippeA,26.91485721088577,4.3558037628593205,13.84744592230781
2026-06-12,246,Nicolas,9.048432173212749,3.71506206262703,-2.09675401466834
2026-06-12,247,NathV,21.44379487331326,5.849331080771878,3.8958016309976244
2026-06-12,247,Lily,34.2214414219964,1.3753061261623025,30.095523043509495
2026-06-12,247,Roland,28.467745883567215,2.1474940070738064,22.025263862345795
2026-06-12,247,Rémi,34.38579153544073,1.6131651297057237,29.54629614632356
2026-06-12,247,ManonV,13.254280412389559,2.5715124405154857,5.539743090843102
2026-06-12,247,Lilou,19.82428260195251,1.5118213586218874,15.28881852608685
2026-06-12,247,Paul,22.31622706861647,1.6904597090140592,17.244847941574292
2026-06-12,247,Raphaël,31.263993722204305,1.7057163357305047,26.14684471501279
2026-06-12,247,Julia,21.644131680013484,3.6062807673754764,10.825289377887055
2026-06-12,247,Armelle,25.26824327474824,3.0705232060872016,16.056673656486637
2026-06-12,247,Jules,20.920845751384107,1.6701249543865917,15.910470888224332
2026-06-12,247,BenjaminC,28.059922649209803,1.9959260652763915,22.072144453380627
2026-06-12,247,LaureS,29.5415518214647,3.0489318092857673,20.3947563936074
2026-06-12,247,Sabine,19.638460645438276,5.814660354026994,2.1944795833572925
2026-06-12,247,Loïc,17.961502038724948,2.401168400047184,10.757996838583395
2026-06-12,247,JulieB,16.270512893012302,2.452484808204488,8.91305846839884
2026-06-12,247,ThéoM,21.91995841445143,2.13243162301199,15.522663545415458
2026-06-12,247,EmmanuelP,20.779892877819254,2.639064488218912,12.862699413162519
2026-06-12,247,BenjaminZ,26.114242554937917,4.3589970640913585,13.037251362663842
2026-06-12,247,Maximilien,22.112973266797283,3.7883218629285995,10.748007678011485
2026-06-12,247,PhilippeA,26.91485721088577,4.3558037628593205,13.84744592230781
2026-06-12,247,Nicolas,9.048432173212749,3.71506206262703,-2.09675401466834
2026-06-12,248,NathV,21.44379487331326,5.849331080771878,3.8958016309976244
2026-06-12,248,Lily,34.2214414219964,1.3753061261623025,30.095523043509495
2026-06-12,248,Roland,28.467745883567215,2.1474940070738064,22.025263862345795
2026-06-12,248,Rémi,34.61663906361282,1.5995417291807024,29.818013876070715
2026-06-12,248,ManonV,13.254280412389559,2.5715124405154857,5.539743090843102
2026-06-12,248,Lilou,19.82428260195251,1.5118213586218874,15.28881852608685
2026-06-12,248,Paul,22.31622706861647,1.6904597090140592,17.244847941574292
2026-06-12,248,Raphaël,31.263993722204305,1.7057163357305047,26.14684471501279
2026-06-12,248,Julia,21.644131680013484,3.6062807673754764,10.825289377887055
2026-06-12,248,Armelle,25.26824327474824,3.0705232060872016,16.056673656486637
2026-06-12,248,Jules,20.920845751384107,1.6701249543865917,15.910470888224332
2026-06-12,248,BenjaminC,27.706856990685992,1.9677501476743298,21.803606547663
2026-06-12,248,LaureS,29.5415518214647,3.0489318092857673,20.3947563936074
2026-06-12,248,Sabine,19.638460645438276,5.814660354026994,2.1944795833572925
2026-06-12,248,Loïc,17.961502038724948,2.401168400047184,10.757996838583395
2026-06-12,248,JulieB,16.803263512543147,2.3982356091975845,9.608556684950393
2026-06-12,248,ThéoM,21.517034414837454,2.0975498902260585,15.224384744159279
2026-06-12,248,EmmanuelP,20.779892877819254,2.639064488218912,12.862699413162519
2026-06-12,248,BenjaminZ,26.114242554937917,4.3589970640913585,13.037251362663842
2026-06-12,248,Maximilien,22.112973266797283,3.7883218629285995,10.748007678011485
2026-06-12,248,PhilippeA,26.91485721088577,4.3558037628593205,13.84744592230781
2026-06-12,248,Nicolas,9.048432173212749,3.71506206262703,-2.09675401466834
2026-06-12,249,NathV,21.44379487331326,5.849331080771878,3.8958016309976244
2026-06-12,249,Lily,34.22563302535958,1.377058940734911,30.094456203154845
2026-06-12,249,Roland,28.467745883567215,2.1474940070738064,22.025263862345795
2026-06-12,249,Rémi,34.61663906361282,1.5995417291807024,29.818013876070715
2026-06-12,249,ManonV,13.254280412389559,2.5715124405154857,5.539743090843102
2026-06-12,249,Lilou,19.82428260195251,1.5118213586218874,15.28881852608685
2026-06-12,249,Paul,22.31622706861647,1.6904597090140592,17.244847941574292
2026-06-12,249,Raphaël,31.263993722204305,1.7057163357305047,26.14684471501279
2026-06-12,249,Julia,21.644131680013484,3.6062807673754764,10.825289377887055
2026-06-12,249,Armelle,25.26824327474824,3.0705232060872016,16.056673656486637
2026-06-12,249,Jules,20.920845751384107,1.6701249543865917,15.910470888224332
2026-06-12,249,BenjaminC,27.715421607959478,1.9672655797245393,21.81362486878586
2026-06-12,249,LaureS,29.5415518214647,3.0489318092857673,20.3947563936074
2026-06-12,249,Sabine,19.638460645438276,5.814660354026994,2.1944795833572925
2026-06-12,249,Loïc,17.961502038724948,2.401168400047184,10.757996838583395
2026-06-12,249,JulieB,16.790549061945182,2.3956151253741877,9.60370368582262
2026-06-12,249,ThéoM,21.507304716119663,2.0964820114454716,15.217858681783248
2026-06-12,249,EmmanuelP,20.779892877819254,2.639064488218912,12.862699413162519
2026-06-12,249,BenjaminZ,26.114242554937917,4.3589970640913585,13.037251362663842
2026-06-12,249,Maximilien,22.112973266797283,3.7883218629285995,10.748007678011485
2026-06-12,249,PhilippeA,26.91485721088577,4.3558037628593205,13.84744592230781
2026-06-12,249,Nicolas,9.048432173212749,3.71506206262703,-2.09675401466834
2026-06-12,250,NathV,21.44379487331326,5.849331080771878,3.8958016309976244
2026-06-12,250,Lily,33.94552676328649,1.3672229939582705,29.843857781411675
2026-06-12,250,Roland,28.467745883567215,2.1474940070738064,22.025263862345795
2026-06-12,250,Rémi,34.99420999659254,1.5823447945632005,30.247175612902936
2026-06-12,250,ManonV,13.254280412389559,2.5715124405154857,5.539743090843102
2026-06-12,250,Lilou,19.82428260195251,1.5118213586218874,15.28881852608685
2026-06-12,250,Paul,22.31622706861647,1.6904597090140592,17.244847941574292
2026-06-12,250,Raphaël,31.263993722204305,1.7057163357305047,26.14684471501279
2026-06-12,250,Julia,21.644131680013484,3.6062807673754764,10.825289377887055
2026-06-12,250,Armelle,25.26824327474824,3.0705232060872016,16.056673656486637
2026-06-12,250,Jules,20.920845751384107,1.6701249543865917,15.910470888224332
2026-06-12,250,BenjaminC,27.14481762464465,1.9329374929867182,21.346005145684494
2026-06-12,250,LaureS,29.5415518214647,3.0489318092857673,20.3947563936074
2026-06-12,250,Sabine,19.638460645438276,5.814660354026994,2.1944795833572925
2026-06-12,250,Loïc,17.961502038724948,2.401168400047184,10.757996838583395
2026-06-12,250,JulieB,16.790549061945182,2.3956151253741877,9.60370368582262
2026-06-12,250,ThéoM,22.155190048636918,2.054414594734224,15.991946264434246
2026-06-12,250,EmmanuelP,20.779892877819254,2.639064488218912,12.862699413162519
2026-06-12,250,BenjaminZ,26.114242554937917,4.3589970640913585,13.037251362663842
2026-06-12,250,Maximilien,22.112973266797283,3.7883218629285995,10.748007678011485
2026-06-12,250,PhilippeA,26.91485721088577,4.3558037628593205,13.84744592230781
2026-06-12,250,Nicolas,9.048432173212749,3.71506206262703,-2.09675401466834
2026-06-12,251,NathV,21.44379487331326,5.849331080771878,3.8958016309976244
2026-06-12,251,Lily,33.94607855029328,1.3696296067926372,29.837189729915366
2026-06-12,251,Roland,28.467745883567215,2.1474940070738064,22.025263862345795
2026-06-12,251,Rémi,34.99494838940611,1.5843353775519717,30.241942256750196
2026-06-12,251,ManonV,13.254280412389559,2.5715124405154857,5.539743090843102
2026-06-12,251,Lilou,19.82428260195251,1.5118213586218874,15.28881852608685
2026-06-12,251,Paul,22.31622706861647,1.6904597090140592,17.244847941574292
2026-06-12,251,Raphaël,31.263993722204305,1.7057163357305047,26.14684471501279
2026-06-12,251,Julia,21.644131680013484,3.6062807673754764,10.825289377887055
2026-06-12,251,Armelle,25.26824327474824,3.0705232060872016,16.056673656486637
2026-06-12,251,Jules,20.920845751384107,1.6701249543865917,15.910470888224332
2026-06-12,251,BenjaminC,27.14481762464465,1.9329374929867182,21.346005145684494
2026-06-12,251,LaureS,29.5415518214647,3.0489318092857673,20.3947563936074
2026-06-12,251,Sabine,19.638460645438276,5.814660354026994,2.1944795833572925
2026-06-12,251,Loïc,17.961502038724948,2.401168400047184,10.757996838583395
2026-06-12,251,JulieB,16.788859237294545,2.3963638404531777,9.599767715935013
2026-06-12,251,ThéoM,22.153946758422904,2.055662116006929,15.986960410402117
2026-06-12,251,EmmanuelP,20.779892877819254,2.639064488218912,12.862699413162519
2026-06-12,251,BenjaminZ,26.114242554937917,4.3589970640913585,13.037251362663842
2026-06-12,251,Maximilien,22.112973266797283,3.7883218629285995,10.748007678011485
2026-06-12,251,PhilippeA,26.91485721088577,4.3558037628593205,13.84744592230781
2026-06-12,251,Nicolas,9.048432173212749,3.71506206262703,-2.09675401466834
2026-06-12,252,NathV,21.44379487331326,5.849331080771878,3.8958016309976244
2026-06-12,252,Lily,33.69839238512169,1.36063197188724,29.616496469459975
2026-06-12,252,Roland,28.467745883567215,2.1474940070738064,22.025263862345795
2026-06-12,252,Rémi,35.326067921212044,1.568677361944558,30.62003583537837
2026-06-12,252,ManonV,13.254280412389559,2.5715124405154857,5.539743090843102
2026-06-12,252,Lilou,19.82428260195251,1.5118213586218874,15.28881852608685
2026-06-12,252,Paul,22.31622706861647,1.6904597090140592,17.244847941574292
2026-06-12,252,Raphaël,31.263993722204305,1.7057163357305047,26.14684471501279
2026-06-12,252,Julia,21.644131680013484,3.6062807673754764,10.825289377887055
2026-06-12,252,Armelle,25.26824327474824,3.0705232060872016,16.056673656486637
2026-06-12,252,Jules,20.920845751384107,1.6701249543865917,15.910470888224332
2026-06-12,252,BenjaminC,27.14481762464465,1.9329374929867182,21.346005145684494
2026-06-12,252,LaureS,29.5415518214647,3.0489318092857673,20.3947563936074
2026-06-12,252,Sabine,19.638460645438276,5.814660354026994,2.1944795833572925
2026-06-12,252,Loïc,17.961502038724948,2.401168400047184,10.757996838583395
2026-06-12,252,JulieB,17.545206249997356,2.3357390763020174,10.537989021091304
2026-06-12,252,ThéoM,21.59713641903147,2.0182781699719787,15.542301909115535
2026-06-12,252,EmmanuelP,20.779892877819254,2.639064488218912,12.862699413162519
2026-06-12,252,BenjaminZ,26.114242554937917,4.3589970640913585,13.037251362663842
2026-06-12,252,Maximilien,22.112973266797283,3.7883218629285995,10.748007678011485
2026-06-12,252,PhilippeA,26.91485721088577,4.3558037628593205,13.84744592230781
2026-06-12,252,Nicolas,9.048432173212749,3.71506206262703,-2.09675401466834
2026-06-15,253,NathV,21.44379487331326,5.849331080771878,3.8958016309976244
2026-06-15,253,Lily,33.69839238512169,1.36063197188724,29.616496469459975
2026-06-15,253,Roland,28.3630525425807,2.131338098107203,21.96903824825909
2026-06-15,253,Rémi,35.382004101777646,1.5639620321523844,30.690118005320493
2026-06-15,253,ManonV,13.254280412389559,2.5715124405154857,5.539743090843102
2026-06-15,253,Lilou,19.82428260195251,1.5118213586218874,15.28881852608685
2026-06-15,253,Paul,22.31622706861647,1.6904597090140592,17.244847941574292
2026-06-15,253,Raphaël,31.263993722204305,1.7057163357305047,26.14684471501279
2026-06-15,253,Julia,21.644131680013484,3.6062807673754764,10.825289377887055
2026-06-15,253,Armelle,25.26824327474824,3.0705232060872016,16.056673656486637
2026-06-15,253,Jules,20.920845751384107,1.6701249543865917,15.910470888224332
2026-06-15,253,BenjaminC,27.229666040896355,1.921776592554276,21.464336263233527
2026-06-15,253,LaureS,29.5415518214647,3.0489318092857673,20.3947563936074
2026-06-15,253,Sabine,19.638460645438276,5.814660354026994,2.1944795833572925
2026-06-15,253,Loïc,17.961502038724948,2.401168400047184,10.757996838583395
2026-06-15,253,JulieB,17.545206249997356,2.3357390763020174,10.537989021091304
2026-06-15,253,ThéoM,21.504644569509235,2.005247342314272,15.48890254256642
2026-06-15,253,EmmanuelP,20.779892877819254,2.639064488218912,12.862699413162519
2026-06-15,253,BenjaminZ,26.114242554937917,4.3589970640913585,13.037251362663842
2026-06-15,253,Maximilien,22.112973266797283,3.7883218629285995,10.748007678011485
2026-06-15,253,PhilippeA,26.91485721088577,4.3558037628593205,13.84744592230781
2026-06-15,253,Nicolas,9.048432173212749,3.71506206262703,-2.09675401466834
2026-06-15,254,NathV,21.44379487331326,5.849331080771878,3.8958016309976244
2026-06-15,254,Lily,33.69839238512169,1.36063197188724,29.616496469459975
2026-06-15,254,Roland,28.3630525425807,2.131338098107203,21.96903824825909
2026-06-15,254,Rémi,35.382004101777646,1.5639620321523844,30.690118005320493
2026-06-15,254,ManonV,13.254280412389559,2.5715124405154857,5.539743090843102
2026-06-15,254,Lilou,19.82428260195251,1.5118213586218874,15.28881852608685
2026-06-15,254,Paul,22.31622706861647,1.6904597090140592,17.244847941574292
2026-06-15,254,Raphaël,31.263993722204305,1.7057163357305047,26.14684471501279
2026-06-15,254,Julia,21.644131680013484,3.6062807673754764,10.825289377887055
2026-06-15,254,Armelle,25.26824327474824,3.0705232060872016,16.056673656486637
2026-06-15,254,Jules,20.920845751384107,1.6701249543865917,15.910470888224332
2026-06-15,254,BenjaminC,27.229666040896355,1.921776592554276,21.464336263233527
2026-06-15,254,LaureS,28.562075725345114,2.9506228899239098,19.710207055573385
2026-06-15,254,Sabine,19.638460645438276,5.814660354026994,2.1944795833572925
2026-06-15,254,Loïc,18.56927604254855,2.354311962094154,11.50634015626609
2026-06-15,254,JulieB,18.120348423077743,2.2927849381004046,11.241993608776529
2026-06-15,254,ThéoM,21.504644569509235,2.005247342314272,15.48890254256642
2026-06-15,254,EmmanuelP,20.779892877819254,2.639064488218912,12.862699413162519
2026-06-15,254,BenjaminZ,26.114242554937917,4.3589970640913585,13.037251362663842
2026-06-15,254,Maximilien,22.112973266797283,3.7883218629285995,10.748007678011485
2026-06-15,254,PhilippeA,26.91485721088577,4.3558037628593205,13.84744592230781
2026-06-15,254,Nicolas,7.594565045717351,3.534662368281037,-3.009422059125761
2026-06-15,255,NathV,21.44379487331326,5.849331080771878,3.8958016309976244
2026-06-15,255,Lily,33.69839238512169,1.36063197188724,29.616496469459975
2026-06-15,255,Roland,28.3630525425807,2.131338098107203,21.96903824825909
2026-06-15,255,Rémi,35.55071323355452,1.5544569465463982,30.887342393915326
2026-06-15,255,ManonV,13.254280412389559,2.5715124405154857,5.539743090843102
2026-06-15,255,Lilou,19.82428260195251,1.5118213586218874,15.28881852608685
2026-06-15,255,Paul,22.31622706861647,1.6904597090140592,17.244847941574292
2026-06-15,255,Raphaël,31.263993722204305,1.7057163357305047,26.14684471501279
2026-06-15,255,Julia,21.644131680013484,3.6062807673754764,10.825289377887055
2026-06-15,255,Armelle,25.26824327474824,3.0705232060872016,16.056673656486637
2026-06-15,255,Jules,21.113169422039014,1.6579257873132827,16.139392060099166
2026-06-15,255,BenjaminC,26.97517262404567,1.9018202013711998,21.26971201993207
2026-06-15,255,LaureS,28.562075725345114,2.9506228899239098,19.710207055573385
2026-06-15,255,Sabine,19.638460645438276,5.814660354026994,2.1944795833572925
2026-06-15,255,Loïc,18.56927604254855,2.354311962094154,11.50634015626609
2026-06-15,255,JulieB,18.120348423077743,2.2927849381004046,11.241993608776529
2026-06-15,255,ThéoM,21.504644569509235,2.005247342314272,15.48890254256642
2026-06-15,255,EmmanuelP,20.779892877819254,2.639064488218912,12.862699413162519
2026-06-15,255,BenjaminZ,24.80690794556992,4.1001143779034805,12.50656481185948
2026-06-15,255,Maximilien,22.112973266797283,3.7883218629285995,10.748007678011485
2026-06-15,255,PhilippeA,26.91485721088577,4.3558037628593205,13.84744592230781
2026-06-15,255,Nicolas,7.594565045717351,3.534662368281037,-3.009422059125761
2026-06-15,256,NathV,21.44379487331326,5.849331080771878,3.8958016309976244
2026-06-15,256,Lily,33.69839238512169,1.36063197188724,29.616496469459975
2026-06-15,256,Roland,28.3630525425807,2.131338098107203,21.96903824825909
2026-06-15,256,Rémi,35.6091344466692,1.5502115502021094,30.958499796062874
2026-06-15,256,ManonV,13.254280412389559,2.5715124405154857,5.539743090843102
2026-06-15,256,Lilou,19.82428260195251,1.5118213586218874,15.28881852608685
2026-06-15,256,Paul,22.31622706861647,1.6904597090140592,17.244847941574292
2026-06-15,256,Raphaël,31.263993722204305,1.7057163357305047,26.14684471501279
2026-06-15,256,Julia,21.644131680013484,3.6062807673754764,10.825289377887055
2026-06-15,256,Armelle,25.26824327474824,3.0705232060872016,16.056673656486637
2026-06-15,256,Jules,21.04673505125477,1.652161611229699,16.090250217565675
2026-06-15,256,BenjaminC,26.887807363767884,1.8917870768253084,21.21244613329196
2026-06-15,256,LaureS,28.562075725345114,2.9506228899239098,19.710207055573385
2026-06-15,256,Sabine,19.638460645438276,5.814660354026994,2.1944795833572925
2026-06-15,256,Loïc,18.56927604254855,2.354311962094154,11.50634015626609
2026-06-15,256,JulieB,18.120348423077743,2.2927849381004046,11.241993608776529
2026-06-15,256,ThéoM,21.504644569509235,2.005247342314272,15.48890254256642
2026-06-15,256,EmmanuelP,20.779892877819254,2.639064488218912,12.862699413162519
2026-06-15,256,BenjaminZ,25.212358717844392,3.9810242577756556,13.269285944517424
2026-06-15,256,Maximilien,22.112973266797283,3.7883218629285995,10.748007678011485
2026-06-15,256,PhilippeA,26.91485721088577,4.3558037628593205,13.84744592230781
2026-06-15,256,Nicolas,7.594565045717351,3.534662368281037,-3.009422059125761
2026-06-16,257,NathV,21.44379487331326,5.849331080771878,3.8958016309976244
2026-06-16,257,Lily,33.69839238512169,1.36063197188724,29.616496469459975
2026-06-16,257,Roland,28.687686020573047,2.11400929138371,22.34565814642192
2026-06-16,257,Rémi,35.6091344466692,1.5502115502021094,30.958499796062874
2026-06-16,257,ManonV,13.254280412389559,2.5715124405154857,5.539743090843102
2026-06-16,257,Lilou,19.82428260195251,1.5118213586218874,15.28881852608685
2026-06-16,257,Paul,22.31622706861647,1.6904597090140592,17.244847941574292
2026-06-16,257,Raphaël,31.263993722204305,1.7057163357305047,26.14684471501279
2026-06-16,257,Julia,22.572619271145086,3.5147695169587623,12.028310720268799
2026-06-16,257,Armelle,25.26824327474824,3.0705232060872016,16.056673656486637
2026-06-16,257,Jules,21.04673505125477,1.652161611229699,16.090250217565675
2026-06-16,257,BenjaminC,26.887807363767884,1.8917870768253084,21.21244613329196
2026-06-16,257,LaureS,28.562075725345114,2.9506228899239098,19.710207055573385
2026-06-16,257,Sabine,19.638460645438276,5.814660354026994,2.1944795833572925
2026-06-16,257,Loïc,18.56927604254855,2.354311962094154,11.50634015626609
2026-06-16,257,JulieB,18.120348423077743,2.2927849381004046,11.241993608776529
2026-06-16,257,ThéoM,21.504644569509235,2.005247342314272,15.48890254256642
2026-06-16,257,EmmanuelP,20.779892877819254,2.639064488218912,12.862699413162519
2026-06-16,257,BenjaminZ,25.212358717844392,3.9810242577756556,13.269285944517424
2026-06-16,257,Maximilien,22.112973266797283,3.7883218629285995,10.748007678011485
2026-06-16,257,PhilippeA,25.56053894871333,4.1927001351978666,12.98243854311973
2026-06-16,257,Nicolas,7.594565045717351,3.534662368281037,-3.009422059125761
2026-06-16,258,NathV,21.44379487331326,5.849331080771878,3.8958016309976244
2026-06-16,258,Lily,33.69839238512169,1.36063197188724,29.616496469459975
2026-06-16,258,Roland,29.179185805548208,2.0799423608242438,22.93935872307548
2026-06-16,258,Rémi,35.6091344466692,1.5502115502021094,30.958499796062874
2026-06-16,258,ManonV,13.98116979444768,2.5083728458159347,6.456051256999876
2026-06-16,258,Lilou,19.82428260195251,1.5118213586218874,15.28881852608685
2026-06-16,258,Paul,22.00167034169855,1.674286005050036,16.978812326548443
2026-06-16,258,Raphaël,31.263993722204305,1.7057163357305047,26.14684471501279
2026-06-16,258,Julia,21.215328210113487,3.349331135219444,11.167334804455155
2026-06-16,258,Armelle,25.26824327474824,3.0705232060872016,16.056673656486637
2026-06-16,258,Jules,21.04673505125477,1.652161611229699,16.090250217565675
2026-06-16,258,BenjaminC,26.887807363767884,1.8917870768253084,21.21244613329196
2026-06-16,258,LaureS,28.562075725345114,2.9506228899239098,19.710207055573385
2026-06-16,258,Sabine,19.638460645438276,5.814660354026994,2.1944795833572925
2026-06-16,258,Loïc,18.56927604254855,2.354311962094154,11.50634015626609
2026-06-16,258,JulieB,18.120348423077743,2.2927849381004046,11.241993608776529
2026-06-16,258,ThéoM,21.504644569509235,2.005247342314272,15.48890254256642
2026-06-16,258,EmmanuelP,20.779892877819254,2.639064488218912,12.862699413162519
2026-06-16,258,BenjaminZ,25.212358717844392,3.9810242577756556,13.269285944517424
2026-06-16,258,Maximilien,22.112973266797283,3.7883218629285995,10.748007678011485
2026-06-16,258,PhilippeA,25.56053894871333,4.1927001351978666,12.98243854311973
2026-06-16,258,Nicolas,7.594565045717351,3.534662368281037,-3.009422059125761
2026-06-16,259,NathV,21.44379487331326,5.849331080771878,3.8958016309976244
2026-06-16,259,Lily,33.69839238512169,1.36063197188724,29.616496469459975
2026-06-16,259,Roland,28.402953018066164,2.04317588584039,22.273425360544994
2026-06-16,259,Rémi,35.6091344466692,1.5502115502021094,30.958499796062874
2026-06-16,259,ManonV,15.109551545095016,2.4421032060266454,7.78324192701508
2026-06-16,259,Lilou,19.82428260195251,1.5118213586218874,15.28881852608685
2026-06-16,259,Paul,21.498254771518777,1.6563506313989103,16.529202877322046
2026-06-16,259,Raphaël,31.263993722204305,1.7057163357305047,26.14684471501279
2026-06-16,259,Julia,21.215328210113487,3.349331135219444,11.167334804455155
2026-06-16,259,Armelle,25.26824327474824,3.0705232060872016,16.056673656486637
2026-06-16,259,Jules,21.04673505125477,1.652161611229699,16.090250217565675
2026-06-16,259,BenjaminC,26.887807363767884,1.8917870768253084,21.21244613329196
2026-06-16,259,LaureS,28.562075725345114,2.9506228899239098,19.710207055573385
2026-06-16,259,Sabine,19.638460645438276,5.814660354026994,2.1944795833572925
2026-06-16,259,Loïc,18.56927604254855,2.354311962094154,11.50634015626609
2026-06-16,259,JulieB,18.120348423077743,2.2927849381004046,11.241993608776529
2026-06-16,259,ThéoM,21.504644569509235,2.005247342314272,15.48890254256642
2026-06-16,259,EmmanuelP,20.779892877819254,2.639064488218912,12.862699413162519
2026-06-16,259,BenjaminZ,28.052714260725107,3.7057768531101796,16.93538370139457
2026-06-16,259,Maximilien,22.112973266797283,3.7883218629285995,10.748007678011485
2026-06-16,259,PhilippeA,25.56053894871333,4.1927001351978666,12.98243854311973
2026-06-16,259,Nicolas,7.594565045717351,3.534662368281037,-3.009422059125761
2026-06-17,260,NathV,21.44379487331326,5.849331080771878,3.8958016309976244
2026-06-17,260,Lily,33.69839238512169,1.36063197188724,29.616496469459975
2026-06-17,260,Roland,28.46682670793814,2.0338927444371975,22.365148474626547
2026-06-17,260,Rémi,35.6091344466692,1.5502115502021094,30.958499796062874
2026-06-17,260,ManonV,15.109551545095016,2.4421032060266454,7.78324192701508
2026-06-17,260,Lilou,19.78926332858701,1.5096636165729738,15.260272478868087
2026-06-17,260,Paul,21.456241053945554,1.6525926111284022,16.498463220560346
2026-06-17,260,Raphaël,31.263993722204305,1.7057163357305047,26.14684471501279
2026-06-17,260,Julia,21.215328210113487,3.349331135219444,11.167334804455155
2026-06-17,260,Armelle,25.26824327474824,3.0705232060872016,16.056673656486637
2026-06-17,260,Jules,21.04673505125477,1.652161611229699,16.090250217565675
2026-06-17,260,BenjaminC,26.887807363767884,1.8917870768253084,21.21244613329196
2026-06-17,260,LaureS,28.562075725345114,2.9506228899239098,19.710207055573385
2026-06-17,260,Sabine,19.638460645438276,5.814660354026994,2.1944795833572925
2026-06-17,260,Loïc,18.56927604254855,2.354311962094154,11.50634015626609
2026-06-17,260,JulieB,18.120348423077743,2.2927849381004046,11.241993608776529
2026-06-17,260,ThéoM,21.504644569509235,2.005247342314272,15.48890254256642
2026-06-17,260,EmmanuelP,20.779892877819254,2.639064488218912,12.862699413162519
2026-06-17,260,BenjaminZ,28.262592171120716,3.6408951723454575,17.339906654084345
2026-06-17,260,Maximilien,22.112973266797283,3.7883218629285995,10.748007678011485
2026-06-17,260,PhilippeA,25.56053894871333,4.1927001351978666,12.98243854311973
2026-06-17,260,Nicolas,7.594565045717351,3.534662368281037,-3.009422059125761
2026-06-17,261,NathV,21.44379487331326,5.849331080771878,3.8958016309976244
2026-06-17,261,Lily,33.69839238512169,1.36063197188724,29.616496469459975
2026-06-17,261,Roland,28.46682670793814,2.0338927444371975,22.365148474626547
2026-06-17,261,Rémi,35.6091344466692,1.5502115502021094,30.958499796062874
2026-06-17,261,ManonV,14.72733973254726,2.413901166983566,7.485636231596562
2026-06-17,261,Lilou,19.935599721370068,1.5049703281515658,15.42068873691537
2026-06-17,261,Paul,21.456241053945554,1.6525926111284022,16.498463220560346
2026-06-17,261,Raphaël,31.263993722204305,1.7057163357305047,26.14684471501279
2026-06-17,261,Julia,21.933875917765715,3.2735913880438554,12.113101753634147
2026-06-17,261,Armelle,25.26824327474824,3.0705232060872016,16.056673656486637
2026-06-17,261,Jules,21.04673505125477,1.652161611229699,16.090250217565675
2026-06-17,261,BenjaminC,26.887807363767884,1.8917870768253084,21.21244613329196
2026-06-17,261,LaureS,28.562075725345114,2.9506228899239098,19.710207055573385
2026-06-17,261,Sabine,19.638460645438276,5.814660354026994,2.1944795833572925
2026-06-17,261,Loïc,18.56927604254855,2.354311962094154,11.50634015626609
2026-06-17,261,JulieB,18.120348423077743,2.2927849381004046,11.241993608776529
2026-06-17,261,ThéoM,21.504644569509235,2.005247342314272,15.48890254256642
2026-06-17,261,EmmanuelP,20.779892877819254,2.639064488218912,12.862699413162519
2026-06-17,261,BenjaminZ,28.262592171120716,3.6408951723454575,17.339906654084345
2026-06-17,261,Maximilien,22.112973266797283,3.7883218629285995,10.748007678011485
2026-06-17,261,PhilippeA,25.56053894871333,4.1927001351978666,12.98243854311973
2026-06-17,261,Nicolas,7.594565045717351,3.534662368281037,-3.009422059125761
2026-06-17,262,NathV,21.44379487331326,5.849331080771878,3.8958016309976244
2026-06-17,262,Lily,33.69839238512169,1.36063197188724,29.616496469459975
2026-06-17,262,Roland,28.46682670793814,2.0338927444371975,22.365148474626547
2026-06-17,262,Rémi,35.6091344466692,1.5502115502021094,30.958499796062874
2026-06-17,262,ManonV,14.72733973254726,2.413901166983566,7.485636231596562
2026-06-17,262,Lilou,19.935599721370068,1.5049703281515658,15.42068873691537
2026-06-17,262,Paul,21.62132302035711,1.6422921992053714,16.694446422740995
2026-06-17,262,Raphaël,31.263993722204305,1.7057163357305047,26.14684471501279
2026-06-17,262,Julia,21.933875917765715,3.2735913880438554,12.113101753634147
2026-06-17,262,Armelle,25.26824327474824,3.0705232060872016,16.056673656486637
2026-06-17,262,Jules,21.04673505125477,1.652161611229699,16.090250217565675
2026-06-17,262,BenjaminC,26.887807363767884,1.8917870768253084,21.21244613329196
2026-06-17,262,LaureS,28.562075725345114,2.9506228899239098,19.710207055573385
2026-06-17,262,Sabine,19.638460645438276,5.814660354026994,2.1944795833572925
2026-06-17,262,Loïc,18.903884497477414,2.319863004466804,11.944295484077001
2026-06-17,262,JulieB,18.120348423077743,2.2927849381004046,11.241993608776529
2026-06-17,262,ThéoM,21.504644569509235,2.005247342314272,15.48890254256642
2026-06-17,262,EmmanuelP,20.779892877819254,2.639064488218912,12.862699413162519
2026-06-17,262,BenjaminZ,27.462925645115334,3.5076693403305406,16.939917624123712
2026-06-17,262,Maximilien,22.112973266797283,3.7883218629285995,10.748007678011485
2026-06-17,262,PhilippeA,25.56053894871333,4.1927001351978666,12.98243854311973
2026-06-17,262,Nicolas,6.840858455175869,3.4129997329318167,-3.3981407436195816
2026-06-17,263,NathV,21.44379487331326,5.849331080771878,3.8958016309976244
2026-06-17,263,Lily,33.69839238512169,1.36063197188724,29.616496469459975
2026-06-17,263,Roland,27.309376590775887,1.9931672691032856,21.329874783466032
2026-06-17,263,Rémi,35.6091344466692,1.5502115502021094,30.958499796062874
2026-06-17,263,ManonV,14.72733973254726,2.413901166983566,7.485636231596562
2026-06-17,263,Lilou,19.935599721370068,1.5049703281515658,15.42068873691537
2026-06-17,263,Paul,22.37665063550162,1.6221184147858851,17.510295391143963
2026-06-17,263,Raphaël,31.263993722204305,1.7057163357305047,26.14684471501279
2026-06-17,263,Julia,21.933875917765715,3.2735913880438554,12.113101753634147
2026-06-17,263,Armelle,25.26824327474824,3.0705232060872016,16.056673656486637
2026-06-17,263,Jules,20.28232520729244,1.6315701707066521,15.387614695172484
2026-06-17,263,BenjaminC,26.887807363767884,1.8917870768253084,21.21244613329196
2026-06-17,263,LaureS,28.562075725345114,2.9506228899239098,19.710207055573385
2026-06-17,263,Sabine,19.638460645438276,5.814660354026994,2.1944795833572925
2026-06-17,263,Loïc,18.903884497477414,2.319863004466804,11.944295484077001
2026-06-17,263,JulieB,18.120348423077743,2.2927849381004046,11.241993608776529
2026-06-17,263,ThéoM,21.504644569509235,2.005247342314272,15.48890254256642
2026-06-17,263,EmmanuelP,20.779892877819254,2.639064488218912,12.862699413162519
2026-06-17,263,BenjaminZ,27.462925645115334,3.5076693403305406,16.939917624123712
2026-06-17,263,Maximilien,22.112973266797283,3.7883218629285995,10.748007678011485
2026-06-17,263,PhilippeA,25.56053894871333,4.1927001351978666,12.98243854311973
2026-06-17,263,Nicolas,10.096593677669231,3.209820133279869,0.46713327782962466
2026-06-17,264,NathV,21.44379487331326,5.849331080771878,3.8958016309976244
2026-06-17,264,Lily,33.69839238512169,1.36063197188724,29.616496469459975
2026-06-17,264,Roland,26.876066216193646,1.9620444536092356,20.98993285536594
2026-06-17,264,Rémi,35.6091344466692,1.5502115502021094,30.958499796062874
2026-06-17,264,ManonV,14.72733973254726,2.413901166983566,7.485636231596562
2026-06-17,264,Lilou,19.935599721370068,1.5049703281515658,15.42068873691537
2026-06-17,264,Paul,22.37665063550162,1.6221184147858851,17.510295391143963
2026-06-17,264,Raphaël,31.263993722204305,1.7057163357305047,26.14684471501279
2026-06-17,264,Julia,21.933875917765715,3.2735913880438554,12.113101753634147
2026-06-17,264,Armelle,25.26824327474824,3.0705232060872016,16.056673656486637
2026-06-17,264,Jules,19.991724891568555,1.6156968490041856,15.144634344556
2026-06-17,264,BenjaminC,27.278234050623627,1.8655366942550597,21.68162396785845
2026-06-17,264,LaureS,28.562075725345114,2.9506228899239098,19.710207055573385
2026-06-17,264,Sabine,19.638460645438276,5.814660354026994,2.1944795833572925
2026-06-17,264,Loïc,19.4906138434154,2.269422641146183,12.68234591997685
2026-06-17,264,JulieB,18.120348423077743,2.2927849381004046,11.241993608776529
2026-06-17,264,ThéoM,21.504644569509235,2.005247342314272,15.48890254256642
2026-06-17,264,EmmanuelP,20.779892877819254,2.639064488218912,12.862699413162519
2026-06-17,264,BenjaminZ,27.462925645115334,3.5076693403305406,16.939917624123712
2026-06-17,264,Maximilien,22.112973266797283,3.7883218629285995,10.748007678011485
2026-06-17,264,PhilippeA,25.56053894871333,4.1927001351978666,12.98243854311973
2026-06-17,264,Nicolas,10.096593677669231,3.209820133279869,0.46713327782962466
2026-06-17,265,NathV,21.44379487331326,5.849331080771878,3.8958016309976244
2026-06-17,265,Lily,33.69839238512169,1.36063197188724,29.616496469459975
2026-06-17,265,Roland,27.583925726086804,1.925747461719156,21.806683340929336
2026-06-17,265,Rémi,35.166768416212165,1.5337133318058158,30.565628420794717
2026-06-17,265,ManonV,14.72733973254726,2.413901166983566,7.485636231596562
2026-06-17,265,Lilou,19.935599721370068,1.5049703281515658,15.42068873691537
2026-06-17,265,Paul,21.892415337860868,1.6027866452066295,17.084055402240978
2026-06-17,265,Raphaël,31.263993722204305,1.7057163357305047,26.14684471501279
2026-06-17,265,Julia,21.933875917765715,3.2735913880438554,12.113101753634147
2026-06-17,265,Armelle,25.26824327474824,3.0705232060872016,16.056673656486637
2026-06-17,265,Jules,19.991724891568555,1.6156968490041856,15.144634344556
2026-06-17,265,BenjaminC,27.278234050623627,1.8655366942550597,21.68162396785845
2026-06-17,265,LaureS,28.562075725345114,2.9506228899239098,19.710207055573385
2026-06-17,265,Sabine,19.638460645438276,5.814660354026994,2.1944795833572925
2026-06-17,265,Loïc,19.4906138434154,2.269422641146183,12.68234591997685
2026-06-17,265,JulieB,18.120348423077743,2.2927849381004046,11.241993608776529
2026-06-17,265,ThéoM,22.243963707517516,1.9663287576114405,16.344977434683194
2026-06-17,265,EmmanuelP,20.779892877819254,2.639064488218912,12.862699413162519
2026-06-17,265,BenjaminZ,27.462925645115334,3.5076693403305406,16.939917624123712
2026-06-17,265,Maximilien,22.112973266797283,3.7883218629285995,10.748007678011485
2026-06-17,265,PhilippeA,25.56053894871333,4.1927001351978666,12.98243854311973
2026-06-17,265,Nicolas,10.096593677669231,3.209820133279869,0.46713327782962466
2026-06-17,266,NathV,21.44379487331326,5.849331080771878,3.8958016309976244
2026-06-17,266,Lily,33.69839238512169,1.36063197188724,29.616496469459975
2026-06-17,266,Roland,27.583925726086804,1.925747461719156,21.806683340929336
2026-06-17,266,Rémi,35.166768416212165,1.5337133318058158,30.565628420794717
2026-06-17,266,ManonV,14.72733973254726,2.413901166983566,7.485636231596562
2026-06-17,266,Lilou,19.935599721370068,1.5049703281515658,15.42068873691537
2026-06-17,266,Paul,21.93837722686509,1.5988832874555496,17.14172736449844
2026-06-17,266,Raphaël,31.263993722204305,1.7057163357305047,26.14684471501279
2026-06-17,266,Julia,21.933875917765715,3.2735913880438554,12.113101753634147
2026-06-17,266,Armelle,25.26824327474824,3.0705232060872016,16.056673656486637
2026-06-17,266,Jules,19.945021592629367,1.6116286044147392,15.11013577938515
2026-06-17,266,BenjaminC,27.278234050623627,1.8655366942550597,21.68162396785845
2026-06-17,266,LaureS,28.562075725345114,2.9506228899239098,19.710207055573385
2026-06-17,266,Sabine,19.638460645438276,5.814660354026994,2.1944795833572925
2026-06-17,266,Loïc,19.4906138434154,2.269422641146183,12.68234591997685
2026-06-17,266,JulieB,18.120348423077743,2.2927849381004046,11.241993608776529
2026-06-17,266,ThéoM,22.313077640250736,1.956893454673477,16.442397276230302
2026-06-17,266,EmmanuelP,20.779892877819254,2.639064488218912,12.862699413162519
2026-06-17,266,BenjaminZ,27.462925645115334,3.5076693403305406,16.939917624123712
2026-06-17,266,Maximilien,22.112973266797283,3.7883218629285995,10.748007678011485
2026-06-17,266,PhilippeA,25.56053894871333,4.1927001351978666,12.98243854311973
2026-06-17,266,Nicolas,9.912631713672088,3.162030223973199,0.42654104175248975
2026-06-17,267,NathV,21.44379487331326,5.849331080771878,3.8958016309976244
2026-06-17,267,Lily,33.69839238512169,1.36063197188724,29.616496469459975
2026-06-17,267,Roland,27.40426044297578,1.9080429543168624,21.68013158002519
2026-06-17,267,Rémi,35.166768416212165,1.5337133318058158,30.565628420794717
2026-06-17,267,ManonV,14.72733973254726,2.413901166983566,7.485636231596562
2026-06-17,267,Lilou,19.935599721370068,1.5049703281515658,15.42068873691537
2026-06-17,267,Paul,22.062332407355946,1.5898925953728782,17.29265462123731
2026-06-17,267,Raphaël,31.263993722204305,1.7057163357305047,26.14684471501279
2026-06-17,267,Julia,21.933875917765715,3.2735913880438554,12.113101753634147
2026-06-17,267,Armelle,25.26824327474824,3.0705232060872016,16.056673656486637
2026-06-17,267,Jules,19.945021592629367,1.6116286044147392,15.11013577938515
2026-06-17,267,BenjaminC,27.278234050623627,1.8655366942550597,21.68162396785845
2026-06-17,267,LaureS,28.562075725345114,2.9506228899239098,19.710207055573385
2026-06-17,267,Sabine,19.638460645438276,5.814660354026994,2.1944795833572925
2026-06-17,267,Loïc,19.4906138434154,2.269422641146183,12.68234591997685
2026-06-17,267,JulieB,18.120348423077743,2.2927849381004046,11.241993608776529
2026-06-17,267,ThéoM,22.4985905874622,1.938196831988352,16.684000091497143
2026-06-17,267,EmmanuelP,20.779892877819254,2.639064488218912,12.862699413162519
2026-06-17,267,BenjaminZ,27.462925645115334,3.5076693403305406,16.939917624123712
2026-06-17,267,Maximilien,22.112973266797283,3.7883218629285995,10.748007678011485
2026-06-17,267,PhilippeA,25.56053894871333,4.1927001351978666,12.98243854311973
2026-06-17,267,Nicolas,9.42880863622506,3.0761668491497547,0.2003080887757953
2026-06-17,268,NathV,21.44379487331326,5.849331080771878,3.8958016309976244
2026-06-17,268,Lily,33.69839238512169,1.36063197188724,29.616496469459975
2026-06-17,268,Roland,27.45583442160161,1.9011850345475734,21.75227931795889
2026-06-17,268,Rémi,35.166768416212165,1.5337133318058158,30.565628420794717
2026-06-17,268,ManonV,14.72733973254726,2.413901166983566,7.485636231596562
2026-06-17,268,Lilou,19.935599721370068,1.5049703281515658,15.42068873691537
2026-06-17,268,Paul,22.062332407355946,1.5898925953728782,17.29265462123731
2026-06-17,268,Raphaël,31.263993722204305,1.7057163357305047,26.14684471501279
2026-06-17,268,Julia,21.933875917765715,3.2735913880438554,12.113101753634147
2026-06-17,268,Armelle,25.26824327474824,3.0705232060872016,16.056673656486637
2026-06-17,268,Jules,19.98184434639126,1.6085503832088317,15.156193196764765
2026-06-17,268,BenjaminC,27.278234050623627,1.8655366942550597,21.68162396785845
2026-06-17,268,LaureS,28.562075725345114,2.9506228899239098,19.710207055573385
2026-06-17,268,Sabine,19.638460645438276,5.814660354026994,2.1944795833572925
2026-06-17,268,Loïc,19.4906138434154,2.269422641146183,12.68234591997685
2026-06-17,268,JulieB,18.120348423077743,2.2927849381004046,11.241993608776529
2026-06-17,268,ThéoM,22.44537675083038,1.9308928721781065,16.65269813429606
2026-06-17,268,EmmanuelP,20.779892877819254,2.639064488218912,12.862699413162519
2026-06-17,268,BenjaminZ,27.462925645115334,3.5076693403305406,16.939917624123712
2026-06-17,268,Maximilien,22.112973266797283,3.7883218629285995,10.748007678011485
2026-06-17,268,PhilippeA,25.56053894871333,4.1927001351978666,12.98243854311973
2026-06-17,268,Nicolas,9.294913410175385,3.0408658576730234,0.17231583715631338
2026-06-17,269,NathV,21.44379487331326,5.849331080771878,3.8958016309976244
2026-06-17,269,Lily,33.69839238512169,1.36063197188724,29.616496469459975
2026-06-17,269,Roland,27.956343007068245,1.873076353828691,22.33711394558217
2026-06-17,269,Rémi,35.166768416212165,1.5337133318058158,30.565628420794717
2026-06-17,269,ManonV,14.72733973254726,2.413901166983566,7.485636231596562
2026-06-17,269,Lilou,19.935599721370068,1.5049703281515658,15.42068873691537
2026-06-17,269,Paul,22.062332407355946,1.5898925953728782,17.29265462123731
2026-06-17,269,Raphaël,31.263993722204305,1.7057163357305047,26.14684471501279
2026-06-17,269,Julia,21.933875917765715,3.2735913880438554,12.113101753634147
2026-06-17,269,Armelle,25.26824327474824,3.0705232060872016,16.056673656486637
2026-06-17,269,Jules,19.62328376459516,1.5925977838933423,14.845490412915135
2026-06-17,269,BenjaminC,27.278234050623627,1.8655366942550597,21.68162396785845
2026-06-17,269,LaureS,28.562075725345114,2.9506228899239098,19.710207055573385
2026-06-17,269,Sabine,19.638460645438276,5.814660354026994,2.1944795833572925
2026-06-17,269,Loïc,19.4906138434154,2.269422641146183,12.68234591997685
2026-06-17,269,JulieB,18.120348423077743,2.2927849381004046,11.241993608776529
2026-06-17,269,ThéoM,21.929134332524548,1.901325714973818,16.225157187603095
2026-06-17,269,EmmanuelP,20.779892877819254,2.639064488218912,12.862699413162519
2026-06-17,269,BenjaminZ,27.462925645115334,3.5076693403305406,16.939917624123712
2026-06-17,269,Maximilien,22.112973266797283,3.7883218629285995,10.748007678011485
2026-06-17,269,PhilippeA,25.56053894871333,4.1927001351978666,12.98243854311973
2026-06-17,269,Nicolas,10.573852084451541,2.9181775896701483,1.8193193154410956
2026-06-17,270,NathV,21.44379487331326,5.849331080771878,3.8958016309976244
2026-06-17,270,Lily,33.69839238512169,1.36063197188724,29.616496469459975
2026-06-17,270,Roland,27.977468410149626,1.8705931300897578,22.365689019880353
2026-06-17,270,Rémi,35.166768416212165,1.5337133318058158,30.565628420794717
2026-06-17,270,ManonV,14.72733973254726,2.413901166983566,7.485636231596562
2026-06-17,270,Lilou,19.935599721370068,1.5049703281515658,15.42068873691537
2026-06-17,270,Paul,22.062332407355946,1.5898925953728782,17.29265462123731
2026-06-17,270,Raphaël,31.263993722204305,1.7057163357305047,26.14684471501279
2026-06-17,270,Julia,21.933875917765715,3.2735913880438554,12.113101753634147
2026-06-17,270,Armelle,25.26824327474824,3.0705232060872016,16.056673656486637
2026-06-17,270,Jules,19.607999838535218,1.5921090391493904,14.831672721087045
2026-06-17,270,BenjaminC,27.278234050623627,1.8655366942550597,21.68162396785845
2026-06-17,270,LaureS,28.562075725345114,2.9506228899239098,19.710207055573385
2026-06-17,270,Sabine,19.638460645438276,5.814660354026994,2.1944795833572925
2026-06-17,270,Loïc,19.4906138434154,2.269422641146183,12.68234591997685
2026-06-17,270,JulieB,18.120348423077743,2.2927849381004046,11.241993608776529
2026-06-17,270,ThéoM,21.950900490681615,1.8986160653118471,16.255052294746072
2026-06-17,270,EmmanuelP,20.779892877819254,2.639064488218912,12.862699413162519
2026-06-17,270,BenjaminZ,27.462925645115334,3.5076693403305406,16.939917624123712
2026-06-17,270,Maximilien,22.112973266797283,3.7883218629285995,10.748007678011485
2026-06-17,270,PhilippeA,25.56053894871333,4.1927001351978666,12.98243854311973
2026-06-17,270,Nicolas,10.522635252267321,2.9029716673627095,1.813720250179193
2026-06-18,271,NathV,21.44379487331326,5.849331080771878,3.8958016309976244
2026-06-18,271,Lily,33.69839238512169,1.36063197188724,29.616496469459975
2026-06-18,271,Roland,27.8760864630235,1.8590209757399803,22.29902353580356
2026-06-18,271,Rémi,35.166768416212165,1.5337133318058158,30.565628420794717
2026-06-18,271,ManonV,14.72733973254726,2.413901166983566,7.485636231596562
2026-06-18,271,Lilou,19.935599721370068,1.5049703281515658,15.42068873691537
2026-06-18,271,Paul,22.13562632956848,1.5838294636047117,17.384137938754346
2026-06-18,271,Raphaël,31.263993722204305,1.7057163357305047,26.14684471501279
2026-06-18,271,Julia,21.933875917765715,3.2735913880438554,12.113101753634147
2026-06-18,271,Armelle,25.26824327474824,3.0705232060872016,16.056673656486637
2026-06-18,271,Jules,19.607999838535218,1.5921090391493904,14.831672721087045
2026-06-18,271,BenjaminC,27.3790697277393,1.8540782018499824,21.816835122189353
2026-06-18,271,LaureS,28.562075725345114,2.9506228899239098,19.710207055573385
2026-06-18,271,Sabine,19.638460645438276,5.814660354026994,2.1944795833572925
2026-06-18,271,Loïc,19.4906138434154,2.269422641146183,12.68234591997685
2026-06-18,271,JulieB,18.120348423077743,2.2927849381004046,11.241993608776529
2026-06-18,271,ThéoM,21.950900490681615,1.8986160653118471,16.255052294746072
2026-06-18,271,EmmanuelP,20.779892877819254,2.639064488218912,12.862699413162519
2026-06-18,271,BenjaminZ,27.462925645115334,3.5076693403305406,16.939917624123712
2026-06-18,271,Maximilien,22.112973266797283,3.7883218629285995,10.748007678011485
2026-06-18,271,PhilippeA,25.56053894871333,4.1927001351978666,12.98243854311973
2026-06-18,271,Nicolas,10.278750737726849,2.853811597237644,1.7173159460139171
2026-06-18,272,NathV,21.44379487331326,5.849331080771878,3.8958016309976244
2026-06-18,272,Lily,33.69839238512169,1.36063197188724,29.616496469459975
2026-06-18,272,Roland,27.8760864630235,1.8590209757399803,22.29902353580356
2026-06-18,272,Rémi,35.166768416212165,1.5337133318058158,30.565628420794717
2026-06-18,272,ManonV,15.35430051493139,2.3615257462080397,8.269723276307271
2026-06-18,272,Lilou,19.935599721370068,1.5049703281515658,15.42068873691537
2026-06-18,272,Paul,22.13562632956848,1.5838294636047117,17.384137938754346
2026-06-18,272,Raphaël,31.263993722204305,1.7057163357305047,26.14684471501279
2026-06-18,272,Julia,23.086305525958984,3.1392389892278767,13.668588558275355
2026-06-18,272,Armelle,25.26824327474824,3.0705232060872016,16.056673656486637
2026-06-18,272,Jules,19.334839323107992,1.5789107446389823,14.598107089191046
2026-06-18,272,BenjaminC,27.3790697277393,1.8540782018499824,21.816835122189353
2026-06-18,272,LaureS,28.562075725345114,2.9506228899239098,19.710207055573385
2026-06-18,272,Sabine,19.638460645438276,5.814660354026994,2.1944795833572925
2026-06-18,272,Loïc,18.936371009182704,2.2262830097805044,12.25752197984119
2026-06-18,272,JulieB,18.120348423077743,2.2927849381004046,11.241993608776529
2026-06-18,272,ThéoM,21.950900490681615,1.8986160653118471,16.255052294746072
2026-06-18,272,EmmanuelP,20.779892877819254,2.639064488218912,12.862699413162519
2026-06-18,272,BenjaminZ,27.462925645115334,3.5076693403305406,16.939917624123712
2026-06-18,272,Maximilien,22.112973266797283,3.7883218629285995,10.748007678011485
2026-06-18,272,PhilippeA,25.56053894871333,4.1927001351978666,12.98243854311973
2026-06-18,272,Nicolas,10.278750737726849,2.853811597237644,1.7173159460139171
2026-06-18,273,NathV,21.44379487331326,5.849331080771878,3.8958016309976244
2026-06-18,273,Lily,33.69839238512169,1.36063197188724,29.616496469459975
2026-06-18,273,Roland,27.8760864630235,1.8590209757399803,22.29902353580356
2026-06-18,273,Rémi,35.166768416212165,1.5337133318058158,30.565628420794717
2026-06-18,273,ManonV,15.35430051493139,2.3615257462080397,8.269723276307271
2026-06-18,273,Lilou,19.935599721370068,1.5049703281515658,15.42068873691537
2026-06-18,273,Paul,22.099600995977756,1.581355688595442,17.35553393019143
2026-06-18,273,Raphaël,31.263993722204305,1.7057163357305047,26.14684471501279
2026-06-18,273,Julia,23.086305525958984,3.1392389892278767,13.668588558275355
2026-06-18,273,Armelle,25.26824327474824,3.0705232060872016,16.056673656486637
2026-06-18,273,Jules,19.334839323107992,1.5789107446389823,14.598107089191046
2026-06-18,273,BenjaminC,27.3790697277393,1.8540782018499824,21.816835122189353
2026-06-18,273,LaureS,28.562075725345114,2.9506228899239098,19.710207055573385
2026-06-18,273,Sabine,19.638460645438276,5.814660354026994,2.1944795833572925
2026-06-18,273,Loïc,18.936371009182704,2.2262830097805044,12.25752197984119
2026-06-18,273,JulieB,18.120348423077743,2.2927849381004046,11.241993608776529
2026-06-18,273,ThéoM,21.950900490681615,1.8986160653118471,16.255052294746072
2026-06-18,273,EmmanuelP,20.87973720205671,2.61880130159744,13.02333329726439
2026-06-18,273,BenjaminZ,27.639234005183525,3.4578637885520833,17.265642639527275
2026-06-18,273,Maximilien,22.112973266797283,3.7883218629285995,10.748007678011485
2026-06-18,273,PhilippeA,25.56053894871333,4.1927001351978666,12.98243854311973
2026-06-18,273,Nicolas,10.162012989343125,2.827728362477234,1.6788279019114238
2026-06-18,274,NathV,21.44379487331326,5.849331080771878,3.8958016309976244
2026-06-18,274,Lily,33.69839238512169,1.36063197188724,29.616496469459975
2026-06-18,274,Roland,27.183352870676845,1.8283912601296157,21.698179090287997
2026-06-18,274,Rémi,35.166768416212165,1.5337133318058158,30.565628420794717
2026-06-18,274,ManonV,15.35430051493139,2.3615257462080397,8.269723276307271
2026-06-18,274,Lilou,19.935599721370068,1.5049703281515658,15.42068873691537
2026-06-18,274,Paul,22.099600995977756,1.581355688595442,17.35553393019143
2026-06-18,274,Raphaël,31.263993722204305,1.7057163357305047,26.14684471501279
2026-06-18,274,Julia,23.086305525958984,3.1392389892278767,13.668588558275355
2026-06-18,274,Armelle,25.26824327474824,3.0705232060872016,16.056673656486637
2026-06-18,274,Jules,19.834930424091503,1.561224866957922,15.151255823217737
2026-06-18,274,BenjaminC,27.3790697277393,1.8540782018499824,21.816835122189353
2026-06-18,274,LaureS,28.562075725345114,2.9506228899239098,19.710207055573385
2026-06-18,274,Sabine,19.638460645438276,5.814660354026994,2.1944795833572925
2026-06-18,274,Loïc,19.9292462615242,2.171864825363845,13.413651785432663
2026-06-18,274,JulieB,18.120348423077743,2.2927849381004046,11.241993608776529
2026-06-18,274,ThéoM,21.228403533678517,1.8658175662282146,15.630950834993872
2026-06-18,274,EmmanuelP,20.87973720205671,2.61880130159744,13.02333329726439
2026-06-18,274,BenjaminZ,27.639234005183525,3.4578637885520833,17.265642639527275
2026-06-18,274,Maximilien,22.112973266797283,3.7883218629285995,10.748007678011485
2026-06-18,274,PhilippeA,25.56053894871333,4.1927001351978666,12.98243854311973
2026-06-18,274,Nicolas,10.162012989343125,2.827728362477234,1.6788279019114238
2026-06-18,275,NathV,21.44379487331326,5.849331080771878,3.8958016309976244
2026-06-18,275,Lily,33.69839238512169,1.36063197188724,29.616496469459975
2026-06-18,275,Roland,27.183352870676845,1.8283912601296157,21.698179090287997
2026-06-18,275,Rémi,35.166768416212165,1.5337133318058158,30.565628420794717
2026-06-18,275,ManonV,15.07974588737866,2.3279794727607177,8.095807469096506
2026-06-18,275,Lilou,19.935599721370068,1.5049703281515658,15.42068873691537
2026-06-18,275,Paul,21.97630004197676,1.5730547905465535,17.2571356703371
2026-06-18,275,Raphaël,31.263993722204305,1.7057163357305047,26.14684471501279
2026-06-18,275,Julia,23.5712115987795,3.0576771249581753,14.398180223904973
2026-06-18,275,Armelle,25.26824327474824,3.0705232060872016,16.056673656486637
2026-06-18,275,Jules,19.834930424091503,1.561224866957922,15.151255823217737
2026-06-18,275,BenjaminC,27.3790697277393,1.8540782018499824,21.816835122189353
2026-06-18,275,LaureS,28.562075725345114,2.9506228899239098,19.710207055573385
2026-06-18,275,Sabine,19.638460645438276,5.814660354026994,2.1944795833572925
2026-06-18,275,Loïc,19.9292462615242,2.171864825363845,13.413651785432663
2026-06-18,275,JulieB,18.120348423077743,2.2927849381004046,11.241993608776529
2026-06-18,275,ThéoM,21.228403533678517,1.8658175662282146,15.630950834993872
2026-06-18,275,EmmanuelP,21.21729455294461,2.572308121509601,13.500370188415808
2026-06-18,275,BenjaminZ,27.639234005183525,3.4578637885520833,17.265642639527275
2026-06-18,275,Maximilien,22.112973266797283,3.7883218629285995,10.748007678011485
2026-06-18,275,PhilippeA,25.56053894871333,4.1927001351978666,12.98243854311973
2026-06-18,275,Nicolas,10.162012989343125,2.827728362477234,1.6788279019114238
2026-06-18,276,NathV,21.44379487331326,5.849331080771878,3.8958016309976244
2026-06-18,276,Lily,33.69839238512169,1.36063197188724,29.616496469459975
2026-06-18,276,Roland,27.183352870676845,1.8283912601296157,21.698179090287997
2026-06-18,276,Rémi,35.166768416212165,1.5337133318058158,30.565628420794717
2026-06-18,276,ManonV,15.07974588737866,2.3279794727607177,8.095807469096506
2026-06-18,276,Lilou,19.935599721370068,1.5049703281515658,15.42068873691537
2026-06-18,276,Paul,21.97630004197676,1.5730547905465535,17.2571356703371
2026-06-18,276,Raphaël,31.263993722204305,1.7057163357305047,26.14684471501279
2026-06-18,276,Julia,23.5712115987795,3.0576771249581753,14.398180223904973
2026-06-18,276,Armelle,25.26824327474824,3.0705232060872016,16.056673656486637
2026-06-18,276,Jules,19.834930424091503,1.561224866957922,15.151255823217737
2026-06-18,276,BenjaminC,27.3790697277393,1.8540782018499824,21.816835122189353
2026-06-18,276,LaureS,28.562075725345114,2.9506228899239098,19.710207055573385
2026-06-18,276,Sabine,19.638460645438276,5.814660354026994,2.1944795833572925
2026-06-18,276,Loïc,20.159482074544837,2.145647294262746,13.722540191756599
2026-06-18,276,JulieB,18.376896264466097,2.261556877416903,11.592225632215388
2026-06-18,276,ThéoM,21.058394416559022,1.8500576800697863,15.508221376349663
2026-06-18,276,EmmanuelP,21.21729455294461,2.572308121509601,13.500370188415808
2026-06-18,276,BenjaminZ,27.639234005183525,3.4578637885520833,17.265642639527275
2026-06-18,276,Maximilien,22.112973266797283,3.7883218629285995,10.748007678011485
2026-06-18,276,PhilippeA,25.56053894871333,4.1927001351978666,12.98243854311973
2026-06-18,276,Nicolas,9.771962542457523,2.7673421006507497,1.4699362405052732
2026-06-18,277,NathV,21.44379487331326,5.849331080771878,3.8958016309976244
2026-06-18,277,Lily,33.69839238512169,1.36063197188724,29.616496469459975
2026-06-18,277,Roland,27.183352870676845,1.8283912601296157,21.698179090287997
2026-06-18,277,Rémi,35.166768416212165,1.5337133318058158,30.565628420794717
2026-06-18,277,ManonV,15.07974588737866,2.3279794727607177,8.095807469096506
2026-06-18,277,Lilou,19.935599721370068,1.5049703281515658,15.42068873691537
2026-06-18,277,Paul,21.97630004197676,1.5730547905465535,17.2571356703371
2026-06-18,277,Raphaël,31.263993722204305,1.7057163357305047,26.14684471501279
2026-06-18,277,Julia,23.5712115987795,3.0576771249581753,14.398180223904973
2026-06-18,277,Armelle,25.26824327474824,3.0705232060872016,16.056673656486637
2026-06-18,277,Jules,19.834930424091503,1.561224866957922,15.151255823217737
2026-06-18,277,BenjaminC,27.3790697277393,1.8540782018499824,21.816835122189353
2026-06-18,277,LaureS,28.562075725345114,2.9506228899239098,19.710207055573385
2026-06-18,277,Sabine,19.638460645438276,5.814660354026994,2.1944795833572925
2026-06-18,277,Loïc,20.359194214908374,2.12201266728465,13.993156213054425
2026-06-18,277,JulieB,18.598735057121676,2.233509054205428,11.898207894505392
2026-06-18,277,ThéoM,20.90984053819318,1.835757981948328,15.402566592348196
2026-06-18,277,EmmanuelP,21.21729455294461,2.572308121509601,13.500370188415808
2026-06-18,277,BenjaminZ,27.639234005183525,3.4578637885520833,17.265642639527275
2026-06-18,277,Maximilien,22.112973266797283,3.7883218629285995,10.748007678011485
2026-06-18,277,PhilippeA,25.56053894871333,4.1927001351978666,12.98243854311973
2026-06-18,277,Nicolas,9.439951493105436,2.714253383065089,1.2971913439101694
2026-06-18,278,NathV,21.44379487331326,5.849331080771878,3.8958016309976244
2026-06-18,278,Lily,33.69839238512169,1.36063197188724,29.616496469459975
2026-06-18,278,Roland,27.4999362590923,1.8083133774060651,22.074996126874105
2026-06-18,278,Rémi,35.166768416212165,1.5337133318058158,30.565628420794717
2026-06-18,278,ManonV,15.07974588737866,2.3279794727607177,8.095807469096506
2026-06-18,278,Lilou,19.935599721370068,1.5049703281515658,15.42068873691537
2026-06-18,278,Paul,21.97630004197676,1.5730547905465535,17.2571356703371
2026-06-18,278,Raphaël,31.263993722204305,1.7057163357305047,26.14684471501279
2026-06-18,278,Julia,23.5712115987795,3.0576771249581753,14.398180223904973
2026-06-18,278,Armelle,25.26824327474824,3.0705232060872016,16.056673656486637
2026-06-18,278,Jules,19.834930424091503,1.561224866957922,15.151255823217737
2026-06-18,278,BenjaminC,27.3790697277393,1.8540782018499824,21.816835122189353
2026-06-18,278,LaureS,28.562075725345114,2.9506228899239098,19.710207055573385
2026-06-18,278,Sabine,19.638460645438276,5.814660354026994,2.1944795833572925
2026-06-18,278,Loïc,20.359194214908374,2.12201266728465,13.993156213054425
2026-06-18,278,JulieB,18.598735057121676,2.233509054205428,11.898207894505392
2026-06-18,278,ThéoM,21.22897484197681,1.815405255291129,15.782759076103424
2026-06-18,278,EmmanuelP,20.59132938709348,2.512190458078934,13.054758012856679
2026-06-18,278,BenjaminZ,26.508614298334876,3.3081580131294532,16.58414025894652
2026-06-18,278,Maximilien,22.112973266797283,3.7883218629285995,10.748007678011485
2026-06-18,278,PhilippeA,25.56053894871333,4.1927001351978666,12.98243854311973
2026-06-18,278,Nicolas,9.439951493105436,2.714253383065089,1.2971913439101694
2026-06-18,279,NathV,21.44379487331326,5.849331080771878,3.8958016309976244
2026-06-18,279,Lily,33.69839238512169,1.36063197188724,29.616496469459975
2026-06-18,279,Roland,27.20179392767993,1.796540719037115,21.812171770568582
2026-06-18,279,Rémi,35.166768416212165,1.5337133318058158,30.565628420794717
2026-06-18,279,ManonV,15.07974588737866,2.3279794727607177,8.095807469096506
2026-06-18,279,Lilou,19.935599721370068,1.5049703281515658,15.42068873691537
2026-06-18,279,Paul,21.97630004197676,1.5730547905465535,17.2571356703371
2026-06-18,279,Raphaël,31.263993722204305,1.7057163357305047,26.14684471501279
2026-06-18,279,Julia,23.5712115987795,3.0576771249581753,14.398180223904973
2026-06-18,279,Armelle,25.26824327474824,3.0705232060872016,16.056673656486637
2026-06-18,279,Jules,19.834930424091503,1.561224866957922,15.151255823217737
2026-06-18,279,BenjaminC,27.3790697277393,1.8540782018499824,21.816835122189353
2026-06-18,279,LaureS,28.562075725345114,2.9506228899239098,19.710207055573385
2026-06-18,279,Sabine,19.638460645438276,5.814660354026994,2.1944795833572925
2026-06-18,279,Loïc,20.359194214908374,2.12201266728465,13.993156213054425
2026-06-18,279,JulieB,18.598735057121676,2.233509054205428,11.898207894505392
2026-06-18,279,ThéoM,21.22897484197681,1.815405255291129,15.782759076103424
2026-06-18,279,EmmanuelP,21.16615705627088,2.4767868577094077,13.735796483142657
2026-06-18,279,BenjaminZ,27.50494361744383,3.224804517318341,17.830530065488805
2026-06-18,279,Maximilien,22.112973266797283,3.7883218629285995,10.748007678011485
2026-06-18,279,PhilippeA,25.56053894871333,4.1927001351978666,12.98243854311973
2026-06-18,279,Nicolas,9.439951493105436,2.714253383065089,1.2971913439101694
2026-06-18,280,NathV,21.44379487331326,5.849331080771878,3.8958016309976244
2026-06-18,280,Lily,33.69839238512169,1.36063197188724,29.616496469459975
2026-06-18,280,Roland,27.20179392767993,1.796540719037115,21.812171770568582
2026-06-18,280,Rémi,35.166768416212165,1.5337133318058158,30.565628420794717
2026-06-18,280,ManonV,15.07974588737866,2.3279794727607177,8.095807469096506
2026-06-18,280,Lilou,19.935599721370068,1.5049703281515658,15.42068873691537
2026-06-18,280,Paul,21.97630004197676,1.5730547905465535,17.2571356703371
2026-06-18,280,Raphaël,31.263993722204305,1.7057163357305047,26.14684471501279
2026-06-18,280,Julia,23.5712115987795,3.0576771249581753,14.398180223904973
2026-06-18,280,Armelle,25.26824327474824,3.0705232060872016,16.056673656486637
2026-06-18,280,Jules,19.834930424091503,1.561224866957922,15.151255823217737
2026-06-18,280,BenjaminC,27.3790697277393,1.8540782018499824,21.816835122189353
2026-06-18,280,LaureS,28.562075725345114,2.9506228899239098,19.710207055573385
2026-06-18,280,Sabine,19.638460645438276,5.814660354026994,2.1944795833572925
2026-06-18,280,Loïc,19.637933648239333,2.0805051215913615,13.396418283465248
2026-06-18,280,JulieB,17.799809021601714,2.184710777722084,11.245676688435463
2026-06-18,280,ThéoM,21.75716258263101,1.7903546372125936,16.38609867099323
2026-06-18,280,EmmanuelP,21.16615705627088,2.4767868577094077,13.735796483142657
2026-06-18,280,BenjaminZ,27.50494361744383,3.224804517318341,17.830530065488805
2026-06-18,280,Maximilien,22.112973266797283,3.7883218629285995,10.748007678011485
2026-06-18,280,PhilippeA,25.56053894871333,4.1927001351978666,12.98243854311973
2026-06-18,280,Nicolas,10.61928584181386,2.6247255673653953,2.7451091397176732
2026-06-22,281,NathV,21.44379487331326,5.849331080771878,3.8958016309976244
2026-06-22,281,Lily,33.69839238512169,1.36063197188724,29.616496469459975
2026-06-22,281,Roland,27.225886138260655,1.7938677025870504,21.844283030499504
2026-06-22,281,Rémi,35.166768416212165,1.5337133318058158,30.565628420794717
2026-06-22,281,ManonV,15.07974588737866,2.3279794727607177,8.095807469096506
2026-06-22,281,Lilou,19.935599721370068,1.5049703281515658,15.42068873691537
2026-06-22,281,Paul,21.97630004197676,1.5730547905465535,17.2571356703371
2026-06-22,281,Raphaël,31.263993722204305,1.7057163357305047,26.14684471501279
2026-06-22,281,Julia,23.5712115987795,3.0576771249581753,14.398180223904973
2026-06-22,281,Armelle,25.26824327474824,3.0705232060872016,16.056673656486637
2026-06-22,281,Jules,19.81672354122007,1.5604231669281434,15.13545404043564
2026-06-22,281,BenjaminC,27.3790697277393,1.8540782018499824,21.816835122189353
2026-06-22,281,LaureS,28.562075725345114,2.9506228899239098,19.710207055573385
2026-06-22,281,Sabine,19.638460645438276,5.814660354026994,2.1944795833572925
2026-06-22,281,Loïc,19.637933648239333,2.0805051215913615,13.396418283465248
2026-06-22,281,JulieB,17.799809021601714,2.184710777722084,11.245676688435463
2026-06-22,281,ThéoM,21.7810895196223,1.7877356294529412,16.417882631263474
2026-06-22,281,EmmanuelP,21.16615705627088,2.4767868577094077,13.735796483142657
2026-06-22,281,BenjaminZ,27.50494361744383,3.224804517318341,17.830530065488805
2026-06-22,281,Maximilien,22.112973266797283,3.7883218629285995,10.748007678011485
2026-06-22,281,PhilippeA,25.56053894871333,4.1927001351978666,12.98243854311973
2026-06-22,281,Nicolas,10.567919994875611,2.6116922091011583,2.732843367572136
2026-06-22,282,NathV,21.44379487331326,5.849331080771878,3.8958016309976244
2026-06-22,282,Lily,33.69839238512169,1.36063197188724,29.616496469459975
2026-06-22,282,Roland,26.954608215965667,1.7740037712063708,21.632596902346556
2026-06-22,282,Rémi,35.166768416212165,1.5337133318058158,30.565628420794717
2026-06-22,282,ManonV,14.623276292477208,2.281689456461251,7.778207923093454
2026-06-22,282,Lilou,19.935599721370068,1.5049703281515658,15.42068873691537
2026-06-22,282,Paul,22.185038377946444,1.5605681018905546,17.503334072274782
2026-06-22,282,Raphaël,31.263993722204305,1.7057163357305047,26.14684471501279
2026-06-22,282,Julia,23.5712115987795,3.0576771249581753,14.398180223904973
2026-06-22,282,Armelle,25.26824327474824,3.0705232060872016,16.056673656486637
2026-06-22,282,Jules,19.81672354122007,1.5604231669281434,15.13545404043564
2026-06-22,282,BenjaminC,27.3790697277393,1.8540782018499824,21.816835122189353
2026-06-22,282,LaureS,28.562075725345114,2.9506228899239098,19.710207055573385
2026-06-22,282,Sabine,19.638460645438276,5.814660354026994,2.1944795833572925
2026-06-22,282,Loïc,19.637933648239333,2.0805051215913615,13.396418283465248
2026-06-22,282,JulieB,17.799809021601714,2.184710777722084,11.245676688435463
2026-06-22,282,ThéoM,22.050519951343293,1.7681015319575715,16.74621535547058
2026-06-22,282,EmmanuelP,21.16615705627088,2.4767868577094077,13.735796483142657
2026-06-22,282,BenjaminZ,27.50494361744383,3.224804517318341,17.830530065488805
2026-06-22,282,Maximilien,22.112973266797283,3.7883218629285995,10.748007678011485
2026-06-22,282,PhilippeA,25.56053894871333,4.1927001351978666,12.98243854311973
2026-06-22,282,Nicolas,10.567919994875611,2.6116922091011583,2.732843367572136
2026-06-22,283,NathV,21.44379487331326,5.849331080771878,3.8958016309976244
2026-06-22,283,Lily,33.69839238512169,1.36063197188724,29.616496469459975
2026-06-22,283,Roland,26.954608215965667,1.7740037712063708,21.632596902346556
2026-06-22,283,Rémi,35.166768416212165,1.5337133318058158,30.565628420794717
2026-06-22,283,ManonV,14.623276292477208,2.281689456461251,7.778207923093454
2026-06-22,283,Lilou,19.935599721370068,1.5049703281515658,15.42068873691537
2026-06-22,283,Paul,22.151450686097732,1.558166198545486,17.476952090461275
2026-06-22,283,Raphaël,31.263993722204305,1.7057163357305047,26.14684471501279
2026-06-22,283,Julia,23.5712115987795,3.0576771249581753,14.398180223904973
2026-06-22,283,Armelle,25.26824327474824,3.0705232060872016,16.056673656486637
2026-06-22,283,Jules,19.850305012303718,1.558022755986644,15.176236744343786
2026-06-22,283,BenjaminC,27.3790697277393,1.8540782018499824,21.816835122189353
2026-06-22,283,LaureS,28.681901921659247,2.9205126273120574,19.920364039723076
2026-06-22,283,Sabine,19.638460645438276,5.814660354026994,2.1944795833572925
2026-06-22,283,Loïc,19.637933648239333,2.0805051215913615,13.396418283465248
2026-06-22,283,JulieB,17.799809021601714,2.184710777722084,11.245676688435463
2026-06-22,283,ThéoM,22.050519951343293,1.7681015319575715,16.74621535547058
2026-06-22,283,EmmanuelP,21.16615705627088,2.4767868577094077,13.735796483142657
2026-06-22,283,BenjaminZ,27.50494361744383,3.224804517318341,17.830530065488805
2026-06-22,283,Maximilien,22.112973266797283,3.7883218629285995,10.748007678011485
2026-06-22,283,PhilippeA,25.56053894871333,4.1927001351978666,12.98243854311973
2026-06-22,283,Nicolas,10.474020338161536,2.5913429685676337,2.699991432458635
2026-06-23,284,NathV,21.44379487331326,5.849331080771878,3.8958016309976244
2026-06-23,284,Lily,33.69839238512169,1.36063197188724,29.616496469459975
2026-06-23,284,Roland,26.954608215965667,1.7740037712063708,21.632596902346556
2026-06-23,284,Rémi,35.17656492338073,1.5341413991600403,30.57414072590061
2026-06-23,284,ManonV,14.623276292477208,2.281689456461251,7.778207923093454
2026-06-23,284,Lilou,19.935599721370068,1.5049703281515658,15.42068873691537
2026-06-23,284,Paul,22.151450686097732,1.558166198545486,17.476952090461275
2026-06-23,284,Raphaël,31.263993722204305,1.7057163357305047,26.14684471501279
2026-06-23,284,Julia,23.5712115987795,3.0576771249581753,14.398180223904973
2026-06-23,284,Armelle,25.26824327474824,3.0705232060872016,16.056673656486637
2026-06-23,284,Jules,19.850305012303718,1.558022755986644,15.176236744343786
2026-06-23,284,BenjaminC,27.393372992462048,1.8527132412369978,21.835233268751054
2026-06-23,284,LaureS,28.681901921659247,2.9205126273120574,19.920364039723076
2026-06-23,284,Sabine,19.638460645438276,5.814660354026994,2.1944795833572925
2026-06-23,284,Loïc,19.619930999332766,2.0776018602624107,13.387125418545534
2026-06-23,284,JulieB,17.799809021601714,2.184710777722084,11.245676688435463
2026-06-23,284,ThéoM,22.037509849549128,1.7672565928874684,16.735740070886724
2026-06-23,284,EmmanuelP,21.16615705627088,2.4767868577094077,13.735796483142657
2026-06-23,284,BenjaminZ,27.50494361744383,3.224804517318341,17.830530065488805
2026-06-23,284,Maximilien,22.112973266797283,3.7883218629285995,10.748007678011485
2026-06-23,284,PhilippeA,25.56053894871333,4.1927001351978666,12.98243854311973
2026-06-23,284,Nicolas,10.474020338161536,2.5913429685676337,2.699991432458635
2026-06-23,285,NathV,21.44379487331326,5.849331080771878,3.8958016309976244
2026-06-23,285,Lily,33.69839238512169,1.36063197188724,29.616496469459975
2026-06-23,285,Roland,26.954608215965667,1.7740037712063708,21.632596902346556
2026-06-23,285,Rémi,35.17656492338073,1.5341413991600403,30.57414072590061
2026-06-23,285,ManonV,13.961126354330151,2.2314910804546852,7.266653112966095
2026-06-23,285,Lilou,20.224168781225693,1.4924920089750706,15.746692754300481
2026-06-23,285,Paul,22.151450686097732,1.558166198545486,17.476952090461275
2026-06-23,285,Raphaël,31.263993722204305,1.7057163357305047,26.14684471501279
2026-06-23,285,Julia,23.5712115987795,3.0576771249581753,14.398180223904973
2026-06-23,285,Armelle,25.26824327474824,3.0705232060872016,16.056673656486637
2026-06-23,285,Jules,19.541095670272973,1.543846064947122,14.909557475431608
2026-06-23,285,BenjaminC,27.393372992462048,1.8527132412369978,21.835233268751054
2026-06-23,285,LaureS,28.681901921659247,2.9205126273120574,19.920364039723076
2026-06-23,285,Sabine,19.638460645438276,5.814660354026994,2.1944795833572925
2026-06-23,285,Loïc,19.619930999332766,2.0776018602624107,13.387125418545534
2026-06-23,285,JulieB,17.799809021601714,2.184710777722084,11.245676688435463
2026-06-23,285,ThéoM,22.037509849549128,1.7672565928874684,16.735740070886724
2026-06-23,285,EmmanuelP,21.16615705627088,2.4767868577094077,13.735796483142657
2026-06-23,285,BenjaminZ,27.50494361744383,3.224804517318341,17.830530065488805
2026-06-23,285,Maximilien,22.112973266797283,3.7883218629285995,10.748007678011485
2026-06-23,285,PhilippeA,25.56053894871333,4.1927001351978666,12.98243854311973
2026-06-23,285,Nicolas,11.327833885533044,2.5166972113386006,3.7777422515172425
2026-06-23,286,NathV,21.44379487331326,5.849331080771878,3.8958016309976244
2026-06-23,286,Lily,33.69839238512169,1.36063197188724,29.616496469459975
2026-06-23,286,Roland,26.954608215965667,1.7740037712063708,21.632596902346556
2026-06-23,286,Rémi,35.312103497844774,1.5249446976184449,30.73726940498944
2026-06-23,286,ManonV,13.961126354330151,2.2314910804546852,7.266653112966095
2026-06-23,286,Lilou,20.224168781225693,1.4924920089750706,15.746692754300481
2026-06-23,286,Paul,22.151450686097732,1.558166198545486,17.476952090461275
2026-06-23,286,Raphaël,31.263993722204305,1.7057163357305047,26.14684471501279
2026-06-23,286,Julia,23.5712115987795,3.0576771249581753,14.398180223904973
2026-06-23,286,Armelle,25.26824327474824,3.0705232060872016,16.056673656486637
2026-06-23,286,Jules,19.541095670272973,1.543846064947122,14.909557475431608
2026-06-23,286,BenjaminC,27.195882244596994,1.834398344352813,21.692687211538555
2026-06-23,286,LaureS,28.681901921659247,2.9205126273120574,19.920364039723076
2026-06-23,286,Sabine,19.638460645438276,5.814660354026994,2.1944795833572925
2026-06-23,286,Loïc,19.86817307978559,2.0507817356307085,13.715827872893463
2026-06-23,286,JulieB,17.799809021601714,2.184710777722084,11.245676688435463
2026-06-23,286,ThéoM,21.85778157381451,1.751702248270294,16.60267482900363
2026-06-23,286,EmmanuelP,21.16615705627088,2.4767868577094077,13.735796483142657
2026-06-23,286,BenjaminZ,27.50494361744383,3.224804517318341,17.830530065488805
2026-06-23,286,Maximilien,22.112973266797283,3.7883218629285995,10.748007678011485
2026-06-23,286,PhilippeA,25.56053894871333,4.1927001351978666,12.98243854311973
2026-06-23,286,Nicolas,11.327833885533044,2.5166972113386006,3.7777422515172425
2026-06-23,287,NathV,21.44379487331326,5.849331080771878,3.8958016309976244
2026-06-23,287,Lily,33.69839238512169,1.36063197188724,29.616496469459975
2026-06-23,287,Roland,26.954608215965667,1.7740037712063708,21.632596902346556
2026-06-23,287,Rémi,35.312103497844774,1.5249446976184449,30.73726940498944
2026-06-23,287,ManonV,13.880333958857669,2.2173442547762905,7.228301194528798
2026-06-23,287,Lilou,20.26037230059852,1.4901156894058973,15.790025232380827
2026-06-23,287,Paul,22.151450686097732,1.558166198545486,17.476952090461275
2026-06-23,287,Raphaël,31.263993722204305,1.7057163357305047,26.14684471501279
2026-06-23,287,Julia,23.5712115987795,3.0576771249581753,14.398180223904973
2026-06-23,287,Armelle,25.26824327474824,3.0705232060872016,16.056673656486637
2026-06-23,287,Jules,19.579825576241007,1.5408914025006573,14.957151368739034
2026-06-23,287,BenjaminC,27.195882244596994,1.834398344352813,21.692687211538555
2026-06-23,287,LaureS,28.681901921659247,2.9205126273120574,19.920364039723076
2026-06-23,287,Sabine,19.638460645438276,5.814660354026994,2.1944795833572925
2026-06-23,287,Loïc,19.86817307978559,2.0507817356307085,13.715827872893463
2026-06-23,287,JulieB,17.799809021601714,2.184710777722084,11.245676688435463
2026-06-23,287,ThéoM,21.85778157381451,1.751702248270294,16.60267482900363
2026-06-23,287,EmmanuelP,21.16615705627088,2.4767868577094077,13.735796483142657
2026-06-23,287,BenjaminZ,27.50494361744383,3.224804517318341,17.830530065488805
2026-06-23,287,Maximilien,22.112973266797283,3.7883218629285995,10.748007678011485
2026-06-23,287,PhilippeA,25.56053894871333,4.1927001351978666,12.98243854311973
2026-06-23,287,Nicolas,11.22510022203519,2.495539578149064,3.738481487587997
2026-06-24,288,NathV,21.44379487331326,5.849331080771878,3.8958016309976244
2026-06-24,288,Lily,33.69839238512169,1.36063197188724,29.616496469459975
2026-06-24,288,Roland,27.090108927842948,1.7650056994495875,21.795091829494186
2026-06-24,288,Rémi,35.312103497844774,1.5249446976184449,30.73726940498944
2026-06-24,288,ManonV,13.880333958857669,2.2173442547762905,7.228301194528798
2026-06-24,288,Lilou,20.26037230059852,1.4901156894058973,15.790025232380827
2026-06-24,288,Paul,22.25605346514736,1.5529683078886958,17.597148541481275
2026-06-24,288,Raphaël,31.263993722204305,1.7057163357305047,26.14684471501279
2026-06-24,288,Julia,23.5712115987795,3.0576771249581753,14.398180223904973
2026-06-24,288,Armelle,25.26824327474824,3.0705232060872016,16.056673656486637
2026-06-24,288,Jules,19.579825576241007,1.5408914025006573,14.957151368739034
2026-06-24,288,BenjaminC,27.195882244596994,1.834398344352813,21.692687211538555
2026-06-24,288,LaureS,28.681901921659247,2.9205126273120574,19.920364039723076
2026-06-24,288,Sabine,19.638460645438276,5.814660354026994,2.1944795833572925
2026-06-24,288,Loïc,19.86817307978559,2.0507817356307085,13.715827872893463
2026-06-24,288,JulieB,17.799809021601714,2.184710777722084,11.245676688435463
2026-06-24,288,ThéoM,21.725658832408346,1.7431369332774034,16.496248032576137
2026-06-24,288,EmmanuelP,21.16615705627088,2.4767868577094077,13.735796483142657
2026-06-24,288,BenjaminZ,27.50494361744383,3.224804517318341,17.830530065488805
2026-06-24,288,Maximilien,22.112973266797283,3.7883218629285995,10.748007678011485
2026-06-24,288,PhilippeA,25.56053894871333,4.1927001351978666,12.98243854311973
2026-06-24,288,Nicolas,11.22510022203519,2.495539578149064,3.738481487587997
2026-06-24,289,NathV,21.44379487331326,5.849331080771878,3.8958016309976244
2026-06-24,289,Lily,33.69839238512169,1.36063197188724,29.616496469459975
2026-06-24,289,Roland,27.090108927842948,1.7650056994495875,21.795091829494186
2026-06-24,289,Rémi,35.312103497844774,1.5249446976184449,30.73726940498944
2026-06-24,289,ManonV,14.191274878143233,2.1902830903869672,7.620425606982331
2026-06-24,289,Lilou,20.26037230059852,1.4901156894058973,15.790025232380827
2026-06-24,289,Paul,22.25605346514736,1.5529683078886958,17.597148541481275
2026-06-24,289,Raphaël,31.263993722204305,1.7057163357305047,26.14684471501279
2026-06-24,289,Julia,23.5712115987795,3.0576771249581753,14.398180223904973
2026-06-24,289,Armelle,25.26824327474824,3.0705232060872016,16.056673656486637
2026-06-24,289,Jules,19.579825576241007,1.5408914025006573,14.957151368739034
2026-06-24,289,BenjaminC,27.195882244596994,1.834398344352813,21.692687211538555
2026-06-24,289,LaureS,28.681901921659247,2.9205126273120574,19.920364039723076
2026-06-24,289,Sabine,19.638460645438276,5.814660354026994,2.1944795833572925
2026-06-24,289,Loïc,20.134217429813294,2.0298394954078285,14.044698943589808
2026-06-24,289,JulieB,17.799809021601714,2.184710777722084,11.245676688435463
2026-06-24,289,ThéoM,21.725658832408346,1.7431369332774034,16.496248032576137
2026-06-24,289,EmmanuelP,21.16615705627088,2.4767868577094077,13.735796483142657
2026-06-24,289,BenjaminZ,27.50494361744383,3.224804517318341,17.830530065488805
2026-06-24,289,Maximilien,22.112973266797283,3.7883218629285995,10.748007678011485
2026-06-24,289,PhilippeA,25.56053894871333,4.1927001351978666,12.98243854311973
2026-06-24,289,Nicolas,10.831358374697412,2.456067840446768,3.463154853357108
2026-06-24,290,NathV,21.44379487331326,5.849331080771878,3.8958016309976244
2026-06-24,290,Lily,33.69839238512169,1.36063197188724,29.616496469459975
2026-06-24,290,Roland,27.460136069127405,1.7490763267379277,22.21290708891362
2026-06-24,290,Rémi,35.03567838859725,1.5156801132978663,30.48863804870365
2026-06-24,290,ManonV,14.191274878143233,2.1902830903869672,7.620425606982331
2026-06-24,290,Lilou,20.26037230059852,1.4901156894058973,15.790025232380827
2026-06-24,290,Paul,22.25605346514736,1.5529683078886958,17.597148541481275
2026-06-24,290,Raphaël,31.263993722204305,1.7057163357305047,26.14684471501279
2026-06-24,290,Julia,23.5712115987795,3.0576771249581753,14.398180223904973
2026-06-24,290,Armelle,25.26824327474824,3.0705232060872016,16.056673656486637
2026-06-24,290,Jules,19.862044895118018,1.5312376275399917,15.268332012498043
2026-06-24,290,BenjaminC,27.195882244596994,1.834398344352813,21.692687211538555
2026-06-24,290,LaureS,28.681901921659247,2.9205126273120574,19.920364039723076
2026-06-24,290,Sabine,19.638460645438276,5.814660354026994,2.1944795833572925
2026-06-24,290,Loïc,20.134217429813294,2.0298394954078285,14.044698943589808
2026-06-24,290,JulieB,17.799809021601714,2.184710777722084,11.245676688435463
2026-06-24,290,ThéoM,21.725658832408346,1.7431369332774034,16.496248032576137
2026-06-24,290,EmmanuelP,21.16615705627088,2.4767868577094077,13.735796483142657
2026-06-24,290,BenjaminZ,27.50494361744383,3.224804517318341,17.830530065488805
2026-06-24,290,Maximilien,22.112973266797283,3.7883218629285995,10.748007678011485
2026-06-24,290,PhilippeA,25.56053894871333,4.1927001351978666,12.98243854311973
2026-06-24,290,Nicolas,10.831358374697412,2.456067840446768,3.463154853357108
2026-06-24,291,NathV,21.44379487331326,5.849331080771878,3.8958016309976244
2026-06-24,291,Lily,33.69839238512169,1.36063197188724,29.616496469459975
2026-06-24,291,Roland,27.460136069127405,1.7490763267379277,22.21290708891362
2026-06-24,291,Rémi,35.03567838859725,1.5156801132978663,30.48863804870365
2026-06-24,291,ManonV,14.191274878143233,2.1902830903869672,7.620425606982331
2026-06-24,291,Lilou,20.26037230059852,1.4901156894058973,15.790025232380827
2026-06-24,291,Paul,22.646048228443075,1.5380588905827939,18.031871556694693
2026-06-24,291,Raphaël,31.263993722204305,1.7057163357305047,26.14684471501279
2026-06-24,291,Julia,23.5712115987795,3.0576771249581753,14.398180223904973
2026-06-24,291,Armelle,25.26824327474824,3.0705232060872016,16.056673656486637
2026-06-24,291,Jules,19.862044895118018,1.5312376275399917,15.268332012498043
2026-06-24,291,BenjaminC,27.195882244596994,1.834398344352813,21.692687211538555
2026-06-24,291,LaureS,28.681901921659247,2.9205126273120574,19.920364039723076
2026-06-24,291,Sabine,19.638460645438276,5.814660354026994,2.1944795833572925
2026-06-24,291,Loïc,19.46873037976623,1.9931834923479987,13.489179902722235
2026-06-24,291,JulieB,17.799809021601714,2.184710777722084,11.245676688435463
2026-06-24,291,ThéoM,21.725658832408346,1.7431369332774034,16.496248032576137
2026-06-24,291,EmmanuelP,20.17588738700721,2.408216996238726,12.951236398291034
2026-06-24,291,BenjaminZ,27.50494361744383,3.224804517318341,17.830530065488805
2026-06-24,291,Maximilien,22.112973266797283,3.7883218629285995,10.748007678011485
2026-06-24,291,PhilippeA,25.56053894871333,4.1927001351978666,12.98243854311973
2026-06-24,291,Nicolas,11.805148229242022,2.389265664530297,4.637351235651131
2026-06-24,292,NathV,21.44379487331326,5.849331080771878,3.8958016309976244
2026-06-24,292,Lily,33.69839238512169,1.36063197188724,29.616496469459975
2026-06-24,292,Roland,27.460136069127405,1.7490763267379277,22.21290708891362
2026-06-24,292,Rémi,35.186076632741845,1.5087542270723129,30.659813951524907
2026-06-24,292,ManonV,14.191274878143233,2.1902830903869672,7.620425606982331
2026-06-24,292,Lilou,20.26037230059852,1.4901156894058973,15.790025232380827
2026-06-24,292,Paul,22.646048228443075,1.5380588905827939,18.031871556694693
2026-06-24,292,Raphaël,31.263993722204305,1.7057163357305047,26.14684471501279
2026-06-24,292,Julia,22.960519183186733,2.98269517541544,14.012433656940413
2026-06-24,292,Armelle,25.26824327474824,3.0705232060872016,16.056673656486637
2026-06-24,292,Jules,19.862044895118018,1.5312376275399917,15.268332012498043
2026-06-24,292,BenjaminC,27.195882244596994,1.834398344352813,21.692687211538555
2026-06-24,292,LaureS,28.681901921659247,2.9205126273120574,19.920364039723076
2026-06-24,292,Sabine,19.638460645438276,5.814660354026994,2.1944795833572925
2026-06-24,292,Loïc,19.46873037976623,1.9931834923479987,13.489179902722235
2026-06-24,292,JulieB,17.799809021601714,2.184710777722084,11.245676688435463
2026-06-24,292,ThéoM,21.52687948592634,1.731111979194257,16.33354354834357
2026-06-24,292,EmmanuelP,20.17588738700721,2.408216996238726,12.951236398291034
2026-06-24,292,BenjaminZ,27.50494361744383,3.224804517318341,17.830530065488805
2026-06-24,292,Maximilien,22.112973266797283,3.7883218629285995,10.748007678011485
2026-06-24,292,PhilippeA,25.56053894871333,4.1927001351978666,12.98243854311973
2026-06-24,292,Nicolas,11.805148229242022,2.389265664530297,4.637351235651131
2026-06-24,293,NathV,21.44379487331326,5.849331080771878,3.8958016309976244
2026-06-24,293,Lily,33.69839238512169,1.36063197188724,29.616496469459975
2026-06-24,293,Roland,27.50303317401701,1.7442079100246204,22.270409443943148
2026-06-24,293,Rémi,35.186076632741845,1.5087542270723129,30.659813951524907
2026-06-24,293,ManonV,14.191274878143233,2.1902830903869672,7.620425606982331
2026-06-24,293,Lilou,20.26037230059852,1.4901156894058973,15.790025232380827
2026-06-24,293,Paul,22.646048228443075,1.5380588905827939,18.031871556694693
2026-06-24,293,Raphaël,31.263993722204305,1.7057163357305047,26.14684471501279
2026-06-24,293,Julia,22.960519183186733,2.98269517541544,14.012433656940413
2026-06-24,293,Armelle,25.26824327474824,3.0705232060872016,16.056673656486637
2026-06-24,293,Jules,19.829144939752148,1.5289031046989199,15.242435625655387
2026-06-24,293,BenjaminC,27.195882244596994,1.834398344352813,21.692687211538555
2026-06-24,293,LaureS,28.681901921659247,2.9205126273120574,19.920364039723076
2026-06-24,293,Sabine,19.638460645438276,5.814660354026994,2.1944795833572925
2026-06-24,293,Loïc,19.524407759864154,1.9847861915250515,13.570049185289
2026-06-24,293,JulieB,17.799809021601714,2.184710777722084,11.245676688435463
2026-06-24,293,ThéoM,21.52687948592634,1.731111979194257,16.33354354834357
2026-06-24,293,EmmanuelP,20.17588738700721,2.408216996238726,12.951236398291034
2026-06-24,293,BenjaminZ,27.50494361744383,3.224804517318341,17.830530065488805
2026-06-24,293,Maximilien,22.112973266797283,3.7883218629285995,10.748007678011485
2026-06-24,293,PhilippeA,25.56053894871333,4.1927001351978666,12.98243854311973
2026-06-24,293,Nicolas,11.725186418670262,2.373249489478837,4.6054379502337515
2026-06-24,294,NathV,21.44379487331326,5.849331080771878,3.8958016309976244
2026-06-24,294,Lily,33.69839238512169,1.36063197188724,29.616496469459975
2026-06-24,294,Roland,27.50303317401701,1.7442079100246204,22.270409443943148
2026-06-24,294,Rémi,35.18816337819237,1.5105677333324288,30.656460178195083
2026-06-24,294,ManonV,14.191274878143233,2.1902830903869672,7.620425606982331
2026-06-24,294,Lilou,20.26037230059852,1.4901156894058973,15.790025232380827
2026-06-24,294,Paul,22.648216574266407,1.5397998522835754,18.02881701741568
2026-06-24,294,Raphaël,31.263993722204305,1.7057163357305047,26.14684471501279
2026-06-24,294,Julia,22.960519183186733,2.98269517541544,14.012433656940413
2026-06-24,294,Armelle,25.26824327474824,3.0705232060872016,16.056673656486637
2026-06-24,294,Jules,19.82700225729432,1.5306666710617827,15.235002244108973
2026-06-24,294,BenjaminC,27.195882244596994,1.834398344352813,21.692687211538555
2026-06-24,294,LaureS,28.681901921659247,2.9205126273120574,19.920364039723076
2026-06-24,294,Sabine,19.638460645438276,5.814660354026994,2.1944795833572925
2026-06-24,294,Loïc,19.524407759864154,1.9847861915250515,13.570049185289
2026-06-24,294,JulieB,17.799809021601714,2.184710777722084,11.245676688435463
2026-06-24,294,ThéoM,21.52687948592634,1.731111979194257,16.33354354834357
2026-06-24,294,EmmanuelP,20.17588738700721,2.408216996238726,12.951236398291034
2026-06-24,294,BenjaminZ,27.50494361744383,3.224804517318341,17.830530065488805
2026-06-24,294,Maximilien,22.112973266797283,3.7883218629285995,10.748007678011485
2026-06-24,294,PhilippeA,25.56053894871333,4.1927001351978666,12.98243854311973
2026-06-24,294,Nicolas,11.720032571696741,2.3728247939524736,4.60155818983932
2026-06-24,295,NathV,21.44379487331326,5.849331080771878,3.8958016309976244
2026-06-24,295,Lily,33.69839238512169,1.36063197188724,29.616496469459975
2026-06-24,295,Roland,27.536610438093273,1.7404851292058936,22.315155050475592
2026-06-24,295,Rémi,35.18816337819237,1.5105677333324288,30.656460178195083
2026-06-24,295,ManonV,14.191274878143233,2.1902830903869672,7.620425606982331
2026-06-24,295,Lilou,20.284899880461104,1.4888792179468757,15.818262226620476
2026-06-24,295,Paul,22.648216574266407,1.5397998522835754,18.02881701741568
2026-06-24,295,Raphaël,31.263993722204305,1.7057163357305047,26.14684471501279
2026-06-24,295,Julia,22.960519183186733,2.98269517541544,14.012433656940413
2026-06-24,295,Armelle,25.26824327474824,3.0705232060872016,16.056673656486637
2026-06-24,295,Jules,19.82700225729432,1.5306666710617827,15.235002244108973
2026-06-24,295,BenjaminC,27.195882244596994,1.834398344352813,21.692687211538555
2026-06-24,295,LaureS,28.681901921659247,2.9205126273120574,19.920364039723076
2026-06-24,295,Sabine,19.638460645438276,5.814660354026994,2.1944795833572925
2026-06-24,295,Loïc,19.480951638735117,1.9781202293684472,13.546590950629776
2026-06-24,295,JulieB,17.799809021601714,2.184710777722084,11.245676688435463
2026-06-24,295,ThéoM,21.52687948592634,1.731111979194257,16.33354354834357
2026-06-24,295,EmmanuelP,20.17588738700721,2.408216996238726,12.951236398291034
2026-06-24,295,BenjaminZ,27.50494361744383,3.224804517318341,17.830530065488805
2026-06-24,295,Maximilien,22.112973266797283,3.7883218629285995,10.748007678011485
2026-06-24,295,PhilippeA,25.56053894871333,4.1927001351978666,12.98243854311973
2026-06-24,295,Nicolas,11.657956352011055,2.3599082368418163,4.578231641485607
2026-06-24,296,NathV,21.44379487331326,5.849331080771878,3.8958016309976244
2026-06-24,296,Lily,33.69839238512169,1.36063197188724,29.616496469459975
2026-06-24,296,Roland,27.777704817171433,1.7235991856225996,22.606907260303636
2026-06-24,296,Rémi,35.18816337819237,1.5105677333324288,30.656460178195083
2026-06-24,296,ManonV,14.191274878143233,2.1902830903869672,7.620425606982331
2026-06-24,296,Lilou,20.284899880461104,1.4888792179468757,15.818262226620476
2026-06-24,296,Paul,22.648216574266407,1.5397998522835754,18.02881701741568
2026-06-24,296,Raphaël,31.263993722204305,1.7057163357305047,26.14684471501279
2026-06-24,296,Julia,22.960519183186733,2.98269517541544,14.012433656940413
2026-06-24,296,Armelle,25.26824327474824,3.0705232060872016,16.056673656486637
2026-06-24,296,Jules,19.82700225729432,1.5306666710617827,15.235002244108973
2026-06-24,296,BenjaminC,27.195882244596994,1.834398344352813,21.692687211538555
2026-06-24,296,LaureS,28.681901921659247,2.9205126273120574,19.920364039723076
2026-06-24,296,Sabine,19.638460645438276,5.814660354026994,2.1944795833572925
2026-06-24,296,Loïc,19.169688681085518,1.9521350957475454,13.31328339384288
2026-06-24,296,JulieB,17.420256989226246,2.1488888421743666,10.973590462703147
2026-06-24,296,ThéoM,21.52687948592634,1.731111979194257,16.33354354834357
2026-06-24,296,EmmanuelP,20.17588738700721,2.408216996238726,12.951236398291034
2026-06-24,296,BenjaminZ,27.50494361744383,3.224804517318341,17.830530065488805
2026-06-24,296,Maximilien,22.112973266797283,3.7883218629285995,10.748007678011485
2026-06-24,296,PhilippeA,25.56053894871333,4.1927001351978666,12.98243854311973
2026-06-24,296,Nicolas,12.100731702323744,2.314173362506742,5.158211614803517
2026-06-26,297,NathV,21.44379487331326,5.849331080771878,3.8958016309976244
2026-06-26,297,Lily,33.69839238512169,1.36063197188724,29.616496469459975
2026-06-26,297,Roland,27.777704817171433,1.7235991856225996,22.606907260303636
2026-06-26,297,Rémi,35.18816337819237,1.5105677333324288,30.656460178195083
2026-06-26,297,ManonV,14.191274878143233,2.1902830903869672,7.620425606982331
2026-06-26,297,Lilou,20.284899880461104,1.4888792179468757,15.818262226620476
2026-06-26,297,Paul,22.648216574266407,1.5397998522835754,18.02881701741568
2026-06-26,297,Raphaël,31.263993722204305,1.7057163357305047,26.14684471501279
2026-06-26,297,Julia,22.960519183186733,2.98269517541544,14.012433656940413
2026-06-26,297,Armelle,25.26824327474824,3.0705232060872016,16.056673656486637
2026-06-26,297,Jules,19.82700225729432,1.5306666710617827,15.235002244108973
2026-06-26,297,BenjaminC,27.195882244596994,1.834398344352813,21.692687211538555
2026-06-26,297,LaureS,28.681901921659247,2.9205126273120574,19.920364039723076
2026-06-26,297,Sabine,19.638460645438276,5.814660354026994,2.1944795833572925
2026-06-26,297,Loïc,19.596913559212283,1.9251005016226137,13.821612054344442
2026-06-26,297,JulieB,17.93777639283328,2.11202945991774,11.601688013080057
2026-06-26,297,ThéoM,21.52687948592634,1.731111979194257,16.33354354834357
2026-06-26,297,EmmanuelP,20.17588738700721,2.408216996238726,12.951236398291034
2026-06-26,297,BenjaminZ,26.340434731778384,3.0945005556817464,17.056933064733144
2026-06-26,297,Maximilien,22.112973266797283,3.7883218629285995,10.748007678011485
2026-06-26,297,PhilippeA,25.56053894871333,4.1927001351978666,12.98243854311973
2026-06-26,297,Nicolas,11.5006634108147,2.2675652692391823,4.697967603097154
2026-06-26,298,NathV,21.44379487331326,5.849331080771878,3.8958016309976244
2026-06-26,298,Lily,33.69839238512169,1.36063197188724,29.616496469459975
2026-06-26,298,Roland,28.07669049064203,1.7088004401260022,22.95028917026402
2026-06-26,298,Rémi,35.18816337819237,1.5105677333324288,30.656460178195083
2026-06-26,298,ManonV,14.191274878143233,2.1902830903869672,7.620425606982331
2026-06-26,298,Lilou,20.284899880461104,1.4888792179468757,15.818262226620476
2026-06-26,298,Paul,22.409456055105135,1.5300675759262727,17.819253327326315
2026-06-26,298,Raphaël,31.263993722204305,1.7057163357305047,26.14684471501279
2026-06-26,298,Julia,22.066554374204205,2.896069647276738,13.37834543237399
2026-06-26,298,Armelle,25.26824327474824,3.0705232060872016,16.056673656486637
2026-06-26,298,Jules,19.82700225729432,1.5306666710617827,15.235002244108973
2026-06-26,298,BenjaminC,27.195882244596994,1.834398344352813,21.692687211538555
2026-06-26,298,LaureS,28.681901921659247,2.9205126273120574,19.920364039723076
2026-06-26,298,Sabine,19.638460645438276,5.814660354026994,2.1944795833572925
2026-06-26,298,Loïc,19.596913559212283,1.9251005016226137,13.821612054344442
2026-06-26,298,JulieB,17.93777639283328,2.11202945991774,11.601688013080057
2026-06-26,298,ThéoM,21.52687948592634,1.731111979194257,16.33354354834357
2026-06-26,298,EmmanuelP,20.17588738700721,2.408216996238726,12.951236398291034
2026-06-26,298,BenjaminZ,26.340434731778384,3.0945005556817464,17.056933064733144
2026-06-26,298,Maximilien,22.112973266797283,3.7883218629285995,10.748007678011485
2026-06-26,298,PhilippeA,25.56053894871333,4.1927001351978666,12.98243854311973
2026-06-26,298,Nicolas,11.5006634108147,2.2675652692391823,4.697967603097154
2026-06-26,299,NathV,21.44379487331326,5.849331080771878,3.8958016309976244
2026-06-26,299,Lily,33.69839238512169,1.36063197188724,29.616496469459975
2026-06-26,299,Roland,28.07669049064203,1.7088004401260022,22.95028917026402
2026-06-26,299,Rémi,35.19078608316116,1.5122950235508548,30.65390101250859
2026-06-26,299,ManonV,14.191274878143233,2.1902830903869672,7.620425606982331
2026-06-26,299,Lilou,20.284899880461104,1.4888792179468757,15.818262226620476
2026-06-26,299,Paul,22.409456055105135,1.5300675759262727,17.819253327326315
2026-06-26,299,Raphaël,31.263993722204305,1.7057163357305047,26.14684471501279
2026-06-26,299,Julia,22.066554374204205,2.896069647276738,13.37834543237399
2026-06-26,299,Armelle,25.26824327474824,3.0705232060872016,16.056673656486637
2026-06-26,299,Jules,19.82700225729432,1.5306666710617827,15.235002244108973
2026-06-26,299,BenjaminC,27.195882244596994,1.834398344352813,21.692687211538555
2026-06-26,299,LaureS,28.691683770305538,2.917596525905094,19.938894192590254
2026-06-26,299,Sabine,19.638460645438276,5.814660354026994,2.1944795833572925
2026-06-26,299,Loïc,19.592658857081418,1.9257262826849535,13.815480009026558
2026-06-26,299,JulieB,17.932656924656868,2.112119207448692,11.596299302310793
2026-06-26,299,ThéoM,21.52687948592634,1.731111979194257,16.33354354834357
2026-06-26,299,EmmanuelP,20.17588738700721,2.408216996238726,12.951236398291034
2026-06-26,299,BenjaminZ,26.340434731778384,3.0945005556817464,17.056933064733144
2026-06-26,299,Maximilien,22.112973266797283,3.7883218629285995,10.748007678011485
2026-06-26,299,PhilippeA,25.56053894871333,4.1927001351978666,12.98243854311973
2026-06-26,299,Nicolas,11.5006634108147,2.2675652692391823,4.697967603097154
2026-06-26,300,NathV,21.44379487331326,5.849331080771878,3.8958016309976244
2026-06-26,300,Lily,33.69839238512169,1.36063197188724,29.616496469459975
2026-06-26,300,Roland,28.07669049064203,1.7088004401260022,22.95028917026402
2026-06-26,300,Rémi,35.19078608316116,1.5122950235508548,30.65390101250859
2026-06-26,300,ManonV,14.191274878143233,2.1902830903869672,7.620425606982331
2026-06-26,300,Lilou,20.284899880461104,1.4888792179468757,15.818262226620476
2026-06-26,300,Paul,22.548779941340978,1.5216901411927397,17.983709517762758
2026-06-26,300,Raphaël,31.263993722204305,1.7057163357305047,26.14684471501279
2026-06-26,300,Julia,22.066554374204205,2.896069647276738,13.37834543237399
2026-06-26,300,Armelle,25.26824327474824,3.0705232060872016,16.056673656486637
2026-06-26,300,Jules,19.82700225729432,1.5306666710617827,15.235002244108973
2026-06-26,300,BenjaminC,27.195882244596994,1.834398344352813,21.692687211538555
2026-06-26,300,LaureS,28.691683770305538,2.917596525905094,19.938894192590254
2026-06-26,300,Sabine,19.638460645438276,5.814660354026994,2.1944795833572925
2026-06-26,300,Loïc,19.592658857081418,1.9257262826849535,13.815480009026558
2026-06-26,300,JulieB,17.932656924656868,2.112119207448692,11.596299302310793
2026-06-26,300,ThéoM,21.52687948592634,1.731111979194257,16.33354354834357
2026-06-26,300,EmmanuelP,20.520418912723507,2.368047309775518,13.416276983396953
2026-06-26,300,BenjaminZ,25.771825407983123,3.0068884641106663,16.751160015651124
2026-06-26,300,Maximilien,22.112973266797283,3.7883218629285995,10.748007678011485
2026-06-26,300,PhilippeA,25.56053894871333,4.1927001351978666,12.98243854311973
2026-06-26,300,Nicolas,11.19515458912966,2.2343848089937204,4.492000162148498
2026-06-26,301,NathV,21.44379487331326,5.849331080771878,3.8958016309976244
2026-06-26,301,Lily,33.69839238512169,1.36063197188724,29.616496469459975
2026-06-26,301,Roland,27.559641298683932,1.690173489169996,22.489120831173942
2026-06-26,301,Rémi,35.19078608316116,1.5122950235508548,30.65390101250859
2026-06-26,301,ManonV,14.191274878143233,2.1902830903869672,7.620425606982331
2026-06-26,301,Lilou,20.284899880461104,1.4888792179468757,15.818262226620476
2026-06-26,301,Paul,22.548779941340978,1.5216901411927397,17.983709517762758
2026-06-26,301,Raphaël,31.263993722204305,1.7057163357305047,26.14684471501279
2026-06-26,301,Julia,22.066554374204205,2.896069647276738,13.37834543237399
2026-06-26,301,Armelle,25.26824327474824,3.0705232060872016,16.056673656486637
2026-06-26,301,Jules,19.82700225729432,1.5306666710617827,15.235002244108973
2026-06-26,301,BenjaminC,27.195882244596994,1.834398344352813,21.692687211538555
2026-06-26,301,LaureS,28.691683770305538,2.917596525905094,19.938894192590254
2026-06-26,301,Sabine,19.638460645438276,5.814660354026994,2.1944795833572925
2026-06-26,301,Loïc,18.936333532012092,1.8979361380571507,13.242525117840641
2026-06-26,301,JulieB,18.721934796433285,2.0746754220247565,12.497908530359016
2026-06-26,301,ThéoM,21.52687948592634,1.731111979194257,16.33354354834357
2026-06-26,301,EmmanuelP,20.520418912723507,2.368047309775518,13.416276983396953
2026-06-26,301,BenjaminZ,25.771825407983123,3.0068884641106663,16.751160015651124
2026-06-26,301,Maximilien,22.112973266797283,3.7883218629285995,10.748007678011485
2026-06-26,301,PhilippeA,25.56053894871333,4.1927001351978666,12.98243854311973
2026-06-26,301,Nicolas,11.19515458912966,2.2343848089937204,4.492000162148498
2026-06-26,302,NathV,21.44379487331326,5.849331080771878,3.8958016309976244
2026-06-26,302,Lily,33.69839238512169,1.36063197188724,29.616496469459975
2026-06-26,302,Roland,27.559641298683932,1.690173489169996,22.489120831173942
2026-06-26,302,Rémi,35.19078608316116,1.5122950235508548,30.65390101250859
2026-06-26,302,ManonV,14.191274878143233,2.1902830903869672,7.620425606982331
2026-06-26,302,Lilou,20.284899880461104,1.4888792179468757,15.818262226620476
2026-06-26,302,Paul,22.548779941340978,1.5216901411927397,17.983709517762758
2026-06-26,302,Raphaël,31.263993722204305,1.7057163357305047,26.14684471501279
2026-06-26,302,Julia,22.066554374204205,2.896069647276738,13.37834543237399
2026-06-26,302,Armelle,25.26824327474824,3.0705232060872016,16.056673656486637
2026-06-26,302,Jules,19.82700225729432,1.5306666710617827,15.235002244108973
2026-06-26,302,BenjaminC,27.195882244596994,1.834398344352813,21.692687211538555
2026-06-26,302,LaureS,28.691683770305538,2.917596525905094,19.938894192590254
2026-06-26,302,Sabine,19.638460645438276,5.814660354026994,2.1944795833572925
2026-06-26,302,Loïc,18.821321447874666,1.884615550051654,13.167474797719706
2026-06-26,302,JulieB,18.859321364427128,2.0565545186694316,12.689657808418833
2026-06-26,302,ThéoM,21.622598759379077,1.7216223479902082,16.457731715408453
2026-06-26,302,EmmanuelP,20.520418912723507,2.368047309775518,13.416276983396953
2026-06-26,302,BenjaminZ,25.771825407983123,3.0068884641106663,16.751160015651124
2026-06-26,302,Maximilien,22.112973266797283,3.7883218629285995,10.748007678011485
2026-06-26,302,PhilippeA,25.56053894871333,4.1927001351978666,12.98243854311973
2026-06-26,302,Nicolas,11.035837101690925,2.2112014896513887,4.402232632736759
2026-06-26,303,NathV,21.44379487331326,5.849331080771878,3.8958016309976244
2026-06-26,303,Lily,33.69839238512169,1.36063197188724,29.616496469459975
2026-06-26,303,Roland,27.559641298683932,1.690173489169996,22.489120831173942
2026-06-26,303,Rémi,35.19078608316116,1.5122950235508548,30.65390101250859
2026-06-26,303,ManonV,14.191274878143233,2.1902830903869672,7.620425606982331
2026-06-26,303,Lilou,20.284899880461104,1.4888792179468757,15.818262226620476
2026-06-26,303,Paul,22.548779941340978,1.5216901411927397,17.983709517762758
2026-06-26,303,Raphaël,31.263993722204305,1.7057163357305047,26.14684471501279
2026-06-26,303,Julia,22.066554374204205,2.896069647276738,13.37834543237399
2026-06-26,303,Armelle,25.26824327474824,3.0705232060872016,16.056673656486637
2026-06-26,303,Jules,19.82700225729432,1.5306666710617827,15.235002244108973
2026-06-26,303,BenjaminC,27.195882244596994,1.834398344352813,21.692687211538555
2026-06-26,303,LaureS,28.691683770305538,2.917596525905094,19.938894192590254
2026-06-26,303,Sabine,19.638460645438276,5.814660354026994,2.1944795833572925
2026-06-26,303,Loïc,18.288753423813077,1.8559363536133167,12.720944362973126
2026-06-26,303,JulieB,18.859321364427128,2.0565545186694316,12.689657808418833
2026-06-26,303,ThéoM,22.06720275571482,1.7003890521785439,16.96603559917919
2026-06-26,303,EmmanuelP,19.680186397866088,2.3087403751336684,12.753965272465082
2026-06-26,303,BenjaminZ,25.771825407983123,3.0068884641106663,16.751160015651124
2026-06-26,303,Maximilien,22.112973266797283,3.7883218629285995,10.748007678011485
2026-06-26,303,PhilippeA,25.56053894871333,4.1927001351978666,12.98243854311973
2026-06-26,303,Nicolas,11.76858447527291,2.163361566677046,5.278499775241772
2026-06-26,304,NathV,21.44379487331326,5.849331080771878,3.8958016309976244
2026-06-26,304,Lily,33.69839238512169,1.36063197188724,29.616496469459975
2026-06-26,304,Roland,27.559641298683932,1.690173489169996,22.489120831173942
2026-06-26,304,Rémi,35.19078608316116,1.5122950235508548,30.65390101250859
2026-06-26,304,ManonV,14.191274878143233,2.1902830903869672,7.620425606982331
2026-06-26,304,Lilou,20.284899880461104,1.4888792179468757,15.818262226620476
2026-06-26,304,Paul,22.548779941340978,1.5216901411927397,17.983709517762758
2026-06-26,304,Raphaël,31.263993722204305,1.7057163357305047,26.14684471501279
2026-06-26,304,Julia,22.066554374204205,2.896069647276738,13.37834543237399
2026-06-26,304,Armelle,25.26824327474824,3.0705232060872016,16.056673656486637
2026-06-26,304,Jules,19.82700225729432,1.5306666710617827,15.235002244108973
2026-06-26,304,BenjaminC,27.195882244596994,1.834398344352813,21.692687211538555
2026-06-26,304,LaureS,28.691683770305538,2.917596525905094,19.938894192590254
2026-06-26,304,Sabine,19.638460645438276,5.814660354026994,2.1944795833572925
2026-06-26,304,Loïc,18.69695648328106,1.8305485917481827,13.205310708036512
2026-06-26,304,JulieB,18.358286030524404,2.021113090891334,12.2949467578504
2026-06-26,304,ThéoM,21.72442403970247,1.6814801255785703,16.67998366296676
2026-06-26,304,EmmanuelP,20.311421350741064,2.2576131657327476,13.538581853542821
2026-06-26,304,BenjaminZ,25.771825407983123,3.0068884641106663,16.751160015651124
2026-06-26,304,Maximilien,22.112973266797283,3.7883218629285995,10.748007678011485
2026-06-26,304,PhilippeA,25.56053894871333,4.1927001351978666,12.98243854311973
2026-06-26,304,Nicolas,11.76858447527291,2.163361566677046,5.278499775241772
2026-06-29,305,NathV,21.44379487331326,5.849331080771878,3.8958016309976244
2026-06-29,305,Lily,33.69839238512169,1.36063197188724,29.616496469459975
2026-06-29,305,Roland,27.559641298683932,1.690173489169996,22.489120831173942
2026-06-29,305,Rémi,35.19078608316116,1.5122950235508548,30.65390101250859
2026-06-29,305,ManonV,14.191274878143233,2.1902830903869672,7.620425606982331
2026-06-29,305,Lilou,20.376398638104444,1.482572762771066,15.928680349791247
2026-06-29,305,Paul,22.548779941340978,1.5216901411927397,17.983709517762758
2026-06-29,305,Raphaël,31.263993722204305,1.7057163357305047,26.14684471501279
2026-06-29,305,Julia,22.066554374204205,2.896069647276738,13.37834543237399
2026-06-29,305,Armelle,25.26824327474824,3.0705232060872016,16.056673656486637
2026-06-29,305,Jules,19.82700225729432,1.5306666710617827,15.235002244108973
2026-06-29,305,BenjaminC,27.195882244596994,1.834398344352813,21.692687211538555
2026-06-29,305,LaureS,28.691683770305538,2.917596525905094,19.938894192590254
2026-06-29,305,Sabine,19.638460645438276,5.814660354026994,2.1944795833572925
2026-06-29,305,Loïc,18.558791018866668,1.81639451551866,13.109607472310687
2026-06-29,305,JulieB,18.526652959603485,2.001219145671619,12.522995522588628
2026-06-29,305,ThéoM,21.72442403970247,1.6814801255785703,16.67998366296676
2026-06-29,305,EmmanuelP,20.311421350741064,2.2576131657327476,13.538581853542821
2026-06-29,305,BenjaminZ,25.771825407983123,3.0068884641106663,16.751160015651124
2026-06-29,305,Maximilien,22.112973266797283,3.7883218629285995,10.748007678011485
2026-06-29,305,PhilippeA,25.56053894871333,4.1927001351978666,12.98243854311973
2026-06-29,305,Nicolas,11.575725422850994,2.138450773530977,5.160373102258063
2026-06-29,306,NathV,21.44379487331326,5.849331080771878,3.8958016309976244
2026-06-29,306,Lily,33.69839238512169,1.36063197188724,29.616496469459975
2026-06-29,306,Roland,27.559641298683932,1.690173489169996,22.489120831173942
2026-06-29,306,Rémi,35.192841725018525,1.514126630978669,30.65046183208252
2026-06-29,306,ManonV,14.191274878143233,2.1902830903869672,7.620425606982331
2026-06-29,306,Lilou,20.376398638104444,1.482572762771066,15.928680349791247
2026-06-29,306,Paul,22.548779941340978,1.5216901411927397,17.983709517762758
2026-06-29,306,Raphaël,31.263993722204305,1.7057163357305047,26.14684471501279
2026-06-29,306,Julia,22.07407640553176,2.8940286155243435,13.391990558958728
2026-06-29,306,Armelle,25.26824327474824,3.0705232060872016,16.056673656486637
2026-06-29,306,Jules,19.82700225729432,1.5306666710617827,15.235002244108973
2026-06-29,306,BenjaminC,27.195882244596994,1.834398344352813,21.692687211538555
2026-06-29,306,LaureS,28.691683770305538,2.917596525905094,19.938894192590254
2026-06-29,306,Sabine,19.638460645438276,5.814660354026994,2.1944795833572925
2026-06-29,306,Loïc,18.5558282947322,1.8175045495899078,13.103314645962477
2026-06-29,306,JulieB,18.526652959603485,2.001219145671619,12.522995522588628
2026-06-29,306,ThéoM,21.72442403970247,1.6814801255785703,16.67998366296676
2026-06-29,306,EmmanuelP,20.311421350741064,2.2576131657327476,13.538581853542821
2026-06-29,306,BenjaminZ,25.771825407983123,3.0068884641106663,16.751160015651124
2026-06-29,306,Maximilien,22.112973266797283,3.7883218629285995,10.748007678011485
2026-06-29,306,PhilippeA,25.56053894871333,4.1927001351978666,12.98243854311973
2026-06-29,306,Nicolas,11.571621348469298,2.138768543517562,5.155315717916613
2026-06-29,307,NathV,21.44379487331326,5.849331080771878,3.8958016309976244
2026-06-29,307,Lily,33.69839238512169,1.36063197188724,29.616496469459975
2026-06-29,307,Roland,27.559641298683932,1.690173489169996,22.489120831173942
2026-06-29,307,Rémi,35.2268634646807,1.5116678927926757,30.691859786302672
2026-06-29,307,ManonV,14.191274878143233,2.1902830903869672,7.620425606982331
2026-06-29,307,Lilou,20.3437758876901,1.4804529706212814,15.902416975826256
2026-06-29,307,Paul,22.548779941340978,1.5216901411927397,17.983709517762758
2026-06-29,307,Raphaël,31.263993722204305,1.7057163357305047,26.14684471501279
2026-06-29,307,Julia,22.07407640553176,2.8940286155243435,13.391990558958728
2026-06-29,307,Armelle,25.26824327474824,3.0705232060872016,16.056673656486637
2026-06-29,307,Jules,19.82700225729432,1.5306666710617827,15.235002244108973
2026-06-29,307,BenjaminC,27.195882244596994,1.834398344352813,21.692687211538555
2026-06-29,307,LaureS,28.691683770305538,2.917596525905094,19.938894192590254
2026-06-29,307,Sabine,19.638460645438276,5.814660354026994,2.1944795833572925
2026-06-29,307,Loïc,18.50685248281224,1.8112038162536714,13.073241034051225
2026-06-29,307,JulieB,18.586008368424306,1.9919942543165843,12.610025605474553
2026-06-29,307,ThéoM,21.72442403970247,1.6814801255785703,16.67998366296676
2026-06-29,307,EmmanuelP,20.311421350741064,2.2576131657327476,13.538581853542821
2026-06-29,307,BenjaminZ,25.771825407983123,3.0068884641106663,16.751160015651124
2026-06-29,307,Maximilien,22.112973266797283,3.7883218629285995,10.748007678011485
2026-06-29,307,PhilippeA,25.56053894871333,4.1927001351978666,12.98243854311973
2026-06-29,307,Nicolas,11.571621348469298,2.138768543517562,5.155315717916613
2026-06-30,308,NathV,21.44379487331326,5.849331080771878,3.8958016309976244
2026-06-30,308,Lily,33.69839238512169,1.36063197188724,29.616496469459975
2026-06-30,308,Roland,27.559641298683932,1.690173489169996,22.489120831173942
2026-06-30,308,Rémi,35.2268634646807,1.5116678927926757,30.691859786302672
2026-06-30,308,ManonV,14.191274878143233,2.1902830903869672,7.620425606982331
2026-06-30,308,Lilou,20.10796704928154,1.4690750779077433,15.700741815558311
2026-06-30,308,Paul,22.548779941340978,1.5216901411927397,17.983709517762758
2026-06-30,308,Raphaël,31.263993722204305,1.7057163357305047,26.14684471501279
2026-06-30,308,Julia,22.07407640553176,2.8940286155243435,13.391990558958728
2026-06-30,308,Armelle,25.26824327474824,3.0705232060872016,16.056673656486637
2026-06-30,308,Jules,19.574977288891546,1.517767686799581,15.021674228492802
2026-06-30,308,BenjaminC,27.195882244596994,1.834398344352813,21.692687211538555
2026-06-30,308,LaureS,28.691683770305538,2.917596525905094,19.938894192590254
2026-06-30,308,Sabine,19.638460645438276,5.814660354026994,2.1944795833572925
2026-06-30,308,Loïc,18.859426268415316,1.7879754607744336,13.495499886092015
2026-06-30,308,JulieB,18.586008368424306,1.9919942543165843,12.610025605474553
2026-06-30,308,ThéoM,21.72442403970247,1.6814801255785703,16.67998366296676
2026-06-30,308,EmmanuelP,20.85879938080043,2.2103197291610743,14.227840193317208
2026-06-30,308,BenjaminZ,25.771825407983123,3.0068884641106663,16.751160015651124
2026-06-30,308,Maximilien,22.112973266797283,3.7883218629285995,10.748007678011485
2026-06-30,308,PhilippeA,25.56053894871333,4.1927001351978666,12.98243854311973
2026-06-30,308,Nicolas,11.571621348469298,2.138768543517562,5.155315717916613
2026-06-30,309,NathV,21.44379487331326,5.849331080771878,3.8958016309976244
2026-06-30,309,Lily,33.69839238512169,1.36063197188724,29.616496469459975
2026-06-30,309,Roland,27.559641298683932,1.690173489169996,22.489120831173942
2026-06-30,309,Rémi,35.2268634646807,1.5116678927926757,30.691859786302672
2026-06-30,309,ManonV,14.191274878143233,2.1902830903869672,7.620425606982331
2026-06-30,309,Lilou,19.989268704775448,1.4616739960607439,15.604246716593217
2026-06-30,309,Paul,22.548779941340978,1.5216901411927397,17.983709517762758
2026-06-30,309,Raphaël,31.263993722204305,1.7057163357305047,26.14684471501279
2026-06-30,309,Julia,22.07407640553176,2.8940286155243435,13.391990558958728
2026-06-30,309,Armelle,25.26824327474824,3.0705232060872016,16.056673656486637
2026-06-30,309,Jules,19.574977288891546,1.517767686799581,15.021674228492802
2026-06-30,309,BenjaminC,27.195882244596994,1.834398344352813,21.692687211538555
2026-06-30,309,LaureS,28.691683770305538,2.917596525905094,19.938894192590254
2026-06-30,309,Sabine,19.638460645438276,5.814660354026994,2.1944795833572925
2026-06-30,309,Loïc,19.0350677014178,1.7723152016860833,13.718122096359549
2026-06-30,309,JulieB,18.803928340907568,1.96938275563528,12.895780074001728
2026-06-30,309,ThéoM,21.72442403970247,1.6814801255785703,16.67998366296676
2026-06-30,309,EmmanuelP,20.85879938080043,2.2103197291610743,14.227840193317208
2026-06-30,309,BenjaminZ,25.771825407983123,3.0068884641106663,16.751160015651124
2026-06-30,309,Maximilien,22.112973266797283,3.7883218629285995,10.748007678011485
2026-06-30,309,PhilippeA,25.56053894871333,4.1927001351978666,12.98243854311973
2026-06-30,309,Nicolas,11.320462852480455,2.110229849543496,4.989773303849967
2026-07-01,310,NathV,21.44379487331326,5.849331080771878,3.8958016309976244
2026-07-01,310,Lily,33.69839238512169,1.36063197188724,29.616496469459975
2026-07-01,310,Roland,27.559641298683932,1.690173489169996,22.489120831173942
2026-07-01,310,Rémi,35.368208754086034,1.5066784602597258,30.848173373306857
2026-07-01,310,ManonV,14.191274878143233,2.1902830903869672,7.620425606982331
2026-07-01,310,Lilou,19.989268704775448,1.4616739960607439,15.604246716593217
2026-07-01,310,Paul,22.548779941340978,1.5216901411927397,17.983709517762758
2026-07-01,310,Raphaël,31.263993722204305,1.7057163357305047,26.14684471501279
2026-07-01,310,Julia,22.07407640553176,2.8940286155243435,13.391990558958728
2026-07-01,310,Armelle,25.26824327474824,3.0705232060872016,16.056673656486637
2026-07-01,310,Jules,19.43249246453349,1.5126806290523087,14.894450577376563
2026-07-01,310,BenjaminC,27.195882244596994,1.834398344352813,21.692687211538555
2026-07-01,310,LaureS,28.691683770305538,2.917596525905094,19.938894192590254
2026-07-01,310,Sabine,19.638460645438276,5.814660354026994,2.1944795833572925
2026-07-01,310,Loïc,19.0350677014178,1.7723152016860833,13.718122096359549
2026-07-01,310,JulieB,18.803928340907568,1.96938275563528,12.895780074001728
2026-07-01,310,ThéoM,21.72442403970247,1.6814801255785703,16.67998366296676
2026-07-01,310,EmmanuelP,20.85879938080043,2.2103197291610743,14.227840193317208
2026-07-01,310,BenjaminZ,25.771825407983123,3.0068884641106663,16.751160015651124
2026-07-01,310,Maximilien,22.112973266797283,3.7883218629285995,10.748007678011485
2026-07-01,310,PhilippeA,25.56053894871333,4.1927001351978666,12.98243854311973
2026-07-01,310,Nicolas,11.595497259039659,2.0920564898429785,5.319327789510723
2026-07-01,311,NathV,21.44379487331326,5.849331080771878,3.8958016309976244
2026-07-01,311,Lily,33.69839238512169,1.36063197188724,29.616496469459975
2026-07-01,311,Roland,27.559641298683932,1.690173489169996,22.489120831173942
2026-07-01,311,Rémi,35.40529114237203,1.5041547083480415,30.892827017327903
2026-07-01,311,ManonV,14.191274878143233,2.1902830903869672,7.620425606982331
2026-07-01,311,Lilou,20.024175533037777,1.459639903717668,15.645255821884774
2026-07-01,311,Paul,22.548779941340978,1.5216901411927397,17.983709517762758
2026-07-01,311,Raphaël,31.263993722204305,1.7057163357305047,26.14684471501279
2026-07-01,311,Julia,21.93756605101242,2.860989730202083,13.354596860406172
2026-07-01,311,Armelle,25.26824327474824,3.0705232060872016,16.056673656486637
2026-07-01,311,Jules,19.43249246453349,1.5126806290523087,14.894450577376563
2026-07-01,311,BenjaminC,27.195882244596994,1.834398344352813,21.692687211538555
2026-07-01,311,LaureS,28.691683770305538,2.917596525905094,19.938894192590254
2026-07-01,311,Sabine,19.638460645438276,5.814660354026994,2.1944795833572925
2026-07-01,311,Loïc,19.0350677014178,1.7723152016860833,13.718122096359549
2026-07-01,311,JulieB,18.740652608133924,1.9603746218925118,12.859528742456389
2026-07-01,311,ThéoM,21.72442403970247,1.6814801255785703,16.67998366296676
2026-07-01,311,EmmanuelP,20.85879938080043,2.2103197291610743,14.227840193317208
2026-07-01,311,BenjaminZ,25.771825407983123,3.0068884641106663,16.751160015651124
2026-07-01,311,Maximilien,22.112973266797283,3.7883218629285995,10.748007678011485
2026-07-01,311,PhilippeA,25.56053894871333,4.1927001351978666,12.98243854311973
2026-07-01,311,Nicolas,11.595497259039659,2.0920564898429785,5.319327789510723
2026-07-01,312,NathV,21.44379487331326,5.849331080771878,3.8958016309976244
2026-07-01,312,Lily,33.69839238512169,1.36063197188724,29.616496469459975
2026-07-01,312,Roland,27.559641298683932,1.690173489169996,22.489120831173942
2026-07-01,312,Rémi,35.40529114237203,1.5041547083480415,30.892827017327903
2026-07-01,312,ManonV,14.191274878143233,2.1902830903869672,7.620425606982331
2026-07-01,312,Lilou,20.024175533037777,1.459639903717668,15.645255821884774
2026-07-01,312,Paul,22.548779941340978,1.5216901411927397,17.983709517762758
2026-07-01,312,Raphaël,31.263993722204305,1.7057163357305047,26.14684471501279
2026-07-01,312,Julia,22.16438295625516,2.8272931771353487,13.682503424849115
2026-07-01,312,Armelle,25.26824327474824,3.0705232060872016,16.056673656486637
2026-07-01,312,Jules,19.368946927979184,1.5098202778355616,14.8394860944725
2026-07-01,312,BenjaminC,27.195882244596994,1.834398344352813,21.692687211538555
2026-07-01,312,LaureS,28.691683770305538,2.917596525905094,19.938894192590254
2026-07-01,312,Sabine,19.638460645438276,5.814660354026994,2.1944795833572925
2026-07-01,312,Loïc,19.0350677014178,1.7723152016860833,13.718122096359549
2026-07-01,312,JulieB,18.740652608133924,1.9603746218925118,12.859528742456389
2026-07-01,312,ThéoM,21.72442403970247,1.6814801255785703,16.67998366296676
2026-07-01,312,EmmanuelP,20.85879938080043,2.2103197291610743,14.227840193317208
2026-07-01,312,BenjaminZ,25.771825407983123,3.0068884641106663,16.751160015651124
2026-07-01,312,Maximilien,22.112973266797283,3.7883218629285995,10.748007678011485
2026-07-01,312,PhilippeA,25.56053894871333,4.1927001351978666,12.98243854311973
2026-07-01,312,Nicolas,11.474127671305494,2.080089823806979,5.233858199884557
2026-07-01,313,NathV,21.44379487331326,5.849331080771878,3.8958016309976244
2026-07-01,313,Lily,33.88708491070272,1.352457044839839,29.8297137761832
2026-07-01,313,Roland,27.559641298683932,1.690173489169996,22.489120831173942
2026-07-01,313,Rémi,35.17484824724071,1.4919746512333056,30.69892429354079
2026-07-01,313,ManonV,14.191274878143233,2.1902830903869672,7.620425606982331
2026-07-01,313,Lilou,20.241221664230554,1.4487785475732313,15.89488602151086
2026-07-01,313,Paul,22.548779941340978,1.5216901411927397,17.983709517762758
2026-07-01,313,Raphaël,31.263993722204305,1.7057163357305047,26.14684471501279
2026-07-01,313,Julia,22.16438295625516,2.8272931771353487,13.682503424849115
2026-07-01,313,Armelle,25.26824327474824,3.0705232060872016,16.056673656486637
2026-07-01,313,Jules,19.368946927979184,1.5098202778355616,14.8394860944725
2026-07-01,313,BenjaminC,27.195882244596994,1.834398344352813,21.692687211538555
2026-07-01,313,LaureS,28.691683770305538,2.917596525905094,19.938894192590254
2026-07-01,313,Sabine,19.638460645438276,5.814660354026994,2.1944795833572925
2026-07-01,313,Loïc,19.0350677014178,1.7723152016860833,13.718122096359549
2026-07-01,313,JulieB,18.349713123131426,1.9300258001163253,12.55963572278245
2026-07-01,313,ThéoM,21.72442403970247,1.6814801255785703,16.67998366296676
2026-07-01,313,EmmanuelP,20.85879938080043,2.2103197291610743,14.227840193317208
2026-07-01,313,BenjaminZ,25.771825407983123,3.0068884641106663,16.751160015651124
2026-07-01,313,Maximilien,22.112973266797283,3.7883218629285995,10.748007678011485
2026-07-01,313,PhilippeA,25.56053894871333,4.1927001351978666,12.98243854311973
2026-07-01,313,Nicolas,11.474127671305494,2.080089823806979,5.233858199884557
2026-07-01,314,NathV,21.44379487331326,5.849331080771878,3.8958016309976244
2026-07-01,314,Lily,33.8905390558625,1.354371363632944,29.827424964963665
2026-07-01,314,Roland,27.559641298683932,1.690173489169996,22.489120831173942
2026-07-01,314,Rémi,35.17484824724071,1.4919746512333056,30.69892429354079
2026-07-01,314,ManonV,14.191274878143233,2.1902830903869672,7.620425606982331
2026-07-01,314,Lilou,20.241221664230554,1.4487785475732313,15.89488602151086
2026-07-01,314,Paul,22.548779941340978,1.5216901411927397,17.983709517762758
2026-07-01,314,Raphaël,31.263993722204305,1.7057163357305047,26.14684471501279
2026-07-01,314,Julia,22.16438295625516,2.8272931771353487,13.682503424849115
2026-07-01,314,Armelle,25.26824327474824,3.0705232060872016,16.056673656486637
2026-07-01,314,Jules,19.364645432692118,1.5112141112016513,14.831003099087164
2026-07-01,314,BenjaminC,27.195882244596994,1.834398344352813,21.692687211538555
2026-07-01,314,LaureS,28.691683770305538,2.917596525905094,19.938894192590254
2026-07-01,314,Sabine,19.638460645438276,5.814660354026994,2.1944795833572925
2026-07-01,314,Loïc,19.0350677014178,1.7723152016860833,13.718122096359549
2026-07-01,314,JulieB,18.349713123131426,1.9300258001163253,12.55963572278245
2026-07-01,314,ThéoM,21.72442403970247,1.6814801255785703,16.67998366296676
2026-07-01,314,EmmanuelP,20.86800334675699,2.2090591192700173,14.240825988946938
2026-07-01,314,BenjaminZ,25.771825407983123,3.0068884641106663,16.751160015651124
2026-07-01,314,Maximilien,22.112973266797283,3.7883218629285995,10.748007678011485
2026-07-01,314,PhilippeA,25.56053894871333,4.1927001351978666,12.98243854311973
2026-07-01,314,Nicolas,11.465974837682921,2.079398467644671,5.227779434748909
2026-07-02,315,NathV,21.44379487331326,5.849331080771878,3.8958016309976244
2026-07-02,315,Lily,33.97892352122438,1.3496626751728353,29.929935495705877
2026-07-02,315,Roland,27.559641298683932,1.690173489169996,22.489120831173942
2026-07-02,315,Rémi,35.17484824724071,1.4919746512333056,30.69892429354079
2026-07-02,315,ManonV,14.191274878143233,2.1902830903869672,7.620425606982331
2026-07-02,315,Lilou,20.241221664230554,1.4487785475732313,15.89488602151086
2026-07-02,315,Paul,22.548779941340978,1.5216901411927397,17.983709517762758
2026-07-02,315,Raphaël,31.263993722204305,1.7057163357305047,26.14684471501279
2026-07-02,315,Julia,22.16438295625516,2.8272931771353487,13.682503424849115
2026-07-02,315,Armelle,25.26824327474824,3.0705232060872016,16.056673656486637
2026-07-02,315,Jules,19.25468664520732,1.5034151490950234,14.744441197922251
2026-07-02,315,BenjaminC,27.195882244596994,1.834398344352813,21.692687211538555
2026-07-02,315,LaureS,28.691683770305538,2.917596525905094,19.938894192590254
2026-07-02,315,Sabine,19.638460645438276,5.814660354026994,2.1944795833572925
2026-07-02,315,Loïc,18.88395520957263,1.7579895877590759,13.609986446295402
2026-07-02,315,JulieB,18.349713123131426,1.9300258001163253,12.55963572278245
2026-07-02,315,ThéoM,21.72442403970247,1.6814801255785703,16.67998366296676
2026-07-02,315,EmmanuelP,20.86800334675699,2.2090591192700173,14.240825988946938
2026-07-02,315,BenjaminZ,25.771825407983123,3.0068884641106663,16.751160015651124
2026-07-02,315,Maximilien,22.112973266797283,3.7883218629285995,10.748007678011485
2026-07-02,315,PhilippeA,25.56053894871333,4.1927001351978666,12.98243854311973
2026-07-02,315,Nicolas,11.673863944429081,2.0547463242258397,5.509624971751562
2026-07-02,316,NathV,21.44379487331326,5.849331080771878,3.8958016309976244
2026-07-02,316,Lily,33.97892352122438,1.3496626751728353,29.929935495705877
2026-07-02,316,Roland,27.559641298683932,1.690173489169996,22.489120831173942
2026-07-02,316,Rémi,35.17484824724071,1.4919746512333056,30.69892429354079
2026-07-02,316,ManonV,14.191274878143233,2.1902830903869672,7.620425606982331
2026-07-02,316,Lilou,20.241221664230554,1.4487785475732313,15.89488602151086
2026-07-02,316,Paul,22.548779941340978,1.5216901411927397,17.983709517762758
2026-07-02,316,Raphaël,31.263993722204305,1.7057163357305047,26.14684471501279
2026-07-02,316,Julia,22.16438295625516,2.8272931771353487,13.682503424849115
2026-07-02,316,Armelle,25.26824327474824,3.0705232060872016,16.056673656486637
2026-07-02,316,Jules,19.225932298087816,1.502451505279963,14.718577782247927
2026-07-02,316,BenjaminC,27.195882244596994,1.834398344352813,21.692687211538555
2026-07-02,316,LaureS,28.79973208629907,2.8948852183796467,20.11507643116013
2026-07-02,316,Sabine,20.067355935020753,5.623856712767888,3.1957857967170895
2026-07-02,316,Loïc,18.88395520957263,1.7579895877590759,13.609986446295402
2026-07-02,316,JulieB,18.349713123131426,1.9300258001163253,12.55963572278245
2026-07-02,316,ThéoM,21.72442403970247,1.6814801255785703,16.67998366296676
2026-07-02,316,EmmanuelP,20.86800334675699,2.2090591192700173,14.240825988946938
2026-07-02,316,BenjaminZ,25.771825407983123,3.0068884641106663,16.751160015651124
2026-07-02,316,Maximilien,22.112973266797283,3.7883218629285995,10.748007678011485
2026-07-02,316,PhilippeA,25.56053894871333,4.1927001351978666,12.98243854311973
2026-07-02,316,Nicolas,11.620229528116118,2.048093732515054,5.475948330570956
2026-07-02,317,NathV,21.44379487331326,5.849331080771878,3.8958016309976244
2026-07-02,317,Lily,34.01397579521303,1.3489434495024082,29.967145446705803
2026-07-02,317,Roland,27.559641298683932,1.690173489169996,22.489120831173942
2026-07-02,317,Rémi,35.17484824724071,1.4919746512333056,30.69892429354079
2026-07-02,317,ManonV,14.191274878143233,2.1902830903869672,7.620425606982331
2026-07-02,317,Lilou,20.241221664230554,1.4487785475732313,15.89488602151086
2026-07-02,317,Paul,22.548779941340978,1.5216901411927397,17.983709517762758
2026-07-02,317,Raphaël,31.263993722204305,1.7057163357305047,26.14684471501279
2026-07-02,317,Julia,22.16438295625516,2.8272931771353487,13.682503424849115
2026-07-02,317,Armelle,25.26824327474824,3.0705232060872016,16.056673656486637
2026-07-02,317,Jules,19.225932298087816,1.502451505279963,14.718577782247927
2026-07-02,317,BenjaminC,27.195882244596994,1.834398344352813,21.692687211538555
2026-07-02,317,LaureS,28.79973208629907,2.8948852183796467,20.11507643116013
2026-07-02,317,Sabine,20.673780869996012,5.382864605484701,4.525187053541909
2026-07-02,317,Loïc,18.824577891771412,1.7527051010858756,13.566462588513785
2026-07-02,317,JulieB,18.349713123131426,1.9300258001163253,12.55963572278245
2026-07-02,317,ThéoM,21.72442403970247,1.6814801255785703,16.67998366296676
2026-07-02,317,EmmanuelP,20.774323650429558,2.1962289958331644,14.185636662930065
2026-07-02,317,BenjaminZ,25.771825407983123,3.0068884641106663,16.751160015651124
2026-07-02,317,Maximilien,22.112973266797283,3.7883218629285995,10.748007678011485
2026-07-02,317,PhilippeA,25.56053894871333,4.1927001351978666,12.98243854311973
2026-07-02,317,Nicolas,11.620229528116118,2.048093732515054,5.475948330570956
2026-07-02,318,NathV,21.44379487331326,5.849331080771878,3.8958016309976244
2026-07-02,318,Lily,34.01397579521303,1.3489434495024082,29.967145446705803
2026-07-02,318,Roland,27.559641298683932,1.690173489169996,22.489120831173942
2026-07-02,318,Rémi,35.17484824724071,1.4919746512333056,30.69892429354079
2026-07-02,318,ManonV,14.191274878143233,2.1902830903869672,7.620425606982331
2026-07-02,318,Lilou,20.241221664230554,1.4487785475732313,15.89488602151086
2026-07-02,318,Paul,22.548779941340978,1.5216901411927397,17.983709517762758
2026-07-02,318,Raphaël,31.263993722204305,1.7057163357305047,26.14684471501279
2026-07-02,318,Julia,22.16438295625516,2.8272931771353487,13.682503424849115
2026-07-02,318,Armelle,25.26824327474824,3.0705232060872016,16.056673656486637
2026-07-02,318,Jules,19.225932298087816,1.502451505279963,14.718577782247927
2026-07-02,318,BenjaminC,27.195882244596994,1.834398344352813,21.692687211538555
2026-07-02,318,LaureS,28.79973208629907,2.8948852183796467,20.11507643116013
2026-07-02,318,Sabine,20.673780869996012,5.382864605484701,4.525187053541909
2026-07-02,318,Loïc,18.92944233944517,1.7422500713186497,13.702692125489222
2026-07-02,318,JulieB,18.222607417669632,1.915217475387597,12.47695499150684
2026-07-02,318,ThéoM,21.72442403970247,1.6814801255785703,16.67998366296676
2026-07-02,318,EmmanuelP,20.938840348399758,2.173324321368147,14.418867384295318
2026-07-02,318,BenjaminZ,25.771825407983123,3.0068884641106663,16.751160015651124
2026-07-02,318,Maximilien,22.112973266797283,3.7883218629285995,10.748007678011485
2026-07-02,318,PhilippeA,25.56053894871333,4.1927001351978666,12.98243854311973
2026-07-02,318,Nicolas,11.477126779748648,2.029939277515534,5.387308947202047
2026-07-03,319,NathV,21.44379487331326,5.849331080771878,3.8958016309976244
2026-07-03,319,Lily,34.01397579521303,1.3489434495024082,29.967145446705803
2026-07-03,319,Roland,27.559641298683932,1.690173489169996,22.489120831173942
2026-07-03,319,Rémi,35.17484824724071,1.4919746512333056,30.69892429354079
2026-07-03,319,ManonV,14.191274878143233,2.1902830903869672,7.620425606982331
2026-07-03,319,Lilou,20.34430887299195,1.4423692258948695,16.01720119530734
2026-07-03,319,Paul,22.548779941340978,1.5216901411927397,17.983709517762758
2026-07-03,319,Raphaël,31.263993722204305,1.7057163357305047,26.14684471501279
2026-07-03,319,Julia,22.16438295625516,2.8272931771353487,13.682503424849115
2026-07-03,319,Armelle,25.26824327474824,3.0705232060872016,16.056673656486637
2026-07-03,319,Jules,19.225932298087816,1.502451505279963,14.718577782247927
2026-07-03,319,BenjaminC,27.195882244596994,1.834398344352813,21.692687211538555
2026-07-03,319,LaureS,28.79973208629907,2.8948852183796467,20.11507643116013
2026-07-03,319,Sabine,20.673780869996012,5.382864605484701,4.525187053541909
2026-07-03,319,Loïc,19.078371482480108,1.7289333767225727,13.89157135231239
2026-07-03,319,JulieB,18.222607417669632,1.915217475387597,12.47695499150684
2026-07-03,319,ThéoM,21.72442403970247,1.6814801255785703,16.67998366296676
2026-07-03,319,EmmanuelP,20.707285757053913,2.1451695299259192,14.271777167276156
2026-07-03,319,BenjaminZ,25.771825407983123,3.0068884641106663,16.751160015651124
2026-07-03,319,Maximilien,22.112973266797283,3.7883218629285995,10.748007678011485
2026-07-03,319,PhilippeA,25.56053894871333,4.1927001351978666,12.98243854311973
2026-07-03,319,Nicolas,11.275074547725813,2.00741946027465,5.252816166901863
2026-07-03,320,NathV,21.44379487331326,5.849331080771878,3.8958016309976244
2026-07-03,320,Lily,34.01397579521303,1.3489434495024082,29.967145446705803
2026-07-03,320,Roland,27.559641298683932,1.690173489169996,22.489120831173942
2026-07-03,320,Rémi,35.19022666979388,1.4919036759171733,30.71451564204236
2026-07-03,320,ManonV,14.191274878143233,2.1902830903869672,7.620425606982331
2026-07-03,320,Lilou,20.34430887299195,1.4423692258948695,16.01720119530734
2026-07-03,320,Paul,22.532784761946314,1.521428140926948,17.96850033916547
2026-07-03,320,Raphaël,31.263993722204305,1.7057163357305047,26.14684471501279
2026-07-03,320,Julia,22.109282530261982,2.812234317685698,13.672579577204889
2026-07-03,320,Armelle,25.26824327474824,3.0705232060872016,16.056673656486637
2026-07-03,320,Jules,19.225932298087816,1.502451505279963,14.718577782247927
2026-07-03,320,BenjaminC,27.195882244596994,1.834398344352813,21.692687211538555
2026-07-03,320,LaureS,28.857496260013644,2.878600059209233,20.221696082385947
2026-07-03,320,Sabine,20.673780869996012,5.382864605484701,4.525187053541909
2026-07-03,320,Loïc,19.078371482480108,1.7289333767225727,13.89157135231239
2026-07-03,320,JulieB,18.222607417669632,1.915217475387597,12.47695499150684
2026-07-03,320,ThéoM,21.72442403970247,1.6814801255785703,16.67998366296676
2026-07-03,320,EmmanuelP,20.707285757053913,2.1451695299259192,14.271777167276156
2026-07-03,320,BenjaminZ,25.771825407983123,3.0068884641106663,16.751160015651124
2026-07-03,320,Maximilien,22.112973266797283,3.7883218629285995,10.748007678011485
2026-07-03,320,PhilippeA,25.56053894871333,4.1927001351978666,12.98243854311973
2026-07-03,320,Nicolas,11.275074547725813,2.00741946027465,5.252816166901863
2026-07-03,321,NathV,21.44379487331326,5.849331080771878,3.8958016309976244
2026-07-03,321,Lily,34.03102466262177,1.3491005531851574,29.983723003066295
2026-07-03,321,Roland,27.559641298683932,1.690173489169996,22.489120831173942
2026-07-03,321,Rémi,35.19022666979388,1.4919036759171733,30.71451564204236
2026-07-03,321,ManonV,14.191274878143233,2.1902830903869672,7.620425606982331
2026-07-03,321,Lilou,20.36379178749883,1.4418245659631495,16.038318089609383
2026-07-03,321,Paul,22.532784761946314,1.521428140926948,17.96850033916547
2026-07-03,321,Raphaël,31.263993722204305,1.7057163357305047,26.14684471501279
2026-07-03,321,Julia,22.109282530261982,2.812234317685698,13.672579577204889
2026-07-03,321,Armelle,25.26824327474824,3.0705232060872016,16.056673656486637
2026-07-03,321,Jules,19.225932298087816,1.502451505279963,14.718577782247927
2026-07-03,321,BenjaminC,27.195882244596994,1.834398344352813,21.692687211538555
2026-07-03,321,LaureS,28.857496260013644,2.878600059209233,20.221696082385947
2026-07-03,321,Sabine,20.673780869996012,5.382864605484701,4.525187053541909
2026-07-03,321,Loïc,19.050406274050157,1.7258652844485902,13.872810420704386
2026-07-03,321,JulieB,18.188306052594974,1.910132896008427,12.457907364569694
2026-07-03,321,ThéoM,21.72442403970247,1.6814801255785703,16.67998366296676
2026-07-03,321,EmmanuelP,20.707285757053913,2.1451695299259192,14.271777167276156
2026-07-03,321,BenjaminZ,25.771825407983123,3.0068884641106663,16.751160015651124
2026-07-03,321,Maximilien,22.112973266797283,3.7883218629285995,10.748007678011485
2026-07-03,321,PhilippeA,25.56053894871333,4.1927001351978666,12.98243854311973
2026-07-03,321,Nicolas,11.275074547725813,2.00741946027465,5.252816166901863
2026-07-03,322,NathV,21.44379487331326,5.849331080771878,3.8958016309976244
2026-07-03,322,Lily,34.03102466262177,1.3491005531851574,29.983723003066295
2026-07-03,322,Roland,27.559641298683932,1.690173489169996,22.489120831173942
2026-07-03,322,Rémi,35.213930259511486,1.490932053210617,30.741134099879634
2026-07-03,322,ManonV,14.191274878143233,2.1902830903869672,7.620425606982331
2026-07-03,322,Lilou,20.36379178749883,1.4418245659631495,16.038318089609383
2026-07-03,322,Paul,22.532784761946314,1.521428140926948,17.96850033916547
2026-07-03,322,Raphaël,31.263993722204305,1.7057163357305047,26.14684471501279
2026-07-03,322,Julia,22.19331823478789,2.7913965290108615,13.819128647755303
2026-07-03,322,Armelle,25.26824327474824,3.0705232060872016,16.056673656486637
2026-07-03,322,Jules,19.225932298087816,1.502451505279963,14.718577782247927
2026-07-03,322,BenjaminC,27.195882244596994,1.834398344352813,21.692687211538555
2026-07-03,322,LaureS,28.76945096926206,2.8561309679782734,20.20105806532724
2026-07-03,322,Sabine,20.673780869996012,5.382864605484701,4.525187053541909
2026-07-03,322,Loïc,19.050406274050157,1.7258652844485902,13.872810420704386
2026-07-03,322,JulieB,18.188306052594974,1.910132896008427,12.457907364569694
2026-07-03,322,ThéoM,21.72442403970247,1.6814801255785703,16.67998366296676
2026-07-03,322,EmmanuelP,20.707285757053913,2.1451695299259192,14.271777167276156
2026-07-03,322,BenjaminZ,25.771825407983123,3.0068884641106663,16.751160015651124
2026-07-03,322,Maximilien,22.112973266797283,3.7883218629285995,10.748007678011485
2026-07-03,322,PhilippeA,25.56053894871333,4.1927001351978666,12.98243854311973
2026-07-03,322,Nicolas,11.232219330985863,2.0011257854052515,5.228841974770109
2026-07-03,323,NathV,21.44379487331326,5.849331080771878,3.8958016309976244
2026-07-03,323,Lily,34.080492640129336,1.3465480683091988,30.040848435201738
2026-07-03,323,Roland,27.559641298683932,1.690173489169996,22.489120831173942
2026-07-03,323,Rémi,35.213930259511486,1.490932053210617,30.741134099879634
2026-07-03,323,ManonV,14.191274878143233,2.1902830903869672,7.620425606982331
2026-07-03,323,Lilou,20.420266602238417,1.4379790115891862,16.10632956747086
2026-07-03,323,Paul,22.469923153504965,1.5163651093905026,17.920827825333458
2026-07-03,323,Raphaël,31.263993722204305,1.7057163357305047,26.14684471501279
2026-07-03,323,Julia,22.19331823478789,2.7913965290108615,13.819128647755303
2026-07-03,323,Armelle,25.26824327474824,3.0705232060872016,16.056673656486637
2026-07-03,323,Jules,19.225932298087816,1.502451505279963,14.718577782247927
2026-07-03,323,BenjaminC,27.195882244596994,1.834398344352813,21.692687211538555
2026-07-03,323,LaureS,28.76945096926206,2.8561309679782734,20.20105806532724
2026-07-03,323,Sabine,20.673780869996012,5.382864605484701,4.525187053541909
2026-07-03,323,Loïc,19.050406274050157,1.7258652844485902,13.872810420704386
2026-07-03,323,JulieB,18.188306052594974,1.910132896008427,12.457907364569694
2026-07-03,323,ThéoM,21.72442403970247,1.6814801255785703,16.67998366296676
2026-07-03,323,EmmanuelP,20.58250151089891,2.126199920695463,14.203901748812521
2026-07-03,323,BenjaminZ,25.771825407983123,3.0068884641106663,16.751160015651124
2026-07-03,323,Maximilien,22.112973266797283,3.7883218629285995,10.748007678011485
2026-07-03,323,PhilippeA,25.56053894871333,4.1927001351978666,12.98243854311973
2026-07-03,323,Nicolas,11.232219330985863,2.0011257854052515,5.228841974770109
2026-07-03,324,NathV,21.44379487331326,5.849331080771878,3.8958016309976244
2026-07-03,324,Lily,34.080492640129336,1.3465480683091988,30.040848435201738
2026-07-03,324,Roland,27.559641298683932,1.690173489169996,22.489120831173942
2026-07-03,324,Rémi,35.213930259511486,1.490932053210617,30.741134099879634
2026-07-03,324,ManonV,14.191274878143233,2.1902830903869672,7.620425606982331
2026-07-03,324,Lilou,20.420266602238417,1.4379790115891862,16.10632956747086
2026-07-03,324,Paul,22.469923153504965,1.5163651093905026,17.920827825333458
2026-07-03,324,Raphaël,31.263993722204305,1.7057163357305047,26.14684471501279
2026-07-03,324,Julia,22.389275922171517,2.7519224611942805,14.133508538588675
2026-07-03,324,Armelle,25.26824327474824,3.0705232060872016,16.056673656486637
2026-07-03,324,Jules,19.225932298087816,1.502451505279963,14.718577782247927
2026-07-03,324,BenjaminC,27.195882244596994,1.834398344352813,21.692687211538555
2026-07-03,324,LaureS,28.76945096926206,2.8561309679782734,20.20105806532724
2026-07-03,324,Sabine,20.673780869996012,5.382864605484701,4.525187053541909
2026-07-03,324,Loïc,19.125422893132264,1.718275207196185,13.970597271543708
2026-07-03,324,JulieB,18.096454747797868,1.898934025233122,12.399652672098501
2026-07-03,324,ThéoM,21.72442403970247,1.6814801255785703,16.67998366296676
2026-07-03,324,EmmanuelP,20.58250151089891,2.126199920695463,14.203901748812521
2026-07-03,324,BenjaminZ,25.771825407983123,3.0068884641106663,16.751160015651124
2026-07-03,324,Maximilien,22.112973266797283,3.7883218629285995,10.748007678011485
2026-07-03,324,PhilippeA,25.56053894871333,4.1927001351978666,12.98243854311973
2026-07-03,324,Nicolas,11.131425579800789,1.9878930502720373,5.167746428984676
2026-07-03,325,NathV,21.44379487331326,5.849331080771878,3.8958016309976244
2026-07-03,325,Lily,34.22949413970755,1.3401377859952512,30.209080781721795
2026-07-03,325,Roland,27.559641298683932,1.690173489169996,22.489120831173942
2026-07-03,325,Rémi,35.03139064746783,1.4810646042455138,30.58819683473129
2026-07-03,325,ManonV,14.191274878143233,2.1902830903869672,7.620425606982331
2026-07-03,325,Lilou,20.420266602238417,1.4379790115891862,16.10632956747086
2026-07-03,325,Paul,22.281122282586143,1.5058241038824536,17.763649970938783
2026-07-03,325,Raphaël,31.263993722204305,1.7057163357305047,26.14684471501279
2026-07-03,325,Julia,22.389275922171517,2.7519224611942805,14.133508538588675
2026-07-03,325,Armelle,26.040623778273734,2.9640636412609003,17.148432854491034
2026-07-03,325,Jules,19.225932298087816,1.502451505279963,14.718577782247927
2026-07-03,325,BenjaminC,27.195882244596994,1.834398344352813,21.692687211538555
2026-07-03,325,LaureS,28.76945096926206,2.8561309679782734,20.20105806532724
2026-07-03,325,Sabine,20.673780869996012,5.382864605484701,4.525187053541909
2026-07-03,325,Loïc,19.125422893132264,1.718275207196185,13.970597271543708
2026-07-03,325,JulieB,18.096454747797868,1.898934025233122,12.399652672098501
2026-07-03,325,ThéoM,21.72442403970247,1.6814801255785703,16.67998366296676
2026-07-03,325,EmmanuelP,20.58250151089891,2.126199920695463,14.203901748812521
2026-07-03,325,BenjaminZ,25.771825407983123,3.0068884641106663,16.751160015651124
2026-07-03,325,Maximilien,22.112973266797283,3.7883218629285995,10.748007678011485
2026-07-03,325,PhilippeA,25.56053894871333,4.1927001351978666,12.98243854311973
2026-07-03,325,Nicolas,11.131425579800789,1.9878930502720373,5.167746428984676
2026-07-03,326,NathV,21.44379487331326,5.849331080771878,3.8958016309976244
2026-07-03,326,Lily,34.0112064760508,1.3317661373136191,30.015908064109944
2026-07-03,326,Roland,27.559641298683932,1.690173489169996,22.489120831173942
2026-07-03,326,Rémi,35.03139064746783,1.4810646042455138,30.58819683473129
2026-07-03,326,ManonV,14.191274878143233,2.1902830903869672,7.620425606982331
2026-07-03,326,Lilou,20.671464171084814,1.426853368569412,16.390904065376578
2026-07-03,326,Paul,22.556501251637325,1.492581626651202,18.078756371683717
2026-07-03,326,Raphaël,31.263993722204305,1.7057163357305047,26.14684471501279
2026-07-03,326,Julia,22.389275922171517,2.7519224611942805,14.133508538588675
2026-07-03,326,Armelle,26.040623778273734,2.9640636412609003,17.148432854491034
2026-07-03,326,Jules,19.225932298087816,1.502451505279963,14.718577782247927
2026-07-03,326,BenjaminC,27.195882244596994,1.834398344352813,21.692687211538555
2026-07-03,326,LaureS,28.76945096926206,2.8561309679782734,20.20105806532724
2026-07-03,326,Sabine,20.673780869996012,5.382864605484701,4.525187053541909
2026-07-03,326,Loïc,19.125422893132264,1.718275207196185,13.970597271543708
2026-07-03,326,JulieB,18.096454747797868,1.898934025233122,12.399652672098501
2026-07-03,326,ThéoM,21.72442403970247,1.6814801255785703,16.67998366296676
2026-07-03,326,EmmanuelP,20.58250151089891,2.126199920695463,14.203901748812521
2026-07-03,326,BenjaminZ,25.771825407983123,3.0068884641106663,16.751160015651124
2026-07-03,326,Maximilien,22.112973266797283,3.7883218629285995,10.748007678011485
2026-07-03,326,PhilippeA,25.56053894871333,4.1927001351978666,12.98243854311973
2026-07-03,326,Nicolas,10.652130685103371,1.953802314563202,4.790723741413765
2026-07-03,327,NathV,21.44379487331326,5.849331080771878,3.8958016309976244
2026-07-03,327,Lily,34.032153383208055,1.3316360018964806,30.037245377518612
2026-07-03,327,Roland,27.559641298683932,1.690173489169996,22.489120831173942
2026-07-03,327,Rémi,35.03139064746783,1.4810646042455138,30.58819683473129
2026-07-03,327,ManonV,14.191274878143233,2.1902830903869672,7.620425606982331
2026-07-03,327,Lilou,20.69549697106903,1.4259233723224296,16.41772685410174
2026-07-03,327,Paul,22.556501251637325,1.492581626651202,18.078756371683717
2026-07-03,327,Raphaël,31.263993722204305,1.7057163357305047,26.14684471501279
2026-07-03,327,Julia,22.389275922171517,2.7519224611942805,14.133508538588675
2026-07-03,327,Armelle,26.040623778273734,2.9640636412609003,17.148432854491034
2026-07-03,327,Jules,19.225932298087816,1.502451505279963,14.718577782247927
2026-07-03,327,BenjaminC,27.195882244596994,1.834398344352813,21.692687211538555
2026-07-03,327,LaureS,28.76945096926206,2.8561309679782734,20.20105806532724
2026-07-03,327,Sabine,20.673780869996012,5.382864605484701,4.525187053541909
2026-07-03,327,Loïc,19.125422893132264,1.718275207196185,13.970597271543708
2026-07-03,327,JulieB,18.053951495833886,1.8928486470855148,12.375405554577341
2026-07-03,327,ThéoM,21.72442403970247,1.6814801255785703,16.67998366296676
2026-07-03,327,EmmanuelP,20.529236545089187,2.116725251233137,14.179060791389777
2026-07-03,327,BenjaminZ,25.771825407983123,3.0068884641106663,16.751160015651124
2026-07-03,327,Maximilien,22.112973266797283,3.7883218629285995,10.748007678011485
2026-07-03,327,PhilippeA,25.56053894871333,4.1927001351978666,12.98243854311973
2026-07-03,327,Nicolas,10.652130685103371,1.953802314563202,4.790723741413765
2026-07-03,328,NathV,21.44379487331326,5.849331080771878,3.8958016309976244
2026-07-03,328,Lily,34.032153383208055,1.3316360018964806,30.037245377518612
2026-07-03,328,Roland,27.559641298683932,1.690173489169996,22.489120831173942
2026-07-03,328,Rémi,35.03139064746783,1.4810646042455138,30.58819683473129
2026-07-03,328,ManonV,14.191274878143233,2.1902830903869672,7.620425606982331
2026-07-03,328,Lilou,20.622723301790806,1.4212217984617292,16.359057906405617
2026-07-03,328,Paul,22.63621421832018,1.486725187454083,18.17603865595793
2026-07-03,328,Raphaël,31.263993722204305,1.7057163357305047,26.14684471501279
2026-07-03,328,Julia,22.389275922171517,2.7519224611942805,14.133508538588675
2026-07-03,328,Armelle,26.040623778273734,2.9640636412609003,17.148432854491034
2026-07-03,328,Jules,19.225932298087816,1.502451505279963,14.718577782247927
2026-07-03,328,BenjaminC,27.195882244596994,1.834398344352813,21.692687211538555
2026-07-03,328,LaureS,28.76945096926206,2.8561309679782734,20.20105806532724
2026-07-03,328,Sabine,20.673780869996012,5.382864605484701,4.525187053541909
2026-07-03,328,Loïc,19.125422893132264,1.718275207196185,13.970597271543708
2026-07-03,328,JulieB,18.181999805562974,1.8779982571118075,12.54800503422755
2026-07-03,328,ThéoM,21.72442403970247,1.6814801255785703,16.67998366296676
2026-07-03,328,EmmanuelP,20.529236545089187,2.116725251233137,14.179060791389777
2026-07-03,328,BenjaminZ,25.771825407983123,3.0068884641106663,16.751160015651124
2026-07-03,328,Maximilien,22.112973266797283,3.7883218629285995,10.748007678011485
2026-07-03,328,PhilippeA,25.56053894871333,4.1927001351978666,12.98243854311973
2026-07-03,328,Nicolas,10.51571895847864,1.937228493924908,4.704033476703916
2026-07-03,329,NathV,21.44379487331326,5.849331080771878,3.8958016309976244
2026-07-03,329,Lily,34.032153383208055,1.3316360018964806,30.037245377518612
2026-07-03,329,Roland,27.559641298683932,1.690173489169996,22.489120831173942
2026-07-03,329,Rémi,35.03139064746783,1.4810646042455138,30.58819683473129
2026-07-03,329,ManonV,14.191274878143233,2.1902830903869672,7.620425606982331
2026-07-03,329,Lilou,20.707228667372664,1.415799823764064,16.45982919608047
2026-07-03,329,Paul,22.543767028912786,1.4800593893308045,18.10358886092037
2026-07-03,329,Raphaël,31.263993722204305,1.7057163357305047,26.14684471501279
2026-07-03,329,Julia,22.389275922171517,2.7519224611942805,14.133508538588675
2026-07-03,329,Armelle,26.040623778273734,2.9640636412609003,17.148432854491034
2026-07-03,329,Jules,19.225932298087816,1.502451505279963,14.718577782247927
2026-07-03,329,BenjaminC,27.195882244596994,1.834398344352813,21.692687211538555
2026-07-03,329,LaureS,28.76945096926206,2.8561309679782734,20.20105806532724
2026-07-03,329,Sabine,20.673780869996012,5.382864605484701,4.525187053541909
2026-07-03,329,Loïc,19.125422893132264,1.718275207196185,13.970597271543708
2026-07-03,329,JulieB,18.181999805562974,1.8779982571118075,12.54800503422755
2026-07-03,329,ThéoM,21.72442403970247,1.6814801255785703,16.67998366296676
2026-07-03,329,EmmanuelP,20.529236545089187,2.116725251233137,14.179060791389777
2026-07-03,329,BenjaminZ,25.771825407983123,3.0068884641106663,16.751160015651124
2026-07-03,329,Maximilien,22.112973266797283,3.7883218629285995,10.748007678011485
2026-07-03,329,PhilippeA,25.56053894871333,4.1927001351978666,12.98243854311973
2026-07-03,329,Nicolas,10.358959200086549,1.9191064786076848,4.601639764263494
2026-07-03,330,NathV,21.44379487331326,5.849331080771878,3.8958016309976244
2026-07-03,330,Lily,34.190506513109334,1.3246856417668351,30.216449587808828
2026-07-03,330,Roland,27.559641298683932,1.690173489169996,22.489120831173942
2026-07-03,330,Rémi,35.03139064746783,1.4810646042455138,30.58819683473129
2026-07-03,330,ManonV,14.191274878143233,2.1902830903869672,7.620425606982331
2026-07-03,330,Lilou,20.528306634365318,1.4067685528352833,16.308000975859468
2026-07-03,330,Paul,22.34829212393131,1.4692873225528256,17.940430156272832
2026-07-03,330,Raphaël,31.263993722204305,1.7057163357305047,26.14684471501279
2026-07-03,330,Julia,22.389275922171517,2.7519224611942805,14.133508538588675
2026-07-03,330,Armelle,26.040623778273734,2.9640636412609003,17.148432854491034
2026-07-03,330,Jules,19.225932298087816,1.502451505279963,14.718577782247927
2026-07-03,330,BenjaminC,27.195882244596994,1.834398344352813,21.692687211538555
2026-07-03,330,LaureS,28.76945096926206,2.8561309679782734,20.20105806532724
2026-07-03,330,Sabine,20.673780869996012,5.382864605484701,4.525187053541909
2026-07-03,330,Loïc,19.125422893132264,1.718275207196185,13.970597271543708
2026-07-03,330,JulieB,18.181999805562974,1.8779982571118075,12.54800503422755
2026-07-03,330,ThéoM,21.72442403970247,1.6814801255785703,16.67998366296676
2026-07-03,330,EmmanuelP,20.529236545089187,2.116725251233137,14.179060791389777
2026-07-03,330,BenjaminZ,25.771825407983123,3.0068884641106663,16.751160015651124
2026-07-03,330,Maximilien,22.112973266797283,3.7883218629285995,10.748007678011485
2026-07-03,330,PhilippeA,25.56053894871333,4.1927001351978666,12.98243854311973
2026-07-03,330,Nicolas,10.68718626205945,1.8922892249873893,5.010318587097283
2026-07-06,331,NathV,21.44379487331326,5.849331080771878,3.8958016309976244
2026-07-06,331,Lily,34.22779029949461,1.323479065139616,30.25735310407576
2026-07-06,331,Roland,27.499038023487408,1.6842923431886168,22.44616099392156
2026-07-06,331,Rémi,35.03139064746783,1.4810646042455138,30.58819683473129
2026-07-06,331,ManonV,14.191274878143233,2.1902830903869672,7.620425606982331
2026-07-06,331,Lilou,20.528306634365318,1.4067685528352833,16.308000975859468
2026-07-06,331,Paul,22.34829212393131,1.4692873225528256,17.940430156272832
2026-07-06,331,Raphaël,31.263993722204305,1.7057163357305047,26.14684471501279
2026-07-06,331,Julia,22.228859248073494,2.718880998406967,14.072216252852593
2026-07-06,331,Armelle,26.040623778273734,2.9640636412609003,17.148432854491034
2026-07-06,331,Jules,19.225932298087816,1.502451505279963,14.718577782247927
2026-07-06,331,BenjaminC,27.195882244596994,1.834398344352813,21.692687211538555
2026-07-06,331,LaureS,28.942235498099084,2.8189822784441936,20.485288662766504
2026-07-06,331,Sabine,20.673780869996012,5.382864605484701,4.525187053541909
2026-07-06,331,Loïc,19.125422893132264,1.718275207196185,13.970597271543708
2026-07-06,331,JulieB,18.181999805562974,1.8779982571118075,12.54800503422755
2026-07-06,331,ThéoM,21.72442403970247,1.6814801255785703,16.67998366296676
2026-07-06,331,EmmanuelP,20.529236545089187,2.116725251233137,14.179060791389777
2026-07-06,331,BenjaminZ,25.771825407983123,3.0068884641106663,16.751160015651124
2026-07-06,331,Maximilien,22.112973266797283,3.7883218629285995,10.748007678011485
2026-07-06,331,PhilippeA,25.56053894871333,4.1927001351978666,12.98243854311973
2026-07-06,331,Nicolas,10.68718626205945,1.8922892249873893,5.010318587097283
2026-07-06,332,NathV,21.44379487331326,5.849331080771878,3.8958016309976244
2026-07-06,332,Lily,34.22779029949461,1.323479065139616,30.25735310407576
2026-07-06,332,Roland,27.499038023487408,1.6842923431886168,22.44616099392156
2026-07-06,332,Rémi,35.03139064746783,1.4810646042455138,30.58819683473129
2026-07-06,332,ManonV,14.119045293919216,2.177503344212193,7.586535261282636
2026-07-06,332,Lilou,20.55816410450264,1.405424325737784,16.341891127289287
2026-07-06,332,Paul,22.34829212393131,1.4692873225528256,17.940430156272832
2026-07-06,332,Raphaël,31.263993722204305,1.7057163357305047,26.14684471501279
2026-07-06,332,Julia,22.228859248073494,2.718880998406967,14.072216252852593
2026-07-06,332,Armelle,26.040623778273734,2.9640636412609003,17.148432854491034
2026-07-06,332,Jules,19.225932298087816,1.502451505279963,14.718577782247927
2026-07-06,332,BenjaminC,27.195882244596994,1.834398344352813,21.692687211538555
2026-07-06,332,LaureS,28.942235498099084,2.8189822784441936,20.485288662766504
2026-07-06,332,Sabine,20.673780869996012,5.382864605484701,4.525187053541909
2026-07-06,332,Loïc,19.169915939717523,1.7133588339289334,14.029839437930722
2026-07-06,332,JulieB,18.181999805562974,1.8779982571118075,12.54800503422755
2026-07-06,332,ThéoM,21.72442403970247,1.6814801255785703,16.67998366296676
2026-07-06,332,EmmanuelP,20.529236545089187,2.116725251233137,14.179060791389777
2026-07-06,332,BenjaminZ,25.771825407983123,3.0068884641106663,16.751160015651124
2026-07-06,332,Maximilien,22.112973266797283,3.7883218629285995,10.748007678011485
2026-07-06,332,PhilippeA,25.56053894871333,4.1927001351978666,12.98243854311973
2026-07-06,332,Nicolas,10.633247263458728,1.8848611869453658,4.97866370262263
2026-07-06,333,NathV,21.44379487331326,5.849331080771878,3.8958016309976244
2026-07-06,333,Lily,34.286757684690926,1.3207218327161478,30.324592186542482
2026-07-06,333,Roland,27.40368025409747,1.6752787428741356,22.377844025475063
2026-07-06,333,Rémi,35.03139064746783,1.4810646042455138,30.58819683473129
2026-07-06,333,ManonV,14.119045293919216,2.177503344212193,7.586535261282636
2026-07-06,333,Lilou,20.55816410450264,1.405424325737784,16.341891127289287
2026-07-06,333,Paul,22.34829212393131,1.4692873225528256,17.940430156272832
2026-07-06,333,Raphaël,31.263993722204305,1.7057163357305047,26.14684471501279
2026-07-06,333,Julia,22.476971089903365,2.6734322205956977,14.456674428116273
2026-07-06,333,Armelle,26.040623778273734,2.9640636412609003,17.148432854491034
2026-07-06,333,Jules,19.150005650887252,1.4968981985755463,14.659311055160613
2026-07-06,333,BenjaminC,27.195882244596994,1.834398344352813,21.692687211538555
2026-07-06,333,LaureS,28.942235498099084,2.8189822784441936,20.485288662766504
2026-07-06,333,Sabine,20.673780869996012,5.382864605484701,4.525187053541909
2026-07-06,333,Loïc,19.169915939717523,1.7133588339289334,14.029839437930722
2026-07-06,333,JulieB,18.181999805562974,1.8779982571118075,12.54800503422755
2026-07-06,333,ThéoM,21.72442403970247,1.6814801255785703,16.67998366296676
2026-07-06,333,EmmanuelP,20.529236545089187,2.116725251233137,14.179060791389777
2026-07-06,333,BenjaminZ,25.771825407983123,3.0068884641106663,16.751160015651124
2026-07-06,333,Maximilien,22.112973266797283,3.7883218629285995,10.748007678011485
2026-07-06,333,PhilippeA,25.56053894871333,4.1927001351978666,12.98243854311973
2026-07-06,333,Nicolas,10.633247263458728,1.8848611869453658,4.97866370262263
2026-07-07,334,NathV,21.44379487331326,5.849331080771878,3.8958016309976244
2026-07-07,334,Lily,34.286757684690926,1.3207218327161478,30.324592186542482
2026-07-07,334,Roland,27.40368025409747,1.6752787428741356,22.377844025475063
2026-07-07,334,Rémi,35.03398528525749,1.4828313418273964,30.585491259775296
2026-07-07,334,ManonV,14.119045293919216,2.177503344212193,7.586535261282636
2026-07-07,334,Lilou,20.55816410450264,1.405424325737784,16.341891127289287
2026-07-07,334,Paul,22.34829212393131,1.4692873225528256,17.940430156272832
2026-07-07,334,Raphaël,31.263993722204305,1.7057163357305047,26.14684471501279
2026-07-07,334,Julia,22.476971089903365,2.6734322205956977,14.456674428116273
2026-07-07,334,Armelle,26.040623778273734,2.9640636412609003,17.148432854491034
2026-07-07,334,Jules,19.150005650887252,1.4968981985755463,14.659311055160613
2026-07-07,334,BenjaminC,27.195882244596994,1.834398344352813,21.692687211538555
2026-07-07,334,LaureS,28.942235498099084,2.8189822784441936,20.485288662766504
2026-07-07,334,Sabine,20.673780869996012,5.382864605484701,4.525187053541909
2026-07-07,334,Loïc,19.17338553489397,1.7144937283053674,14.029904349977869
2026-07-07,334,JulieB,18.177833024765004,1.8786742546630284,12.541810260775918
2026-07-07,334,ThéoM,21.72442403970247,1.6814801255785703,16.67998366296676
2026-07-07,334,EmmanuelP,20.529236545089187,2.116725251233137,14.179060791389777
2026-07-07,334,BenjaminZ,25.771825407983123,3.0068884641106663,16.751160015651124
2026-07-07,334,Maximilien,22.112973266797283,3.7883218629285995,10.748007678011485
2026-07-07,334,PhilippeA,25.56053894871333,4.1927001351978666,12.98243854311973
2026-07-07,334,Nicolas,10.629050032923374,1.8855175893918414,4.972497264747849
2026-07-07,335,NathV,21.44379487331326,5.849331080771878,3.8958016309976244
2026-07-07,335,Lily,34.286757684690926,1.3207218327161478,30.324592186542482
2026-07-07,335,Roland,27.663906870912225,1.659166666952509,22.686406870054697
2026-07-07,335,Rémi,35.03398528525749,1.4828313418273964,30.585491259775296
2026-07-07,335,ManonV,14.119045293919216,2.177503344212193,7.586535261282636
2026-07-07,335,Lilou,20.37482993033878,1.39715750755417,16.18335740767627
2026-07-07,335,Paul,22.34829212393131,1.4692873225528256,17.940430156272832
2026-07-07,335,Raphaël,31.263993722204305,1.7057163357305047,26.14684471501279
2026-07-07,335,Julia,22.476971089903365,2.6734322205956977,14.456674428116273
2026-07-07,335,Armelle,26.040623778273734,2.9640636412609003,17.148432854491034
2026-07-07,335,Jules,19.35789522567129,1.4862466359068767,14.899155317950658
2026-07-07,335,BenjaminC,27.195882244596994,1.834398344352813,21.692687211538555
2026-07-07,335,LaureS,28.942235498099084,2.8189822784441936,20.485288662766504
2026-07-07,335,Sabine,20.673780869996012,5.382864605484701,4.525187053541909
2026-07-07,335,Loïc,19.17338553489397,1.7144937283053674,14.029904349977869
2026-07-07,335,JulieB,18.177833024765004,1.8786742546630284,12.541810260775918
2026-07-07,335,ThéoM,21.72442403970247,1.6814801255785703,16.67998366296676
2026-07-07,335,EmmanuelP,20.529236545089187,2.116725251233137,14.179060791389777
2026-07-07,335,BenjaminZ,24.9349277260565,2.901866269589237,16.22932891728879
2026-07-07,335,Maximilien,22.112973266797283,3.7883218629285995,10.748007678011485
2026-07-07,335,PhilippeA,25.56053894871333,4.1927001351978666,12.98243854311973
2026-07-07,335,Nicolas,10.629050032923374,1.8855175893918414,4.972497264747849
2026-07-07,336,NathV,21.44379487331326,5.849331080771878,3.8958016309976244
2026-07-07,336,Lily,34.31730219888539,1.3199331838096608,30.35750264745641
2026-07-07,336,Roland,27.663906870912225,1.659166666952509,22.686406870054697
2026-07-07,336,Rémi,34.995513892363434,1.4803421627666615,30.55448740406345
2026-07-07,336,ManonV,14.036224728906586,2.163815639057529,7.544777811733998
2026-07-07,336,Lilou,20.37482993033878,1.39715750755417,16.18335740767627
2026-07-07,336,Paul,22.34829212393131,1.4692873225528256,17.940430156272832
2026-07-07,336,Raphaël,31.263993722204305,1.7057163357305047,26.14684471501279
2026-07-07,336,Julia,22.476971089903365,2.6734322205956977,14.456674428116273
2026-07-07,336,Armelle,26.040623778273734,2.9640636412609003,17.148432854491034
2026-07-07,336,Jules,19.35789522567129,1.4862466359068767,14.899155317950658
2026-07-07,336,BenjaminC,27.195882244596994,1.834398344352813,21.692687211538555
2026-07-07,336,LaureS,29.080958657704176,2.787006939629255,20.71993783881641
2026-07-07,336,Sabine,20.673780869996012,5.382864605484701,4.525187053541909
2026-07-07,336,Loïc,19.17338553489397,1.7144937283053674,14.029904349977869
2026-07-07,336,JulieB,18.177833024765004,1.8786742546630284,12.541810260775918
2026-07-07,336,ThéoM,21.72442403970247,1.6814801255785703,16.67998366296676
2026-07-07,336,EmmanuelP,20.529236545089187,2.116725251233137,14.179060791389777
2026-07-07,336,BenjaminZ,24.9349277260565,2.901866269589237,16.22932891728879
2026-07-07,336,Maximilien,22.112973266797283,3.7883218629285995,10.748007678011485
2026-07-07,336,PhilippeA,25.56053894871333,4.1927001351978666,12.98243854311973
2026-07-07,336,Nicolas,10.629050032923374,1.8855175893918414,4.972497264747849
2026-07-07,337,NathV,21.44379487331326,5.849331080771878,3.8958016309976244
2026-07-07,337,Lily,34.31730219888539,1.3199331838096608,30.35750264745641
2026-07-07,337,Roland,27.776084006344455,1.6490638620205926,22.828892420282678
2026-07-07,337,Rémi,34.995513892363434,1.4803421627666615,30.55448740406345
2026-07-07,337,ManonV,14.036224728906586,2.163815639057529,7.544777811733998
2026-07-07,337,Lilou,20.29520242168727,1.3923555377306376,16.11813580849536
2026-07-07,337,Paul,22.34829212393131,1.4692873225528256,17.940430156272832
2026-07-07,337,Raphaël,31.263993722204305,1.7057163357305047,26.14684471501279
2026-07-07,337,Julia,22.476971089903365,2.6734322205956977,14.456674428116273
2026-07-07,337,Armelle,26.040623778273734,2.9640636412609003,17.148432854491034
2026-07-07,337,Jules,19.35789522567129,1.4862466359068767,14.899155317950658
2026-07-07,337,BenjaminC,27.195882244596994,1.834398344352813,21.692687211538555
2026-07-07,337,LaureS,29.080958657704176,2.787006939629255,20.71993783881641
2026-07-07,337,Sabine,20.673780869996012,5.382864605484701,4.525187053541909
2026-07-07,337,Loïc,19.29314965294911,1.7030623433476069,14.183962622906291
2026-07-07,337,JulieB,18.03409000498486,1.8628151538541387,12.445644543422446
2026-07-07,337,ThéoM,21.72442403970247,1.6814801255785703,16.67998366296676
2026-07-07,337,EmmanuelP,20.529236545089187,2.116725251233137,14.179060791389777
2026-07-07,337,BenjaminZ,24.9349277260565,2.901866269589237,16.22932891728879
2026-07-07,337,Maximilien,22.112973266797283,3.7883218629285995,10.748007678011485
2026-07-07,337,PhilippeA,25.56053894871333,4.1927001351978666,12.98243854311973
2026-07-07,337,Nicolas,10.629050032923374,1.8855175893918414,4.972497264747849
2026-07-08,338,NathV,21.44379487331326,5.849331080771878,3.8958016309976244
2026-07-08,338,Lily,34.31730219888539,1.3199331838096608,30.35750264745641
2026-07-08,338,Roland,27.821198343536274,1.6447657325269127,22.886901145955534
2026-07-08,338,Rémi,34.995513892363434,1.4803421627666615,30.55448740406345
2026-07-08,338,ManonV,14.036224728906586,2.163815639057529,7.544777811733998
2026-07-08,338,Lilou,20.263007660766977,1.39098960054083,16.090038859144485
2026-07-08,338,Paul,22.34829212393131,1.4692873225528256,17.940430156272832
2026-07-08,338,Raphaël,31.263993722204305,1.7057163357305047,26.14684471501279
2026-07-08,338,Julia,22.476971089903365,2.6734322205956977,14.456674428116273
2026-07-08,338,Armelle,26.040623778273734,2.9640636412609003,17.148432854491034
2026-07-08,338,Jules,19.35789522567129,1.4862466359068767,14.899155317950658
2026-07-08,338,BenjaminC,27.195882244596994,1.834398344352813,21.692687211538555
2026-07-08,338,LaureS,29.080958657704176,2.787006939629255,20.71993783881641
2026-07-08,338,Sabine,20.673780869996012,5.382864605484701,4.525187053541909
2026-07-08,338,Loïc,19.29314965294911,1.7030623433476069,14.183962622906291
2026-07-08,338,JulieB,17.97655398882906,1.8554522449784223,12.410197253893793
2026-07-08,338,ThéoM,21.72442403970247,1.6814801255785703,16.67998366296676
2026-07-08,338,EmmanuelP,20.529236545089187,2.116725251233137,14.179060791389777
2026-07-08,338,BenjaminZ,25.074386165006967,2.868123298285665,16.470016270149973
2026-07-08,338,Maximilien,22.112973266797283,3.7883218629285995,10.748007678011485
2026-07-08,338,PhilippeA,25.56053894871333,4.1927001351978666,12.98243854311973
2026-07-08,338,Nicolas,10.629050032923374,1.8855175893918414,4.972497264747849
2026-07-08,339,NathV,21.44379487331326,5.849331080771878,3.8958016309976244
2026-07-08,339,Lily,34.3204169658977,1.3219718877150337,30.3545013027526
2026-07-08,339,Roland,27.821198343536274,1.6447657325269127,22.886901145955534
2026-07-08,339,Rémi,34.995513892363434,1.4803421627666615,30.55448740406345
2026-07-08,339,ManonV,14.036224728906586,2.163815639057529,7.544777811733998
2026-07-08,339,Lilou,20.263007660766977,1.39098960054083,16.090038859144485
2026-07-08,339,Paul,22.34829212393131,1.4692873225528256,17.940430156272832
2026-07-08,339,Raphaël,31.263993722204305,1.7057163357305047,26.14684471501279
2026-07-08,339,Julia,22.476971089903365,2.6734322205956977,14.456674428116273
2026-07-08,339,Armelle,26.040623778273734,2.9640636412609003,17.148432854491034
2026-07-08,339,Jules,19.36184106134282,1.487740764089405,14.898618769074604
2026-07-08,339,BenjaminC,27.195882244596994,1.834398344352813,21.692687211538555
2026-07-08,339,LaureS,29.080958657704176,2.787006939629255,20.71993783881641
2026-07-08,339,Sabine,20.673780869996012,5.382864605484701,4.525187053541909
2026-07-08,339,Loïc,19.28797246769632,1.7038369704377603,14.176461556383039
2026-07-08,339,JulieB,17.97655398882906,1.8554522449784223,12.410197253893793
2026-07-08,339,ThéoM,21.72442403970247,1.6814801255785703,16.67998366296676
2026-07-08,339,EmmanuelP,20.529236545089187,2.116725251233137,14.179060791389777
2026-07-08,339,BenjaminZ,25.074386165006967,2.868123298285665,16.470016270149973
2026-07-08,339,Maximilien,22.112973266797283,3.7883218629285995,10.748007678011485
2026-07-08,339,PhilippeA,25.56053894871333,4.1927001351978666,12.98243854311973
2026-07-08,339,Nicolas,10.622706916243391,1.8856452773668049,4.965771084142977
2026-07-08,340,NathV,21.44379487331326,5.849331080771878,3.8958016309976244
2026-07-08,340,Lily,34.3204169658977,1.3219718877150337,30.3545013027526
2026-07-08,340,Roland,27.921968091053095,1.636199720364745,23.01336892995886
2026-07-08,340,Rémi,34.995513892363434,1.4803421627666615,30.55448740406345
2026-07-08,340,ManonV,13.86200680565502,2.141093306035285,7.438726887549165
2026-07-08,340,Lilou,20.335153680189848,1.3870223007837261,16.174086777838667
2026-07-08,340,Paul,22.34829212393131,1.4692873225528256,17.940430156272832
2026-07-08,340,Raphaël,31.263993722204305,1.7057163357305047,26.14684471501279
2026-07-08,340,Julia,22.476971089903365,2.6734322205956977,14.456674428116273
2026-07-08,340,Armelle,26.040623778273734,2.9640636412609003,17.148432854491034
2026-07-08,340,Jules,19.36184106134282,1.487740764089405,14.898618769074604
2026-07-08,340,BenjaminC,27.195882244596994,1.834398344352813,21.692687211538555
2026-07-08,340,LaureS,29.080958657704176,2.787006939629255,20.71993783881641
2026-07-08,340,Sabine,20.673780869996012,5.382864605484701,4.525187053541909
2026-07-08,340,Loïc,19.28797246769632,1.7038369704377603,14.176461556383039
2026-07-08,340,JulieB,17.97655398882906,1.8554522449784223,12.410197253893793
2026-07-08,340,ThéoM,21.72442403970247,1.6814801255785703,16.67998366296676
2026-07-08,340,EmmanuelP,20.529236545089187,2.116725251233137,14.179060791389777
2026-07-08,340,BenjaminZ,24.768492300636098,2.8124913378133,16.331018287196198
2026-07-08,340,Maximilien,22.112973266797283,3.7883218629285995,10.748007678011485
2026-07-08,340,PhilippeA,25.56053894871333,4.1927001351978666,12.98243854311973
2026-07-08,340,Nicolas,10.622706916243391,1.8856452773668049,4.965771084142977
2026-07-08,341,NathV,21.44379487331326,5.849331080771878,3.8958016309976244
2026-07-08,341,Lily,34.3204169658977,1.3219718877150337,30.3545013027526
2026-07-08,341,Roland,27.921968091053095,1.636199720364745,23.01336892995886
2026-07-08,341,Rémi,34.995513892363434,1.4803421627666615,30.55448740406345
2026-07-08,341,ManonV,13.86200680565502,2.141093306035285,7.438726887549165
2026-07-08,341,Lilou,20.335153680189848,1.3870223007837261,16.174086777838667
2026-07-08,341,Paul,22.34829212393131,1.4692873225528256,17.940430156272832
2026-07-08,341,Raphaël,31.263993722204305,1.7057163357305047,26.14684471501279
2026-07-08,341,Julia,22.476971089903365,2.6734322205956977,14.456674428116273
2026-07-08,341,Armelle,26.040623778273734,2.9640636412609003,17.148432854491034
2026-07-08,341,Jules,19.0531758351269,1.475563301656774,14.626485930156578
2026-07-08,341,BenjaminC,27.195882244596994,1.834398344352813,21.692687211538555
2026-07-08,341,LaureS,29.080958657704176,2.787006939629255,20.71993783881641
2026-07-08,341,Sabine,20.673780869996012,5.382864605484701,4.525187053541909
2026-07-08,341,Loïc,19.28797246769632,1.7038369704377603,14.176461556383039
2026-07-08,341,JulieB,18.456118936918195,1.8291466300282946,12.96867904683331
2026-07-08,341,ThéoM,21.72442403970247,1.6814801255785703,16.67998366296676
2026-07-08,341,EmmanuelP,21.153078095125085,2.0764634485532354,14.92368774946538
2026-07-08,341,BenjaminZ,23.66787531259103,2.714765238468229,15.523579597186341
2026-07-08,341,Maximilien,22.112973266797283,3.7883218629285995,10.748007678011485
2026-07-08,341,PhilippeA,25.56053894871333,4.1927001351978666,12.98243854311973
2026-07-08,341,Nicolas,10.622706916243391,1.8856452773668049,4.965771084142977
2026-07-09,342,NathV,21.44379487331326,5.849331080771878,3.8958016309976244
2026-07-09,342,Lily,34.3204169658977,1.3219718877150337,30.3545013027526
2026-07-09,342,Roland,27.969291052396095,1.6317316753317634,23.074096026400802
2026-07-09,342,Rémi,34.995513892363434,1.4803421627666615,30.55448740406345
2026-07-09,342,ManonV,13.86200680565502,2.141093306035285,7.438726887549165
2026-07-09,342,Lilou,20.369194964240606,1.3855058603928363,16.212677383062097
2026-07-09,342,Paul,22.34829212393131,1.4692873225528256,17.940430156272832
2026-07-09,342,Raphaël,31.263993722204305,1.7057163357305047,26.14684471501279
2026-07-09,342,Julia,22.476971089903365,2.6734322205956977,14.456674428116273
2026-07-09,342,Armelle,26.040623778273734,2.9640636412609003,17.148432854491034
2026-07-09,342,Jules,19.0531758351269,1.475563301656774,14.626485930156578
2026-07-09,342,BenjaminC,27.195882244596994,1.834398344352813,21.692687211538555
2026-07-09,342,LaureS,29.080958657704176,2.787006939629255,20.71993783881641
2026-07-09,342,Sabine,20.673780869996012,5.382864605484701,4.525187053541909
2026-07-09,342,Loïc,19.28797246769632,1.7038369704377603,14.176461556383039
2026-07-09,342,JulieB,18.456118936918195,1.8291466300282946,12.96867904683331
2026-07-09,342,ThéoM,21.72442403970247,1.6814801255785703,16.67998366296676
2026-07-09,342,EmmanuelP,21.153078095125085,2.0764634485532354,14.92368774946538
2026-07-09,342,BenjaminZ,23.537814104299976,2.6859165877653015,15.480064341004072
2026-07-09,342,Maximilien,22.112973266797283,3.7883218629285995,10.748007678011485
2026-07-09,342,PhilippeA,25.56053894871333,4.1927001351978666,12.98243854311973
2026-07-09,342,Nicolas,10.559895068004883,1.8774037491261595,4.927683820626404
2026-07-09,343,NathV,21.44379487331326,5.849331080771878,3.8958016309976244
2026-07-09,343,Lily,34.3204169658977,1.3219718877150337,30.3545013027526
2026-07-09,343,Roland,27.969291052396095,1.6317316753317634,23.074096026400802
2026-07-09,343,Rémi,34.995513892363434,1.4803421627666615,30.55448740406345
2026-07-09,343,ManonV,13.532703191157713,2.1074624515240683,7.210315836585508
2026-07-09,343,Lilou,20.231012502377613,1.3784735118481521,16.095591966833155
2026-07-09,343,Paul,22.34829212393131,1.4692873225528256,17.940430156272832
2026-07-09,343,Raphaël,31.263993722204305,1.7057163357305047,26.14684471501279
2026-07-09,343,Julia,22.476971089903365,2.6734322205956977,14.456674428116273
2026-07-09,343,Armelle,26.040623778273734,2.9640636412609003,17.148432854491034
2026-07-09,343,Jules,19.209838889109108,1.4663973906214915,14.810646717244634
2026-07-09,343,BenjaminC,27.195882244596994,1.834398344352813,21.692687211538555
2026-07-09,343,LaureS,29.080958657704176,2.787006939629255,20.71993783881641
2026-07-09,343,Sabine,20.673780869996012,5.382864605484701,4.525187053541909
2026-07-09,343,Loïc,19.28797246769632,1.7038369704377603,14.176461556383039
2026-07-09,343,JulieB,18.696591451846924,1.8090951590854336,13.269305974590623
2026-07-09,343,ThéoM,21.72442403970247,1.6814801255785703,16.67998366296676
2026-07-09,343,EmmanuelP,21.153078095125085,2.0764634485532354,14.92368774946538
2026-07-09,343,BenjaminZ,23.537814104299976,2.6859165877653015,15.480064341004072
2026-07-09,343,Maximilien,22.112973266797283,3.7883218629285995,10.748007678011485
2026-07-09,343,PhilippeA,25.56053894871333,4.1927001351978666,12.98243854311973
2026-07-09,343,Nicolas,10.559895068004883,1.8774037491261595,4.927683820626404
2026-07-09,344,NathV,21.44379487331326,5.849331080771878,3.8958016309976244
2026-07-09,344,Lily,33.97958058037848,1.313573380961514,30.038860437493938
2026-07-09,344,Roland,28.487861688757885,1.6131270274595164,23.648480606379337
2026-07-09,344,Rémi,34.995513892363434,1.4803421627666615,30.55448740406345
2026-07-09,344,ManonV,13.532703191157713,2.1074624515240683,7.210315836585508
2026-07-09,344,Lilou,20.231012502377613,1.3784735118481521,16.095591966833155
2026-07-09,344,Paul,22.34829212393131,1.4692873225528256,17.940430156272832
2026-07-09,344,Raphaël,31.263993722204305,1.7057163357305047,26.14684471501279
2026-07-09,344,Julia,22.476971089903365,2.6734322205956977,14.456674428116273
2026-07-09,344,Armelle,26.040623778273734,2.9640636412609003,17.148432854491034
2026-07-09,344,Jules,19.209838889109108,1.4663973906214915,14.810646717244634
2026-07-09,344,BenjaminC,27.195882244596994,1.834398344352813,21.692687211538555
2026-07-09,344,LaureS,27.570727623119687,2.6839209325473097,19.51896482547776
2026-07-09,344,Sabine,20.673780869996012,5.382864605484701,4.525187053541909
2026-07-09,344,Loïc,19.28797246769632,1.7038369704377603,14.176461556383039
2026-07-09,344,JulieB,18.696591451846924,1.8090951590854336,13.269305974590623
2026-07-09,344,ThéoM,21.72442403970247,1.6814801255785703,16.67998366296676
2026-07-09,344,EmmanuelP,21.153078095125085,2.0764634485532354,14.92368774946538
2026-07-09,344,BenjaminZ,24.94056993658929,2.5939428007147707,17.158741534444978
2026-07-09,344,Maximilien,22.112973266797283,3.7883218629285995,10.748007678011485
2026-07-09,344,PhilippeA,25.56053894871333,4.1927001351978666,12.98243854311973
2026-07-09,344,Nicolas,10.559895068004883,1.8774037491261595,4.927683820626404
2026-07-09,345,NathV,21.44379487331326,5.849331080771878,3.8958016309976244
2026-07-09,345,Lily,33.97958058037848,1.313573380961514,30.038860437493938
2026-07-09,345,Roland,28.487861688757885,1.6131270274595164,23.648480606379337
2026-07-09,345,Rémi,34.995513892363434,1.4803421627666615,30.55448740406345
2026-07-09,345,ManonV,13.532703191157713,2.1074624515240683,7.210315836585508
2026-07-09,345,Lilou,20.141108330162243,1.3733524058219366,16.021051112696433
2026-07-09,345,Paul,22.34829212393131,1.4692873225528256,17.940430156272832
2026-07-09,345,Raphaël,31.263993722204305,1.7057163357305047,26.14684471501279
2026-07-09,345,Julia,22.476971089903365,2.6734322205956977,14.456674428116273
2026-07-09,345,Armelle,26.040623778273734,2.9640636412609003,17.148432854491034
2026-07-09,345,Jules,19.311534535815145,1.4595714525862875,14.932820178056282
2026-07-09,345,BenjaminC,27.195882244596994,1.834398344352813,21.692687211538555
2026-07-09,345,LaureS,27.570727623119687,2.6839209325473097,19.51896482547776
2026-07-09,345,Sabine,20.673780869996012,5.382864605484701,4.525187053541909
2026-07-09,345,Loïc,19.28797246769632,1.7038369704377603,14.176461556383039
2026-07-09,345,JulieB,18.851203049608635,1.7937539794713504,13.469941111194585
2026-07-09,345,ThéoM,21.72442403970247,1.6814801255785703,16.67998366296676
2026-07-09,345,EmmanuelP,21.153078095125085,2.0764634485532354,14.92368774946538
2026-07-09,345,BenjaminZ,24.94056993658929,2.5939428007147707,17.158741534444978
2026-07-09,345,Maximilien,22.112973266797283,3.7883218629285995,10.748007678011485
2026-07-09,345,PhilippeA,25.56053894871333,4.1927001351978666,12.98243854311973
2026-07-09,345,Nicolas,10.39341244729719,1.8599602692066037,4.813531639677378
2026-07-10,346,NathV,21.44379487331326,5.849331080771878,3.8958016309976244
2026-07-10,346,Lily,33.97958058037848,1.313573380961514,30.038860437493938
2026-07-10,346,Roland,28.487861688757885,1.6131270274595164,23.648480606379337
2026-07-10,346,Rémi,34.995513892363434,1.4803421627666615,30.55448740406345
2026-07-10,346,ManonV,12.76840721570537,2.0650164591100615,6.573357838375186
2026-07-10,346,Lilou,20.141108330162243,1.3733524058219366,16.021051112696433
2026-07-10,346,Paul,22.34829212393131,1.4692873225528256,17.940430156272832
2026-07-10,346,Raphaël,31.263993722204305,1.7057163357305047,26.14684471501279
2026-07-10,346,Julia,22.476971089903365,2.6734322205956977,14.456674428116273
2026-07-10,346,Armelle,26.040623778273734,2.9640636412609003,17.148432854491034
2026-07-10,346,Jules,19.311534535815145,1.4595714525862875,14.932820178056282
2026-07-10,346,BenjaminC,27.195882244596994,1.834398344352813,21.692687211538555
2026-07-10,346,LaureS,27.570727623119687,2.6839209325473097,19.51896482547776
2026-07-10,346,Sabine,20.673780869996012,5.382864605484701,4.525187053541909
2026-07-10,346,Loïc,19.28797246769632,1.7038369704377603,14.176461556383039
2026-07-10,346,JulieB,19.405223050982507,1.7685558549421558,14.099555486156039
2026-07-10,346,ThéoM,21.72442403970247,1.6814801255785703,16.67998366296676
2026-07-10,346,EmmanuelP,21.153078095125085,2.0764634485532354,14.92368774946538
2026-07-10,346,BenjaminZ,23.783306716613527,2.512671769350483,16.24529140856208
2026-07-10,346,Maximilien,22.112973266797283,3.7883218629285995,10.748007678011485
2026-07-10,346,PhilippeA,25.56053894871333,4.1927001351978666,12.98243854311973
2026-07-10,346,Nicolas,10.98899452067699,1.8315661414591728,5.494296096299471
2026-07-10,347,NathV,21.44379487331326,5.849331080771878,3.8958016309976244
2026-07-10,347,Lily,33.98027559802211,1.3160628401008225,30.032087077719645
2026-07-10,347,Roland,28.487861688757885,1.6131270274595164,23.648480606379337
2026-07-10,347,Rémi,34.995513892363434,1.4803421627666615,30.55448740406345
2026-07-10,347,ManonV,12.766693666870209,2.0661117369994533,6.568358455871849
2026-07-10,347,Lilou,20.141108330162243,1.3733524058219366,16.021051112696433
2026-07-10,347,Paul,22.34829212393131,1.4692873225528256,17.940430156272832
2026-07-10,347,Raphaël,31.263993722204305,1.7057163357305047,26.14684471501279
2026-07-10,347,Julia,22.476971089903365,2.6734322205956977,14.456674428116273
2026-07-10,347,Armelle,26.040623778273734,2.9640636412609003,17.148432854491034
2026-07-10,347,Jules,19.311534535815145,1.4595714525862875,14.932820178056282
2026-07-10,347,BenjaminC,27.195882244596994,1.834398344352813,21.692687211538555
2026-07-10,347,LaureS,27.573620305077384,2.6839300324253,19.521830207801486
2026-07-10,347,Sabine,20.673780869996012,5.382864605484701,4.525187053541909
2026-07-10,347,Loïc,19.28797246769632,1.7038369704377603,14.176461556383039
2026-07-10,347,JulieB,19.403965448160537,1.7701499702083707,14.093515537535424
2026-07-10,347,ThéoM,21.72442403970247,1.6814801255785703,16.67998366296676
2026-07-10,347,EmmanuelP,21.153078095125085,2.0764634485532354,14.92368774946538
2026-07-10,347,BenjaminZ,23.783306716613527,2.512671769350483,16.24529140856208
2026-07-10,347,Maximilien,22.112973266797283,3.7883218629285995,10.748007678011485
2026-07-10,347,PhilippeA,25.56053894871333,4.1927001351978666,12.98243854311973
2026-07-10,347,Nicolas,10.98899452067699,1.8315661414591728,5.494296096299471
2026-07-10,348,NathV,21.44379487331326,5.849331080771878,3.8958016309976244
2026-07-10,348,Lily,34.08702610520679,1.311427283026811,30.152744256126354
2026-07-10,348,Roland,28.487861688757885,1.6131270274595164,23.648480606379337
2026-07-10,348,Rémi,34.995513892363434,1.4803421627666615,30.55448740406345
2026-07-10,348,ManonV,12.50421595331474,2.0396427761276676,6.3852876249317365
2026-07-10,348,Lilou,20.141108330162243,1.3733524058219366,16.021051112696433
2026-07-10,348,Paul,22.34829212393131,1.4692873225528256,17.940430156272832
2026-07-10,348,Raphaël,31.263993722204305,1.7057163357305047,26.14684471501279
2026-07-10,348,Julia,22.476971089903365,2.6734322205956977,14.456674428116273
2026-07-10,348,Armelle,26.040623778273734,2.9640636412609003,17.148432854491034
2026-07-10,348,Jules,19.311534535815145,1.4595714525862875,14.932820178056282
2026-07-10,348,BenjaminC,27.195882244596994,1.834398344352813,21.692687211538555
2026-07-10,348,LaureS,27.130991420763888,2.623286006696926,19.26113340067311
2026-07-10,348,Sabine,20.673780869996012,5.382864605484701,4.525187053541909
2026-07-10,348,Loïc,19.28797246769632,1.7038369704377603,14.176461556383039
2026-07-10,348,JulieB,19.403965448160537,1.7701499702083707,14.093515537535424
2026-07-10,348,ThéoM,21.72442403970247,1.6814801255785703,16.67998366296676
2026-07-10,348,EmmanuelP,21.153078095125085,2.0764634485532354,14.92368774946538
2026-07-10,348,BenjaminZ,23.783306716613527,2.512671769350483,16.24529140856208
2026-07-10,348,Maximilien,22.112973266797283,3.7883218629285995,10.748007678011485
2026-07-10,348,PhilippeA,25.56053894871333,4.1927001351978666,12.98243854311973
2026-07-10,348,Nicolas,11.1953529502311,1.813867257474411,5.753751177807867
2026-07-10,349,NathV,21.44379487331326,5.849331080771878,3.8958016309976244
2026-07-10,349,Lily,34.10747534690881,1.311455116828483,30.173109996423356
2026-07-10,349,Roland,28.487861688757885,1.6131270274595164,23.648480606379337
2026-07-10,349,Rémi,34.995513892363434,1.4803421627666615,30.55448740406345
2026-07-10,349,ManonV,12.553564148802824,2.0315193565453424,6.459006079166796
2026-07-10,349,Lilou,20.141108330162243,1.3733524058219366,16.021051112696433
2026-07-10,349,Paul,22.34829212393131,1.4692873225528256,17.940430156272832
2026-07-10,349,Raphaël,31.263993722204305,1.7057163357305047,26.14684471501279
2026-07-10,349,Julia,22.476971089903365,2.6734322205956977,14.456674428116273
2026-07-10,349,Armelle,26.040623778273734,2.9640636412609003,17.148432854491034
2026-07-10,349,Jules,19.311534535815145,1.4595714525862875,14.932820178056282
2026-07-10,349,BenjaminC,27.195882244596994,1.834398344352813,21.692687211538555
2026-07-10,349,LaureS,27.130991420763888,2.623286006696926,19.26113340067311
2026-07-10,349,Sabine,20.673780869996012,5.382864605484701,4.525187053541909
2026-07-10,349,Loïc,19.28797246769632,1.7038369704377603,14.176461556383039
2026-07-10,349,JulieB,19.366775954978596,1.7656864937839658,14.069716473626698
2026-07-10,349,ThéoM,21.72442403970247,1.6814801255785703,16.67998366296676
2026-07-10,349,EmmanuelP,21.153078095125085,2.0764634485532354,14.92368774946538
2026-07-10,349,BenjaminZ,23.783306716613527,2.512671769350483,16.24529140856208
2026-07-10,349,Maximilien,22.112973266797283,3.7883218629285995,10.748007678011485
2026-07-10,349,PhilippeA,25.56053894871333,4.1927001351978666,12.98243854311973
2026-07-10,349,Nicolas,11.156307952632485,1.8088692398059345,5.729700233214682
2026-07-13,350,NathV,21.44379487331326,5.849331080771878,3.8958016309976244
2026-07-13,350,Lily,34.10747534690881,1.311455116828483,30.173109996423356
2026-07-13,350,Roland,28.487861688757885,1.6131270274595164,23.648480606379337
2026-07-13,350,Rémi,34.995513892363434,1.4803421627666615,30.55448740406345
2026-07-13,350,ManonV,12.553564148802824,2.0315193565453424,6.459006079166796
2026-07-13,350,Lilou,20.586934503112296,1.362191969503339,16.50035859460228
2026-07-13,350,Paul,21.83824096739482,1.4548885505688227,17.473575315688354
2026-07-13,350,Raphaël,31.263993722204305,1.7057163357305047,26.14684471501279
2026-07-13,350,Julia,22.476971089903365,2.6734322205956977,14.456674428116273
2026-07-13,350,Armelle,26.040623778273734,2.9640636412609003,17.148432854491034
2026-07-13,350,Jules,19.311534535815145,1.4595714525862875,14.932820178056282
2026-07-13,350,BenjaminC,27.195882244596994,1.834398344352813,21.692687211538555
2026-07-13,350,LaureS,27.130991420763888,2.623286006696926,19.26113340067311
2026-07-13,350,Sabine,20.673780869996012,5.382864605484701,4.525187053541909
2026-07-13,350,Loïc,19.28797246769632,1.7038369704377603,14.176461556383039
2026-07-13,350,JulieB,19.366775954978596,1.7656864937839658,14.069716473626698
2026-07-13,350,ThéoM,21.72442403970247,1.6814801255785703,16.67998366296676
2026-07-13,350,EmmanuelP,21.153078095125085,2.0764634485532354,14.92368774946538
2026-07-13,350,BenjaminZ,22.294787552581337,2.4295511334187028,15.006134152325227
2026-07-13,350,Maximilien,22.112973266797283,3.7883218629285995,10.748007678011485
2026-07-13,350,PhilippeA,25.56053894871333,4.1927001351978666,12.98243854311973
2026-07-13,350,Nicolas,11.928527135705245,1.779472387281945,6.590109973859411
2026-07-13,351,NathV,21.44379487331326,5.849331080771878,3.8958016309976244
2026-07-13,351,Lily,34.10747534690881,1.311455116828483,30.173109996423356
2026-07-13,351,Roland,28.487861688757885,1.6131270274595164,23.648480606379337
2026-07-13,351,Rémi,35.03339113664998,1.477749695917602,30.600142048897176
2026-07-13,351,ManonV,12.553564148802824,2.0315193565453424,6.459006079166796
2026-07-13,351,Lilou,20.554843815448194,1.3608901879626834,16.472173251560143
2026-07-13,351,Paul,21.874830935455137,1.4525867733761324,17.517070615326737
2026-07-13,351,Raphaël,31.263993722204305,1.7057163357305047,26.14684471501279
2026-07-13,351,Julia,22.476971089903365,2.6734322205956977,14.456674428116273
2026-07-13,351,Armelle,26.040623778273734,2.9640636412609003,17.148432854491034
2026-07-13,351,Jules,19.311534535815145,1.4595714525862875,14.932820178056282
2026-07-13,351,BenjaminC,27.195882244596994,1.834398344352813,21.692687211538555
2026-07-13,351,LaureS,27.130991420763888,2.623286006696926,19.26113340067311
2026-07-13,351,Sabine,20.673780869996012,5.382864605484701,4.525187053541909
2026-07-13,351,Loïc,19.28797246769632,1.7038369704377603,14.176461556383039
2026-07-13,351,JulieB,19.366775954978596,1.7656864937839658,14.069716473626698
2026-07-13,351,ThéoM,21.72442403970247,1.6814801255785703,16.67998366296676
2026-07-13,351,EmmanuelP,21.153078095125085,2.0764634485532354,14.92368774946538
2026-07-13,351,BenjaminZ,22.1929652744185,2.4091618165340716,14.965479824816287
2026-07-13,351,Maximilien,22.112973266797283,3.7883218629285995,10.748007678011485
2026-07-13,351,PhilippeA,25.56053894871333,4.1927001351978666,12.98243854311973
2026-07-13,351,Nicolas,11.928527135705245,1.779472387281945,6.590109973859411
2026-07-13,352,NathV,21.44379487331326,5.849331080771878,3.8958016309976244
2026-07-13,352,Lily,34.10822106758786,1.3139364512333251,30.16641171388789
2026-07-13,352,Roland,28.487861688757885,1.6131270274595164,23.648480606379337
2026-07-13,352,Rémi,35.03339113664998,1.477749695917602,30.600142048897176
2026-07-13,352,ManonV,12.553564148802824,2.0315193565453424,6.459006079166796
2026-07-13,352,Lilou,20.55404104589817,1.363256496362237,16.46427155681146
2026-07-13,352,Paul,21.874830935455137,1.4525867733761324,17.517070615326737
2026-07-13,352,Raphaël,31.263993722204305,1.7057163357305047,26.14684471501279
2026-07-13,352,Julia,22.476971089903365,2.6734322205956977,14.456674428116273
2026-07-13,352,Armelle,26.040623778273734,2.9640636412609003,17.148432854491034
2026-07-13,352,Jules,19.311534535815145,1.4595714525862875,14.932820178056282
2026-07-13,352,BenjaminC,27.195882244596994,1.834398344352813,21.692687211538555
2026-07-13,352,LaureS,27.133966158200394,2.6233055325683536,19.264049560495334
2026-07-13,352,Sabine,20.673780869996012,5.382864605484701,4.525187053541909
2026-07-13,352,Loïc,19.28797246769632,1.7038369704377603,14.176461556383039
2026-07-13,352,JulieB,19.366775954978596,1.7656864937839658,14.069716473626698
2026-07-13,352,ThéoM,21.72442403970247,1.6814801255785703,16.67998366296676
2026-07-13,352,EmmanuelP,21.153078095125085,2.0764634485532354,14.92368774946538
2026-07-13,352,BenjaminZ,22.1929652744185,2.4091618165340716,14.965479824816287
2026-07-13,352,Maximilien,22.112973266797283,3.7883218629285995,10.748007678011485
2026-07-13,352,PhilippeA,25.56053894871333,4.1927001351978666,12.98243854311973
2026-07-13,352,Nicolas,11.927156717171467,1.781014973502294,6.584111796664585
2026-07-13,353,NathV,21.44379487331326,5.849331080771878,3.8958016309976244
2026-07-13,353,Lily,34.05948199617647,1.3116575393727548,30.124509378058207
2026-07-13,353,Roland,28.487861688757885,1.6131270274595164,23.648480606379337
2026-07-13,353,Rémi,35.09498901620065,1.473105310934563,30.67567308339696
2026-07-13,353,ManonV,12.553564148802824,2.0315193565453424,6.459006079166796
2026-07-13,353,Lilou,20.55404104589817,1.363256496362237,16.46427155681146
2026-07-13,353,Paul,21.934355507675384,1.4483335583080812,17.58935483275114
2026-07-13,353,Raphaël,31.263993722204305,1.7057163357305047,26.14684471501279
2026-07-13,353,Julia,22.476971089903365,2.6734322205956977,14.456674428116273
2026-07-13,353,Armelle,26.040623778273734,2.9640636412609003,17.148432854491034
2026-07-13,353,Jules,19.311534535815145,1.4595714525862875,14.932820178056282
2026-07-13,353,BenjaminC,27.195882244596994,1.834398344352813,21.692687211538555
2026-07-13,353,LaureS,27.133966158200394,2.6233055325683536,19.264049560495334
2026-07-13,353,Sabine,20.673780869996012,5.382864605484701,4.525187053541909
2026-07-13,353,Loïc,19.28797246769632,1.7038369704377603,14.176461556383039
2026-07-13,353,JulieB,19.366775954978596,1.7656864937839658,14.069716473626698
2026-07-13,353,ThéoM,21.72442403970247,1.6814801255785703,16.67998366296676
2026-07-13,353,EmmanuelP,21.153078095125085,2.0764634485532354,14.92368774946538
2026-07-13,353,BenjaminZ,22.1929652744185,2.4091618165340716,14.965479824816287
2026-07-13,353,Maximilien,22.112973266797283,3.7883218629285995,10.748007678011485
2026-07-13,353,PhilippeA,25.56053894871333,4.1927001351978666,12.98243854311973
2026-07-13,353,Nicolas,11.837770613044713,1.7707276020093832,6.525587807016564
2026-07-13,354,NathV,21.44379487331326,5.849331080771878,3.8958016309976244
2026-07-13,354,Lily,34.05948199617647,1.3116575393727548,30.124509378058207
2026-07-13,354,Roland,28.487861688757885,1.6131270274595164,23.648480606379337
2026-07-13,354,Rémi,35.1694815395031,1.4681081805880203,30.76515699773904
2026-07-13,354,ManonV,12.553564148802824,2.0315193565453424,6.459006079166796
2026-07-13,354,Lilou,20.490209929310712,1.3599713933710225,16.410295749197644
2026-07-13,354,Paul,21.934355507675384,1.4483335583080812,17.58935483275114
2026-07-13,354,Raphaël,31.263993722204305,1.7057163357305047,26.14684471501279
2026-07-13,354,Julia,22.476971089903365,2.6734322205956977,14.456674428116273
2026-07-13,354,Armelle,26.040623778273734,2.9640636412609003,17.148432854491034
2026-07-13,354,Jules,19.311534535815145,1.4595714525862875,14.932820178056282
2026-07-13,354,BenjaminC,27.195882244596994,1.834398344352813,21.692687211538555
2026-07-13,354,LaureS,26.898247864109244,2.5830168019950657,19.149197458124046
2026-07-13,354,Sabine,20.673780869996012,5.382864605484701,4.525187053541909
2026-07-13,354,Loïc,19.28797246769632,1.7038369704377603,14.176461556383039
2026-07-13,354,JulieB,19.366775954978596,1.7656864937839658,14.069716473626698
2026-07-13,354,ThéoM,21.72442403970247,1.6814801255785703,16.67998366296676
2026-07-13,354,EmmanuelP,21.153078095125085,2.0764634485532354,14.92368774946538
2026-07-13,354,BenjaminZ,22.391807568329575,2.378403404383516,15.256597355179027
2026-07-13,354,Maximilien,22.112973266797283,3.7883218629285995,10.748007678011485
2026-07-13,354,PhilippeA,25.56053894871333,4.1927001351978666,12.98243854311973
2026-07-13,354,Nicolas,11.837770613044713,1.7707276020093832,6.525587807016564
2026-07-13,355,NathV,21.44379487331326,5.849331080771878,3.8958016309976244
2026-07-13,355,Lily,34.08868278986297,1.3108905979437224,30.156010996031803
2026-07-13,355,Roland,28.487861688757885,1.6131270274595164,23.648480606379337
2026-07-13,355,Rémi,35.1694815395031,1.4681081805880203,30.76515699773904
2026-07-13,355,ManonV,12.553564148802824,2.0315193565453424,6.459006079166796
2026-07-13,355,Lilou,20.458827148973825,1.3587208795194914,16.382664510415353
2026-07-13,355,Paul,21.898777892345848,1.4461397450950066,17.560358657060828
2026-07-13,355,Raphaël,31.263993722204305,1.7057163357305047,26.14684471501279
2026-07-13,355,Julia,22.476971089903365,2.6734322205956977,14.456674428116273
2026-07-13,355,Armelle,26.040623778273734,2.9640636412609003,17.148432854491034
2026-07-13,355,Jules,19.311534535815145,1.4595714525862875,14.932820178056282
2026-07-13,355,BenjaminC,27.195882244596994,1.834398344352813,21.692687211538555
2026-07-13,355,LaureS,26.898247864109244,2.5830168019950657,19.149197458124046
2026-07-13,355,Sabine,20.673780869996012,5.382864605484701,4.525187053541909
2026-07-13,355,Loïc,19.28797246769632,1.7038369704377603,14.176461556383039
2026-07-13,355,JulieB,19.366775954978596,1.7656864937839658,14.069716473626698
2026-07-13,355,ThéoM,21.72442403970247,1.6814801255785703,16.67998366296676
2026-07-13,355,EmmanuelP,21.153078095125085,2.0764634485532354,14.92368774946538
2026-07-13,355,BenjaminZ,22.487550810270307,2.35954834866926,15.408905764262528
2026-07-13,355,Maximilien,22.112973266797283,3.7883218629285995,10.748007678011485
2026-07-13,355,PhilippeA,25.56053894871333,4.1927001351978666,12.98243854311973
2026-07-13,355,Nicolas,11.837770613044713,1.7707276020093832,6.525587807016564
2026-07-13,356,NathV,21.44379487331326,5.849331080771878,3.8958016309976244
2026-07-13,356,Lily,34.25518699134817,1.30392197865698,30.343421055377227
2026-07-13,356,Roland,28.487861688757885,1.6131270274595164,23.648480606379337
2026-07-13,356,Rémi,34.960814458949336,1.456969790480629,30.58990508750745
2026-07-13,356,ManonV,12.553564148802824,2.0315193565453424,6.459006079166796
2026-07-13,356,Lilou,20.280000647234605,1.3505695409476217,16.22829202439174
2026-07-13,356,Paul,22.101266709584582,1.435634142153993,17.794364283122604
2026-07-13,356,Raphaël,31.263993722204305,1.7057163357305047,26.14684471501279
2026-07-13,356,Julia,22.476971089903365,2.6734322205956977,14.456674428116273
2026-07-13,356,Armelle,26.040623778273734,2.9640636412609003,17.148432854491034
2026-07-13,356,Jules,19.311534535815145,1.4595714525862875,14.932820178056282
2026-07-13,356,BenjaminC,27.195882244596994,1.834398344352813,21.692687211538555
2026-07-13,356,LaureS,26.898247864109244,2.5830168019950657,19.149197458124046
2026-07-13,356,Sabine,20.673780869996012,5.382864605484701,4.525187053541909
2026-07-13,356,Loïc,19.28797246769632,1.7038369704377603,14.176461556383039
2026-07-13,356,JulieB,19.366775954978596,1.7656864937839658,14.069716473626698
2026-07-13,356,ThéoM,21.72442403970247,1.6814801255785703,16.67998366296676
2026-07-13,356,EmmanuelP,21.153078095125085,2.0764634485532354,14.92368774946538
2026-07-13,356,BenjaminZ,22.487550810270307,2.35954834866926,15.408905764262528
2026-07-13,356,Maximilien,22.112973266797283,3.7883218629285995,10.748007678011485
2026-07-13,356,PhilippeA,25.56053894871333,4.1927001351978666,12.98243854311973
2026-07-13,356,Nicolas,11.837770613044713,1.7707276020093832,6.525587807016564
2026-07-13,357,NathV,21.44379487331326,5.849331080771878,3.8958016309976244
2026-07-13,357,Lily,34.40927016960547,1.2973750489822302,30.51714502265878
2026-07-13,357,Roland,28.487861688757885,1.6131270274595164,23.648480606379337
2026-07-13,357,Rémi,34.76859324867609,1.4465107309628467,30.42906105578755
2026-07-13,357,ManonV,12.553564148802824,2.0315193565453424,6.459006079166796
2026-07-13,357,Lilou,20.11474132294598,1.3429085904425377,16.086015551618367
2026-07-13,357,Paul,22.28791764546834,1.4257660667501988,18.010619445217742
2026-07-13,357,Raphaël,31.263993722204305,1.7057163357305047,26.14684471501279
2026-07-13,357,Julia,22.476971089903365,2.6734322205956977,14.456674428116273
2026-07-13,357,Armelle,26.040623778273734,2.9640636412609003,17.148432854491034
2026-07-13,357,Jules,19.311534535815145,1.4595714525862875,14.932820178056282
2026-07-13,357,BenjaminC,27.195882244596994,1.834398344352813,21.692687211538555
2026-07-13,357,LaureS,26.898247864109244,2.5830168019950657,19.149197458124046
2026-07-13,357,Sabine,20.673780869996012,5.382864605484701,4.525187053541909
2026-07-13,357,Loïc,19.28797246769632,1.7038369704377603,14.176461556383039
2026-07-13,357,JulieB,19.366775954978596,1.7656864937839658,14.069716473626698
2026-07-13,357,ThéoM,21.72442403970247,1.6814801255785703,16.67998366296676
2026-07-13,357,EmmanuelP,21.153078095125085,2.0764634485532354,14.92368774946538
2026-07-13,357,BenjaminZ,22.487550810270307,2.35954834866926,15.408905764262528
2026-07-13,357,Maximilien,22.112973266797283,3.7883218629285995,10.748007678011485
2026-07-13,357,PhilippeA,25.56053894871333,4.1927001351978666,12.98243854311973
2026-07-13,357,Nicolas,11.837770613044713,1.7707276020093832,6.525587807016564
2026-07-13,358,NathV,21.44379487331326,5.849331080771878,3.8958016309976244
2026-07-13,358,Lily,34.41137485785521,1.2996318964681721,30.512479168450692
2026-07-13,358,Roland,28.487861688757885,1.6131270274595164,23.648480606379337
2026-07-13,358,Rémi,34.76859324867609,1.4465107309628467,30.42906105578755
2026-07-13,358,ManonV,12.553564148802824,2.0315193565453424,6.459006079166796
2026-07-13,358,Lilou,20.11248692477247,1.3450297103661346,16.077397793674066
2026-07-13,358,Paul,22.290457718619255,1.4276467813193268,18.007517374661276
2026-07-13,358,Raphaël,31.263993722204305,1.7057163357305047,26.14684471501279
2026-07-13,358,Julia,22.476971089903365,2.6734322205956977,14.456674428116273
2026-07-13,358,Armelle,26.040623778273734,2.9640636412609003,17.148432854491034
2026-07-13,358,Jules,19.311534535815145,1.4595714525862875,14.932820178056282
2026-07-13,358,BenjaminC,27.195882244596994,1.834398344352813,21.692687211538555
2026-07-13,358,LaureS,26.898247864109244,2.5830168019950657,19.149197458124046
2026-07-13,358,Sabine,20.673780869996012,5.382864605484701,4.525187053541909
2026-07-13,358,Loïc,19.28797246769632,1.7038369704377603,14.176461556383039
2026-07-13,358,JulieB,19.366775954978596,1.7656864937839658,14.069716473626698
2026-07-13,358,ThéoM,21.72442403970247,1.6814801255785703,16.67998366296676
2026-07-13,358,EmmanuelP,21.153078095125085,2.0764634485532354,14.92368774946538
2026-07-13,358,BenjaminZ,22.487550810270307,2.35954834866926,15.408905764262528
2026-07-13,358,Maximilien,22.112973266797283,3.7883218629285995,10.748007678011485
2026-07-13,358,PhilippeA,25.56053894871333,4.1927001351978666,12.98243854311973
2026-07-13,358,Nicolas,11.833857405341377,1.771630735868348,6.518965197736332
2026-07-15,359,NathV,21.44379487331326,5.849331080771878,3.8958016309976244
2026-07-15,359,Lily,34.41137485785521,1.2996318964681721,30.512479168450692
2026-07-15,359,Roland,28.487861688757885,1.6131270274595164,23.648480606379337
2026-07-15,359,Rémi,34.76859324867609,1.4465107309628467,30.42906105578755
2026-07-15,359,ManonV,12.237321153277124,2.003318536247028,6.22736554453604
2026-07-15,359,Lilou,20.11248692477247,1.3450297103661346,16.077397793674066
2026-07-15,359,Paul,22.290457718619255,1.4276467813193268,18.007517374661276
2026-07-15,359,Raphaël,31.263993722204305,1.7057163357305047,26.14684471501279
2026-07-15,359,Julia,22.476971089903365,2.6734322205956977,14.456674428116273
2026-07-15,359,Armelle,26.040623778273734,2.9640636412609003,17.148432854491034
2026-07-15,359,Jules,19.311534535815145,1.4595714525862875,14.932820178056282
2026-07-15,359,BenjaminC,27.195882244596994,1.834398344352813,21.692687211538555
2026-07-15,359,LaureS,26.898247864109244,2.5830168019950657,19.149197458124046
2026-07-15,359,Sabine,20.673780869996012,5.382864605484701,4.525187053541909
2026-07-15,359,Loïc,19.28797246769632,1.7038369704377603,14.176461556383039
2026-07-15,359,JulieB,19.127751509191437,1.748034177650187,13.883648976240876
2026-07-15,359,ThéoM,21.72442403970247,1.6814801255785703,16.67998366296676
2026-07-15,359,EmmanuelP,21.153078095125085,2.0764634485532354,14.92368774946538
2026-07-15,359,BenjaminZ,22.91398101773459,2.3140645946319296,15.9717872338388
2026-07-15,359,Maximilien,22.112973266797283,3.7883218629285995,10.748007678011485
2026-07-15,359,PhilippeA,25.56053894871333,4.1927001351978666,12.98243854311973
2026-07-15,359,Nicolas,12.074490344697342,1.7537727279655397,6.813172160800723
2026-07-15,360,NathV,21.44379487331326,5.849331080771878,3.8958016309976244
2026-07-15,360,Lily,34.235191022721736,1.2928501200460758,30.35664066258351
2026-07-15,360,Roland,28.487861688757885,1.6131270274595164,23.648480606379337
2026-07-15,360,Rémi,34.986678212033354,1.435882497979356,30.679030718095284
2026-07-15,360,ManonV,12.237321153277124,2.003318536247028,6.22736554453604
2026-07-15,360,Lilou,20.301143114809637,1.3371342082148556,16.28974049016507
2026-07-15,360,Paul,22.290457718619255,1.4276467813193268,18.007517374661276
2026-07-15,360,Raphaël,31.263993722204305,1.7057163357305047,26.14684471501279
2026-07-15,360,Julia,22.476971089903365,2.6734322205956977,14.456674428116273
2026-07-15,360,Armelle,26.040623778273734,2.9640636412609003,17.148432854491034
2026-07-15,360,Jules,19.311534535815145,1.4595714525862875,14.932820178056282
2026-07-15,360,BenjaminC,27.195882244596994,1.834398344352813,21.692687211538555
2026-07-15,360,LaureS,26.898247864109244,2.5830168019950657,19.149197458124046
2026-07-15,360,Sabine,20.673780869996012,5.382864605484701,4.525187053541909
2026-07-15,360,Loïc,19.28797246769632,1.7038369704377603,14.176461556383039
2026-07-15,360,JulieB,19.127751509191437,1.748034177650187,13.883648976240876
2026-07-15,360,ThéoM,21.72442403970247,1.6814801255785703,16.67998366296676
2026-07-15,360,EmmanuelP,20.704445416043125,2.039513510823418,14.585904883572871
2026-07-15,360,BenjaminZ,22.91398101773459,2.3140645946319296,15.9717872338388
2026-07-15,360,Maximilien,22.112973266797283,3.7883218629285995,10.748007678011485
2026-07-15,360,PhilippeA,25.56053894871333,4.1927001351978666,12.98243854311973
2026-07-15,360,Nicolas,12.074490344697342,1.7537727279655397,6.813172160800723
2026-07-15,361,NathV,21.44379487331326,5.849331080771878,3.8958016309976244
2026-07-15,361,Lily,34.235191022721736,1.2928501200460758,30.35664066258351
2026-07-15,361,Roland,28.487861688757885,1.6131270274595164,23.648480606379337
2026-07-15,361,Rémi,34.986678212033354,1.435882497979356,30.679030718095284
2026-07-15,361,ManonV,12.73710925109609,1.9699957011276783,6.827122147713055
2026-07-15,361,Lilou,20.301143114809637,1.3371342082148556,16.28974049016507
2026-07-15,361,Paul,22.290457718619255,1.4276467813193268,18.007517374661276
2026-07-15,361,Raphaël,31.263993722204305,1.7057163357305047,26.14684471501279
2026-07-15,361,Julia,22.476971089903365,2.6734322205956977,14.456674428116273
2026-07-15,361,Armelle,26.040623778273734,2.9640636412609003,17.148432854491034
2026-07-15,361,Jules,19.311534535815145,1.4595714525862875,14.932820178056282
2026-07-15,361,BenjaminC,27.195882244596994,1.834398344352813,21.692687211538555
2026-07-15,361,LaureS,26.898247864109244,2.5830168019950657,19.149197458124046
2026-07-15,361,Sabine,20.673780869996012,5.382864605484701,4.525187053541909
2026-07-15,361,Loïc,19.28797246769632,1.7038369704377603,14.176461556383039
2026-07-15,361,JulieB,19.50848473888293,1.7267605321897144,14.328203142313788
2026-07-15,361,ThéoM,21.72442403970247,1.6814801255785703,16.67998366296676
2026-07-15,361,EmmanuelP,20.704445416043125,2.039513510823418,14.585904883572871
2026-07-15,361,BenjaminZ,22.247406275482295,2.2614089571425904,15.463179404054523
2026-07-15,361,Maximilien,22.112973266797283,3.7883218629285995,10.748007678011485
2026-07-15,361,PhilippeA,25.56053894871333,4.1927001351978666,12.98243854311973
2026-07-15,361,Nicolas,11.691258902137829,1.7322622581643745,6.4944721276447055
2026-07-15,362,NathV,21.44379487331326,5.849331080771878,3.8958016309976244
2026-07-15,362,Lily,34.075106754457835,1.2865269717242906,30.215525839284965
2026-07-15,362,Roland,28.487861688757885,1.6131270274595164,23.648480606379337
2026-07-15,362,Rémi,35.183988534447565,1.4259650057694282,30.90609351713928
2026-07-15,362,ManonV,12.73710925109609,1.9699957011276783,6.827122147713055
2026-07-15,362,Lilou,20.47233580919255,1.3297664686108364,16.483036403360042
2026-07-15,362,Paul,22.290457718619255,1.4276467813193268,18.007517374661276
2026-07-15,362,Raphaël,31.263993722204305,1.7057163357305047,26.14684471501279
2026-07-15,362,Julia,22.476971089903365,2.6734322205956977,14.456674428116273
2026-07-15,362,Armelle,26.040623778273734,2.9640636412609003,17.148432854491034
2026-07-15,362,Jules,19.311534535815145,1.4595714525862875,14.932820178056282
2026-07-15,362,BenjaminC,27.195882244596994,1.834398344352813,21.692687211538555
2026-07-15,362,LaureS,26.898247864109244,2.5830168019950657,19.149197458124046
2026-07-15,362,Sabine,20.673780869996012,5.382864605484701,4.525187053541909
2026-07-15,362,Loïc,19.28797246769632,1.7038369704377603,14.176461556383039
2026-07-15,362,JulieB,19.50848473888293,1.7267605321897144,14.328203142313788
2026-07-15,362,ThéoM,21.72442403970247,1.6814801255785703,16.67998366296676
2026-07-15,362,EmmanuelP,20.30704411603136,2.005805124143888,14.289628743599696
2026-07-15,362,BenjaminZ,22.247406275482295,2.2614089571425904,15.463179404054523
2026-07-15,362,Maximilien,22.112973266797283,3.7883218629285995,10.748007678011485
2026-07-15,362,PhilippeA,25.56053894871333,4.1927001351978666,12.98243854311973
2026-07-15,362,Nicolas,11.691258902137829,1.7322622581643745,6.4944721276447055
2026-07-15,363,NathV,21.44379487331326,5.849331080771878,3.8958016309976244
2026-07-15,363,Lily,34.08421565566789,1.2878620721163891,30.22062943931872
2026-07-15,363,Roland,28.487861688757885,1.6131270274595164,23.648480606379337
2026-07-15,363,Rémi,35.183988534447565,1.4259650057694282,30.90609351713928
2026-07-15,363,ManonV,12.73710925109609,1.9699957011276783,6.827122147713055
2026-07-15,363,Lilou,20.47233580919255,1.3297664686108364,16.483036403360042
2026-07-15,363,Paul,22.290457718619255,1.4276467813193268,18.007517374661276
2026-07-15,363,Raphaël,31.263993722204305,1.7057163357305047,26.14684471501279
2026-07-15,363,Julia,22.476971089903365,2.6734322205956977,14.456674428116273
2026-07-15,363,Armelle,26.040623778273734,2.9640636412609003,17.148432854491034
2026-07-15,363,Jules,19.311534535815145,1.4595714525862875,14.932820178056282
2026-07-15,363,BenjaminC,27.195882244596994,1.834398344352813,21.692687211538555
2026-07-15,363,LaureS,26.898247864109244,2.5830168019950657,19.149197458124046
2026-07-15,363,Sabine,20.673780869996012,5.382864605484701,4.525187053541909
2026-07-15,363,Loïc,19.28797246769632,1.7038369704377603,14.176461556383039
2026-07-15,363,JulieB,19.524863626201626,1.7254872411189817,14.348401902844682
2026-07-15,363,ThéoM,21.72442403970247,1.6814801255785703,16.67998366296676
2026-07-15,363,EmmanuelP,20.30704411603136,2.005805124143888,14.289628743599696
2026-07-15,363,BenjaminZ,22.21934176810597,2.2555755297223308,15.452615178938977
2026-07-15,363,Maximilien,22.112973266797283,3.7883218629285995,10.748007678011485
2026-07-15,363,PhilippeA,25.56053894871333,4.1927001351978666,12.98243854311973
2026-07-15,363,Nicolas,11.67477572011839,1.7309511648474358,6.481922225576083
2026-07-16,364,NathV,21.44379487331326,5.849331080771878,3.8958016309976244
2026-07-16,364,Lily,34.08421565566789,1.2878620721163891,30.22062943931872
2026-07-16,364,Roland,28.734584147279094,1.5979539794177793,23.940722209025758
2026-07-16,364,Rémi,35.183988534447565,1.4259650057694282,30.90609351713928
2026-07-16,364,ManonV,12.73710925109609,1.9699957011276783,6.827122147713055
2026-07-16,364,Lilou,20.30446813250915,1.3226691211324952,16.336460769111664
2026-07-16,364,Paul,22.290457718619255,1.4276467813193268,18.007517374661276
2026-07-16,364,Raphaël,31.263993722204305,1.7057163357305047,26.14684471501279
2026-07-16,364,Julia,22.476971089903365,2.6734322205956977,14.456674428116273
2026-07-16,364,Armelle,26.040623778273734,2.9640636412609003,17.148432854491034
2026-07-16,364,Jules,19.311534535815145,1.4595714525862875,14.932820178056282
2026-07-16,364,BenjaminC,27.195882244596994,1.834398344352813,21.692687211538555
2026-07-16,364,LaureS,26.898247864109244,2.5830168019950657,19.149197458124046
2026-07-16,364,Sabine,20.673780869996012,5.382864605484701,4.525187053541909
2026-07-16,364,Loïc,19.012798209601957,1.6854552740666688,13.95643238740195
2026-07-16,364,JulieB,19.524863626201626,1.7254872411189817,14.348401902844682
2026-07-16,364,ThéoM,21.72442403970247,1.6814801255785703,16.67998366296676
2026-07-16,364,EmmanuelP,20.30704411603136,2.005805124143888,14.289628743599696
2026-07-16,364,BenjaminZ,22.21934176810597,2.2555755297223308,15.452615178938977
2026-07-16,364,Maximilien,22.112973266797283,3.7883218629285995,10.748007678011485
2026-07-16,364,PhilippeA,25.56053894871333,4.1927001351978666,12.98243854311973
2026-07-16,364,Nicolas,11.958756628456701,1.7115454491126894,6.824120281118633
2026-07-16,365,NathV,21.44379487331326,5.849331080771878,3.8958016309976244
2026-07-16,365,Lily,34.08421565566789,1.2878620721163891,30.22062943931872
2026-07-16,365,Roland,28.734584147279094,1.5979539794177793,23.940722209025758
2026-07-16,365,Rémi,35.183988534447565,1.4259650057694282,30.90609351713928
2026-07-16,365,ManonV,12.647135429536824,1.957750043894547,6.773885297853184
2026-07-16,365,Lilou,20.30446813250915,1.3226691211324952,16.336460769111664
2026-07-16,365,Paul,22.33778678389422,1.4247417577219164,18.06356151072847
2026-07-16,365,Raphaël,31.263993722204305,1.7057163357305047,26.14684471501279
2026-07-16,365,Julia,22.476971089903365,2.6734322205956977,14.456674428116273
2026-07-16,365,Armelle,26.040623778273734,2.9640636412609003,17.148432854491034
2026-07-16,365,Jules,19.311534535815145,1.4595714525862875,14.932820178056282
2026-07-16,365,BenjaminC,27.195882244596994,1.834398344352813,21.692687211538555
2026-07-16,365,LaureS,26.898247864109244,2.5830168019950657,19.149197458124046
2026-07-16,365,Sabine,20.673780869996012,5.382864605484701,4.525187053541909
2026-07-16,365,Loïc,19.012798209601957,1.6854552740666688,13.95643238740195
2026-07-16,365,JulieB,19.4558007790903,1.718086206641615,14.301542159165455
2026-07-16,365,ThéoM,21.72442403970247,1.6814801255785703,16.67998366296676
2026-07-16,365,EmmanuelP,20.30704411603136,2.005805124143888,14.289628743599696
2026-07-16,365,BenjaminZ,22.337242451387937,2.23607944872988,15.629004105198296
2026-07-16,365,Maximilien,22.112973266797283,3.7883218629285995,10.748007678011485
2026-07-16,365,PhilippeA,25.56053894871333,4.1927001351978666,12.98243854311973
2026-07-16,365,Nicolas,11.958756628456701,1.7115454491126894,6.824120281118633
2026-07-16,366,NathV,21.44379487331326,5.849331080771878,3.8958016309976244
2026-07-16,366,Lily,33.82805664988554,1.2802856425133071,29.98719972234562
2026-07-16,366,Roland,28.734584147279094,1.5979539794177793,23.940722209025758
2026-07-16,366,Rémi,35.49778985604619,1.4144609352679027,31.25440705024248
2026-07-16,366,ManonV,12.647135429536824,1.957750043894547,6.773885297853184
2026-07-16,366,Lilou,20.30446813250915,1.3226691211324952,16.336460769111664
2026-07-16,366,Paul,22.33778678389422,1.4247417577219164,18.06356151072847
2026-07-16,366,Raphaël,31.263993722204305,1.7057163357305047,26.14684471501279
2026-07-16,366,Julia,22.476971089903365,2.6734322205956977,14.456674428116273
2026-07-16,366,Armelle,26.040623778273734,2.9640636412609003,17.148432854491034
2026-07-16,366,Jules,19.640250247852336,1.4470026431251501,15.299242318476885
2026-07-16,366,BenjaminC,27.195882244596994,1.834398344352813,21.692687211538555
2026-07-16,366,LaureS,25.87102990821708,2.5008717048761757,18.36841479358855
2026-07-16,366,Sabine,20.673780869996012,5.382864605484701,4.525187053541909
2026-07-16,366,Loïc,19.012798209601957,1.6854552740666688,13.95643238740195
2026-07-16,366,JulieB,19.4558007790903,1.718086206641615,14.301542159165455
2026-07-16,366,ThéoM,21.72442403970247,1.6814801255785703,16.67998366296676
2026-07-16,366,EmmanuelP,20.30704411603136,2.005805124143888,14.289628743599696
2026-07-16,366,BenjaminZ,22.337242451387937,2.23607944872988,15.629004105198296
2026-07-16,366,Maximilien,22.112973266797283,3.7883218629285995,10.748007678011485
2026-07-16,366,PhilippeA,25.56053894871333,4.1927001351978666,12.98243854311973
2026-07-16,366,Nicolas,11.958756628456701,1.7115454491126894,6.824120281118633
2026-07-16,367,NathV,21.44379487331326,5.849331080771878,3.8958016309976244
2026-07-16,367,Lily,33.82805664988554,1.2802856425133071,29.98719972234562
2026-07-16,367,Roland,28.782121753365878,1.5934958074929815,24.001634330886933
2026-07-16,367,Rémi,35.49778985604619,1.4144609352679027,31.25440705024248
2026-07-16,367,ManonV,12.647135429536824,1.957750043894547,6.773885297853184
2026-07-16,367,Lilou,20.30446813250915,1.3226691211324952,16.336460769111664
2026-07-16,367,Paul,22.299969982630003,1.4224748498643989,18.032545433036805
2026-07-16,367,Raphaël,31.263993722204305,1.7057163357305047,26.14684471501279
2026-07-16,367,Julia,22.476971089903365,2.6734322205956977,14.456674428116273
2026-07-16,367,Armelle,26.040623778273734,2.9640636412609003,17.148432854491034
2026-07-16,367,Jules,19.640250247852336,1.4470026431251501,15.299242318476885
2026-07-16,367,BenjaminC,27.195882244596994,1.834398344352813,21.692687211538555
2026-07-16,367,LaureS,25.87102990821708,2.5008717048761757,18.36841479358855
2026-07-16,367,Sabine,20.673780869996012,5.382864605484701,4.525187053541909
2026-07-16,367,Loïc,19.06567000904554,1.6797360920369668,14.026461732934639
2026-07-16,367,JulieB,19.4558007790903,1.718086206641615,14.301542159165455
2026-07-16,367,ThéoM,21.72442403970247,1.6814801255785703,16.67998366296676
2026-07-16,367,EmmanuelP,20.30704411603136,2.005805124143888,14.289628743599696
2026-07-16,367,BenjaminZ,22.337242451387937,2.23607944872988,15.629004105198296
2026-07-16,367,Maximilien,22.112973266797283,3.7883218629285995,10.748007678011485
2026-07-16,367,PhilippeA,25.56053894871333,4.1927001351978666,12.98243854311973
2026-07-16,367,Nicolas,11.904239313845322,1.7054284118699654,6.787954078235425
2026-07-16,368,NathV,21.44379487331326,5.849331080771878,3.8958016309976244
2026-07-16,368,Lily,33.82805664988554,1.2802856425133071,29.98719972234562
2026-07-16,368,Roland,28.782121753365878,1.5934958074929815,24.001634330886933
2026-07-16,368,Rémi,35.53193676224419,1.4126327270465604,31.294038581104513
2026-07-16,368,ManonV,12.647135429536824,1.957750043894547,6.773885297853184
2026-07-16,368,Lilou,20.3343417325967,1.3217893672408996,16.368973630874002
2026-07-16,368,Paul,22.299969982630003,1.4224748498643989,18.032545433036805
2026-07-16,368,Raphaël,31.263993722204305,1.7057163357305047,26.14684471501279
2026-07-16,368,Julia,22.476971089903365,2.6734322205956977,14.456674428116273
2026-07-16,368,Armelle,26.040623778273734,2.9640636412609003,17.148432854491034
2026-07-16,368,Jules,19.640250247852336,1.4470026431251501,15.299242318476885
2026-07-16,368,BenjaminC,27.195882244596994,1.834398344352813,21.692687211538555
2026-07-16,368,LaureS,25.87102990821708,2.5008717048761757,18.36841479358855
2026-07-16,368,Sabine,20.673780869996012,5.382864605484701,4.525187053541909
2026-07-16,368,Loïc,19.06567000904554,1.6797360920369668,14.026461732934639
2026-07-16,368,JulieB,19.405476792325686,1.7124415503015513,14.268152141421032
2026-07-16,368,ThéoM,21.72442403970247,1.6814801255785703,16.67998366296676
2026-07-16,368,EmmanuelP,20.30704411603136,2.005805124143888,14.289628743599696
2026-07-16,368,BenjaminZ,22.252081238260235,2.2207329348761315,15.589882433631841
2026-07-16,368,Maximilien,22.112973266797283,3.7883218629285995,10.748007678011485
2026-07-16,368,PhilippeA,25.56053894871333,4.1927001351978666,12.98243854311973
2026-07-16,368,Nicolas,11.904239313845322,1.7054284118699654,6.787954078235425
2026-07-16,369,NathV,21.44379487331326,5.849331080771878,3.8958016309976244
2026-07-16,369,Lily,33.8620710222192,1.2792830894058749,30.024221754001573
2026-07-16,369,Roland,28.72950784013943,1.5885270131594307,23.963926800661138
2026-07-16,369,Rémi,35.53193676224419,1.4126327270465604,31.294038581104513
2026-07-16,369,ManonV,12.647135429536824,1.957750043894547,6.773885297853184
2026-07-16,369,Lilou,20.3343417325967,1.3217893672408996,16.368973630874002
2026-07-16,369,Paul,22.299969982630003,1.4224748498643989,18.032545433036805
2026-07-16,369,Raphaël,31.263993722204305,1.7057163357305047,26.14684471501279
2026-07-16,369,Julia,22.476971089903365,2.6734322205956977,14.456674428116273
2026-07-16,369,Armelle,26.040623778273734,2.9640636412609003,17.148432854491034
2026-07-16,369,Jules,19.68366019974409,1.4440466803495238,15.351520158695518
2026-07-16,369,BenjaminC,27.195882244596994,1.834398344352813,21.692687211538555
2026-07-16,369,LaureS,25.87102990821708,2.5008717048761757,18.36841479358855
2026-07-16,369,Sabine,20.673780869996012,5.382864605484701,4.525187053541909
2026-07-16,369,Loïc,19.06567000904554,1.6797360920369668,14.026461732934639
2026-07-16,369,JulieB,19.405476792325686,1.7124415503015513,14.268152141421032
2026-07-16,369,ThéoM,21.72442403970247,1.6814801255785703,16.67998366296676
2026-07-16,369,EmmanuelP,20.30704411603136,2.005805124143888,14.289628743599696
2026-07-16,369,BenjaminZ,22.252081238260235,2.2207329348761315,15.589882433631841
2026-07-16,369,Maximilien,22.112973266797283,3.7883218629285995,10.748007678011485
2026-07-16,369,PhilippeA,25.56053894871333,4.1927001351978666,12.98243854311973
2026-07-16,369,Nicolas,11.843995101082738,1.6987043668729156,6.747882000463991
2026-07-17,370,NathV,21.44379487331326,5.849331080771878,3.8958016309976244
2026-07-17,370,Lily,33.8620710222192,1.2792830894058749,30.024221754001573
2026-07-17,370,Roland,28.759442602556703,1.5861484476515406,24.00099725960208
2026-07-17,370,Rémi,35.53193676224419,1.4126327270465604,31.294038581104513
2026-07-17,370,ManonV,12.647135429536824,1.957750043894547,6.773885297853184
2026-07-17,370,Lilou,20.3343417325967,1.3217893672408996,16.368973630874002
2026-07-17,370,Paul,22.299969982630003,1.4224748498643989,18.032545433036805
2026-07-17,370,Raphaël,31.263993722204305,1.7057163357305047,26.14684471501279
2026-07-17,370,Julia,22.476971089903365,2.6734322205956977,14.456674428116273
2026-07-17,370,Armelle,26.040623778273734,2.9640636412609003,17.148432854491034
2026-07-17,370,Jules,19.68366019974409,1.4440466803495238,15.351520158695518
2026-07-17,370,BenjaminC,27.195882244596994,1.834398344352813,21.692687211538555
2026-07-17,370,LaureS,25.945102551309535,2.4844611291221876,18.491719163942975
2026-07-17,370,Sabine,20.673780869996012,5.382864605484701,4.525187053541909
2026-07-17,370,Loïc,19.032208712011347,1.6764085440708063,14.002983079798927
2026-07-17,370,JulieB,19.370703017702574,1.7087538179283452,14.244441563917539
2026-07-17,370,ThéoM,21.72442403970247,1.6814801255785703,16.67998366296676
2026-07-17,370,EmmanuelP,20.30704411603136,2.005805124143888,14.289628743599696
2026-07-17,370,BenjaminZ,22.252081238260235,2.2207329348761315,15.589882433631841
2026-07-17,370,Maximilien,22.112973266797283,3.7883218629285995,10.748007678011485
2026-07-17,370,PhilippeA,25.56053894871333,4.1927001351978666,12.98243854311973
2026-07-17,370,Nicolas,11.843995101082738,1.6987043668729156,6.747882000463991
2026-07-17,371,NathV,21.44379487331326,5.849331080771878,3.8958016309976244
2026-07-17,371,Lily,33.953559419969025,1.2751964857751439,30.127969962643594
2026-07-17,371,Roland,28.61900657583983,1.5753891309043995,23.892839183126632
2026-07-17,371,Rémi,35.53193676224419,1.4126327270465604,31.294038581104513
2026-07-17,371,ManonV,12.647135429536824,1.957750043894547,6.773885297853184
2026-07-17,371,Lilou,20.3343417325967,1.3217893672408996,16.368973630874002
2026-07-17,371,Paul,22.299969982630003,1.4224748498643989,18.032545433036805
2026-07-17,371,Raphaël,31.263993722204305,1.7057163357305047,26.14684471501279
2026-07-17,371,Julia,22.476971089903365,2.6734322205956977,14.456674428116273
2026-07-17,371,Armelle,26.040623778273734,2.9640636412609003,17.148432854491034
2026-07-17,371,Jules,19.800126458292603,1.4366780810386248,15.490092215176729
2026-07-17,371,BenjaminC,27.195882244596994,1.834398344352813,21.692687211538555
2026-07-17,371,LaureS,25.945102551309535,2.4844611291221876,18.491719163942975
2026-07-17,371,Sabine,20.673780869996012,5.382864605484701,4.525187053541909
2026-07-17,371,Loïc,18.875380092198267,1.6631924743827327,13.885802669050069
2026-07-17,371,JulieB,19.370703017702574,1.7087538179283452,14.244441563917539
2026-07-17,371,ThéoM,21.72442403970247,1.6814801255785703,16.67998366296676
2026-07-17,371,EmmanuelP,20.30704411603136,2.005805124143888,14.289628743599696
2026-07-17,371,BenjaminZ,22.252081238260235,2.2207329348761315,15.589882433631841
2026-07-17,371,Maximilien,22.112973266797283,3.7883218629285995,10.748007678011485
2026-07-17,371,PhilippeA,25.56053894871333,4.1927001351978666,12.98243854311973
2026-07-17,371,Nicolas,11.843995101082738,1.6987043668729156,6.747882000463991
2026-07-17,372,NathV,21.44379487331326,5.849331080771878,3.8958016309976244
2026-07-17,372,Lily,33.953559419969025,1.2751964857751439,30.127969962643594
2026-07-17,372,Roland,28.349302508037376,1.5614185623300436,23.665046821047245
2026-07-17,372,Rémi,35.53193676224419,1.4126327270465604,31.294038581104513
2026-07-17,372,ManonV,12.647135429536824,1.957750043894547,6.773885297853184
2026-07-17,372,Lilou,20.3343417325967,1.3217893672408996,16.368973630874002
2026-07-17,372,Paul,22.299969982630003,1.4224748498643989,18.032545433036805
2026-07-17,372,Raphaël,31.263993722204305,1.7057163357305047,26.14684471501279
2026-07-17,372,Julia,22.476971089903365,2.6734322205956977,14.456674428116273
2026-07-17,372,Armelle,26.040623778273734,2.9640636412609003,17.148432854491034
2026-07-17,372,Jules,19.800126458292603,1.4366780810386248,15.490092215176729
2026-07-17,372,BenjaminC,27.195882244596994,1.834398344352813,21.692687211538555
2026-07-17,372,LaureS,26.614757451443086,2.4220888992272123,19.34849075376145
2026-07-17,372,Sabine,20.673780869996012,5.382864605484701,4.525187053541909
2026-07-17,372,Loïc,18.875380092198267,1.6631924743827327,13.885802669050069
2026-07-17,372,JulieB,19.053535291342946,1.6901407634637515,13.983113000951692
2026-07-17,372,ThéoM,21.72442403970247,1.6814801255785703,16.67998366296676
2026-07-17,372,EmmanuelP,20.743785917161276,1.9741007092784655,14.821483789325878
2026-07-17,372,BenjaminZ,22.252081238260235,2.2207329348761315,15.589882433631841
2026-07-17,372,Maximilien,22.112973266797283,3.7883218629285995,10.748007678011485
2026-07-17,372,PhilippeA,25.56053894871333,4.1927001351978666,12.98243854311973
2026-07-17,372,Nicolas,11.843995101082738,1.6987043668729156,6.747882000463991
2026-07-17,373,NathV,21.44379487331326,5.849331080771878,3.8958016309976244
2026-07-17,373,Lily,33.95772692729239,1.2771978007827327,30.126133524944194
2026-07-17,373,Roland,28.35554194480797,1.5623240101663785,23.668569914308836
2026-07-17,373,Rémi,35.53193676224419,1.4126327270465604,31.294038581104513
2026-07-17,373,ManonV,12.647135429536824,1.957750043894547,6.773885297853184
2026-07-17,373,Lilou,20.3343417325967,1.3217893672408996,16.368973630874002
2026-07-17,373,Paul,22.299969982630003,1.4224748498643989,18.032545433036805
2026-07-17,373,Raphaël,31.263993722204305,1.7057163357305047,26.14684471501279
2026-07-17,373,Julia,22.476971089903365,2.6734322205956977,14.456674428116273
2026-07-17,373,Armelle,26.040623778273734,2.9640636412609003,17.148432854491034
2026-07-17,373,Jules,19.800126458292603,1.4366780810386248,15.490092215176729
2026-07-17,373,BenjaminC,27.195882244596994,1.834398344352813,21.692687211538555
2026-07-17,373,LaureS,26.614757451443086,2.4220888992272123,19.34849075376145
2026-07-17,373,Sabine,20.673780869996012,5.382864605484701,4.525187053541909
2026-07-17,373,Loïc,18.875380092198267,1.6631924743827327,13.885802669050069
2026-07-17,373,JulieB,19.04622774311919,1.6905248688753591,13.974653136493112
2026-07-17,373,ThéoM,21.72442403970247,1.6814801255785703,16.67998366296676
2026-07-17,373,EmmanuelP,20.733823075007766,1.973201374249643,14.814218952258837
2026-07-17,373,BenjaminZ,22.252081238260235,2.2207329348761315,15.589882433631841
2026-07-17,373,Maximilien,22.112973266797283,3.7883218629285995,10.748007678011485
2026-07-17,373,PhilippeA,25.56053894871333,4.1927001351978666,12.98243854311973
2026-07-17,373,Nicolas,11.843995101082738,1.6987043668729156,6.747882000463991
2026-07-20,374,NathV,21.44379487331326,5.849331080771878,3.8958016309976244
2026-07-20,374,Lily,33.82277061132089,1.2715796648780557,30.008031616686722
2026-07-20,374,Roland,28.35554194480797,1.5623240101663785,23.668569914308836
2026-07-20,374,Rémi,35.69690456715073,1.4038173050118508,31.48545265211518
2026-07-20,374,ManonV,12.647135429536824,1.957750043894547,6.773885297853184
2026-07-20,374,Lilou,20.47884552978424,1.3151778258762328,16.533312052155544
2026-07-20,374,Paul,22.299969982630003,1.4224748498643989,18.032545433036805
2026-07-20,374,Raphaël,31.263993722204305,1.7057163357305047,26.14684471501279
2026-07-20,374,Julia,22.476971089903365,2.6734322205956977,14.456674428116273
2026-07-20,374,Armelle,26.040623778273734,2.9640636412609003,17.148432854491034
2026-07-20,374,Jules,19.629514446179453,1.4272366244495975,15.347804572830661
2026-07-20,374,BenjaminC,27.195882244596994,1.834398344352813,21.692687211538555
2026-07-20,374,LaureS,26.614757451443086,2.4220888992272123,19.34849075376145
2026-07-20,374,Sabine,20.673780869996012,5.382864605484701,4.525187053541909
2026-07-20,374,Loïc,18.875380092198267,1.6631924743827327,13.885802669050069
2026-07-20,374,JulieB,19.04622774311919,1.6905248688753591,13.974653136493112
2026-07-20,374,ThéoM,21.72442403970247,1.6814801255785703,16.67998366296676
2026-07-20,374,EmmanuelP,20.733823075007766,1.973201374249643,14.814218952258837
2026-07-20,374,BenjaminZ,22.252081238260235,2.2207329348761315,15.589882433631841
2026-07-20,374,Maximilien,22.112973266797283,3.7883218629285995,10.748007678011485
2026-07-20,374,PhilippeA,25.56053894871333,4.1927001351978666,12.98243854311973
2026-07-20,374,Nicolas,11.843995101082738,1.6987043668729156,6.747882000463991
2026-07-20,375,NathV,21.44379487331326,5.849331080771878,3.8958016309976244
2026-07-20,375,Lily,33.82277061132089,1.2715796648780557,30.008031616686722
2026-07-20,375,Roland,28.35554194480797,1.5623240101663785,23.668569914308836
2026-07-20,375,Rémi,35.71934181710549,1.4030861706300302,31.510083305215396
2026-07-20,375,ManonV,12.647135429536824,1.957750043894547,6.773885297853184
2026-07-20,375,Lilou,20.45914264411693,1.3151804713080202,16.51360123019287
2026-07-20,375,Paul,22.299969982630003,1.4224748498643989,18.032545433036805
2026-07-20,375,Raphaël,31.263993722204305,1.7057163357305047,26.14684471501279
2026-07-20,375,Julia,22.476971089903365,2.6734322205956977,14.456674428116273
2026-07-20,375,Armelle,26.040623778273734,2.9640636412609003,17.148432854491034
2026-07-20,375,Jules,19.652703913162984,1.4263024972059037,15.373796421545272
2026-07-20,375,BenjaminC,27.195882244596994,1.834398344352813,21.692687211538555
2026-07-20,375,LaureS,26.614757451443086,2.4220888992272123,19.34849075376145
2026-07-20,375,Sabine,20.673780869996012,5.382864605484701,4.525187053541909
2026-07-20,375,Loïc,18.843917486970856,1.6599588818298554,13.86404084148129
2026-07-20,375,JulieB,19.04622774311919,1.6905248688753591,13.974653136493112
2026-07-20,375,ThéoM,21.72442403970247,1.6814801255785703,16.67998366296676
2026-07-20,375,EmmanuelP,20.733823075007766,1.973201374249643,14.814218952258837
2026-07-20,375,BenjaminZ,22.252081238260235,2.2207329348761315,15.589882433631841
2026-07-20,375,Maximilien,22.112973266797283,3.7883218629285995,10.748007678011485
2026-07-20,375,PhilippeA,25.56053894871333,4.1927001351978666,12.98243854311973
2026-07-20,375,Nicolas,11.843995101082738,1.6987043668729156,6.747882000463991
2026-07-20,376,NathV,21.44379487331326,5.849331080771878,3.8958016309976244
2026-07-20,376,Lily,33.848098703896596,1.2713210353813753,30.03413559775247
2026-07-20,376,Roland,28.35554194480797,1.5623240101663785,23.668569914308836
2026-07-20,376,Rémi,35.71934181710549,1.4030861706300302,31.510083305215396
2026-07-20,376,ManonV,12.647135429536824,1.957750043894547,6.773885297853184
2026-07-20,376,Lilou,20.45914264411693,1.3151804713080202,16.51360123019287
2026-07-20,376,Paul,22.299969982630003,1.4224748498643989,18.032545433036805
2026-07-20,376,Raphaël,31.263993722204305,1.7057163357305047,26.14684471501279
2026-07-20,376,Julia,22.476971089903365,2.6734322205956977,14.456674428116273
2026-07-20,376,Armelle,26.040623778273734,2.9640636412609003,17.148432854491034
2026-07-20,376,Jules,19.62086506376568,1.4245246441090187,15.347291131438624
2026-07-20,376,BenjaminC,27.195882244596994,1.834398344352813,21.692687211538555
2026-07-20,376,LaureS,26.614757451443086,2.4220888992272123,19.34849075376145
2026-07-20,376,Sabine,20.673780869996012,5.382864605484701,4.525187053541909
2026-07-20,376,Loïc,18.80083091883551,1.6554178972459497,13.83457722709766
2026-07-20,376,JulieB,19.090911661054783,1.6855734464089083,14.034191321828057
2026-07-20,376,ThéoM,21.72442403970247,1.6814801255785703,16.67998366296676
2026-07-20,376,EmmanuelP,20.733823075007766,1.973201374249643,14.814218952258837
2026-07-20,376,BenjaminZ,22.252081238260235,2.2207329348761315,15.589882433631841
2026-07-20,376,Maximilien,22.112973266797283,3.7883218629285995,10.748007678011485
2026-07-20,376,PhilippeA,25.56053894871333,4.1927001351978666,12.98243854311973
2026-07-20,376,Nicolas,11.843995101082738,1.6987043668729156,6.747882000463991
2026-07-20,377,NathV,21.44379487331326,5.849331080771878,3.8958016309976244
2026-07-20,377,Lily,33.84848093232039,1.2739590908082326,30.026603659895695
2026-07-20,377,Roland,28.35554194480797,1.5623240101663785,23.668569914308836
2026-07-20,377,Rémi,35.71980702650901,1.4054375678344913,31.503494323005537
2026-07-20,377,ManonV,12.647135429536824,1.957750043894547,6.773885297853184
2026-07-20,377,Lilou,20.458733702470116,1.3177181076737678,16.50557937944881
2026-07-20,377,Paul,22.299969982630003,1.4224748498643989,18.032545433036805
2026-07-20,377,Raphaël,31.263993722204305,1.7057163357305047,26.14684471501279
2026-07-20,377,Julia,22.476971089903365,2.6734322205956977,14.456674428116273
2026-07-20,377,Armelle,26.040623778273734,2.9640636412609003,17.148432854491034
2026-07-20,377,Jules,19.620385579760274,1.426833277095612,15.339885748473439
2026-07-20,377,BenjaminC,27.195882244596994,1.834398344352813,21.692687211538555
2026-07-20,377,LaureS,26.614757451443086,2.4220888992272123,19.34849075376145
2026-07-20,377,Sabine,20.673780869996012,5.382864605484701,4.525187053541909
2026-07-20,377,Loïc,18.80083091883551,1.6554178972459497,13.83457722709766
2026-07-20,377,JulieB,19.090911661054783,1.6855734464089083,14.034191321828057
2026-07-20,377,ThéoM,21.72442403970247,1.6814801255785703,16.67998366296676
2026-07-20,377,EmmanuelP,20.733823075007766,1.973201374249643,14.814218952258837
2026-07-20,377,BenjaminZ,22.252081238260235,2.2207329348761315,15.589882433631841
2026-07-20,377,Maximilien,22.112973266797283,3.7883218629285995,10.748007678011485
2026-07-20,377,PhilippeA,25.56053894871333,4.1927001351978666,12.98243854311973
2026-07-20,377,Nicolas,11.843995101082738,1.6987043668729156,6.747882000463991
2026-07-20,378,NathV,17.977131630571908,5.167338210412564,2.4751169993342153
2026-07-20,378,Lily,33.84848093232039,1.2739590908082326,30.026603659895695
2026-07-20,378,Roland,28.35554194480797,1.5623240101663785,23.668569914308836
2026-07-20,378,Rémi,35.71980702650901,1.4054375678344913,31.503494323005537
2026-07-20,378,ManonV,12.647135429536824,1.957750043894547,6.773885297853184
2026-07-20,378,Lilou,20.458733702470116,1.3177181076737678,16.50557937944881
2026-07-20,378,Paul,22.299969982630003,1.4224748498643989,18.032545433036805
2026-07-20,378,Raphaël,31.263993722204305,1.7057163357305047,26.14684471501279
2026-07-20,378,Julia,22.476971089903365,2.6734322205956977,14.456674428116273
2026-07-20,378,Armelle,26.040623778273734,2.9640636412609003,17.148432854491034
2026-07-20,378,Jules,19.413449385293394,1.4198594880092947,15.15387092126551
2026-07-20,378,BenjaminC,27.195882244596994,1.834398344352813,21.692687211538555
2026-07-20,378,LaureS,26.614757451443086,2.4220888992272123,19.34849075376145
2026-07-20,378,Sabine,20.673780869996012,5.382864605484701,4.525187053541909
2026-07-20,378,Loïc,19.0791388299807,1.6428281726914489,14.150654311906353
2026-07-20,378,JulieB,19.37942552844024,1.6721285345363694,14.363039924831131
2026-07-20,378,ThéoM,21.72442403970247,1.6814801255785703,16.67998366296676
2026-07-20,378,EmmanuelP,20.733823075007766,1.973201374249643,14.814218952258837
2026-07-20,378,BenjaminZ,22.252081238260235,2.2207329348761315,15.589882433631841
2026-07-20,378,Maximilien,22.112973266797283,3.7883218629285995,10.748007678011485
2026-07-20,378,PhilippeA,25.56053894871333,4.1927001351978666,12.98243854311973
2026-07-20,378,Nicolas,11.843995101082738,1.6987043668729156,6.747882000463991
2026-07-20,379,NathV,15.788283658665357,4.708385387481788,1.6631274962199925
2026-07-20,379,Lily,33.98205869525705,1.2700434173867492,30.171928443096803
2026-07-20,379,Roland,28.35554194480797,1.5623240101663785,23.668569914308836
2026-07-20,379,Rémi,35.55735834755748,1.3989980604207626,31.360364166295195
2026-07-20,379,ManonV,12.647135429536824,1.957750043894547,6.773885297853184
2026-07-20,379,Lilou,20.601605779630162,1.3130061152348533,16.6625874339256
2026-07-20,379,Paul,22.299969982630003,1.4224748498643989,18.032545433036805
2026-07-20,379,Raphaël,31.263993722204305,1.7057163357305047,26.14684471501279
2026-07-20,379,Julia,22.476971089903365,2.6734322205956977,14.456674428116273
2026-07-20,379,Armelle,26.040623778273734,2.9640636412609003,17.148432854491034
2026-07-20,379,Jules,19.413449385293394,1.4198594880092947,15.15387092126551
2026-07-20,379,BenjaminC,27.195882244596994,1.834398344352813,21.692687211538555
2026-07-20,379,LaureS,26.614757451443086,2.4220888992272123,19.34849075376145
2026-07-20,379,Sabine,20.673780869996012,5.382864605484701,4.525187053541909
2026-07-20,379,Loïc,19.0791388299807,1.6428281726914489,14.150654311906353
2026-07-20,379,JulieB,19.37942552844024,1.6721285345363694,14.363039924831131
2026-07-20,379,ThéoM,21.72442403970247,1.6814801255785703,16.67998366296676
2026-07-20,379,EmmanuelP,20.733823075007766,1.973201374249643,14.814218952258837
2026-07-20,379,BenjaminZ,22.252081238260235,2.2207329348761315,15.589882433631841
2026-07-20,379,Maximilien,22.112973266797283,3.7883218629285995,10.748007678011485
2026-07-20,379,PhilippeA,25.56053894871333,4.1927001351978666,12.98243854311973
2026-07-20,379,Nicolas,11.843995101082738,1.6987043668729156,6.747882000463991
2026-07-21,380,NathV,15.788283658665357,4.708385387481788,1.6631274962199925
2026-07-21,380,Lily,33.98205869525705,1.2700434173867492,30.171928443096803
2026-07-21,380,Roland,28.35554194480797,1.5623240101663785,23.668569914308836
2026-07-21,380,Rémi,35.5602094834678,1.4008884410291438,31.35754416038037
2026-07-21,380,ManonV,12.641561696974184,1.9579115882279041,6.767826932290472
2026-07-21,380,Lilou,20.604118388314106,1.3151603807305514,16.658637246122453
2026-07-21,380,Paul,22.299969982630003,1.4224748498643989,18.032545433036805
2026-07-21,380,Raphaël,31.263993722204305,1.7057163357305047,26.14684471501279
2026-07-21,380,Julia,22.476971089903365,2.6734322205956977,14.456674428116273
2026-07-21,380,Armelle,26.040623778273734,2.9640636412609003,17.148432854491034
2026-07-21,380,Jules,19.413449385293394,1.4198594880092947,15.15387092126551
2026-07-21,380,BenjaminC,27.195882244596994,1.834398344352813,21.692687211538555
2026-07-21,380,LaureS,26.614757451443086,2.4220888992272123,19.34849075376145
2026-07-21,380,Sabine,20.673780869996012,5.382864605484701,4.525187053541909
2026-07-21,380,Loïc,19.075211062239593,1.6439873531487306,14.1432490027934
2026-07-21,380,JulieB,19.37942552844024,1.6721285345363694,14.363039924831131
2026-07-21,380,ThéoM,21.72442403970247,1.6814801255785703,16.67998366296676
2026-07-21,380,EmmanuelP,20.733823075007766,1.973201374249643,14.814218952258837
2026-07-21,380,BenjaminZ,22.252081238260235,2.2207329348761315,15.589882433631841
2026-07-21,380,Maximilien,22.112973266797283,3.7883218629285995,10.748007678011485
2026-07-21,380,PhilippeA,25.56053894871333,4.1927001351978666,12.98243854311973
2026-07-21,380,Nicolas,11.843995101082738,1.6987043668729156,6.747882000463991
2026-07-21,381,NathV,15.788283658665357,4.708385387481788,1.6631274962199925
2026-07-21,381,Lily,33.99746882627497,1.2713673933605583,30.183366646193292
2026-07-21,381,Roland,28.35554194480797,1.5623240101663785,23.668569914308836
2026-07-21,381,Rémi,35.5602094834678,1.4008884410291438,31.35754416038037
2026-07-21,381,ManonV,12.641561696974184,1.9579115882279041,6.767826932290472
2026-07-21,381,Lilou,20.604118388314106,1.3151603807305514,16.658637246122453
2026-07-21,381,Paul,22.299969982630003,1.4224748498643989,18.032545433036805
2026-07-21,381,Raphaël,31.263993722204305,1.7057163357305047,26.14684471501279
2026-07-21,381,Julia,22.476971089903365,2.6734322205956977,14.456674428116273
2026-07-21,381,Armelle,26.040623778273734,2.9640636412609003,17.148432854491034
2026-07-21,381,Jules,19.39420572786121,1.4203391130603313,15.133188388680214
2026-07-21,381,BenjaminC,27.195882244596994,1.834398344352813,21.692687211538555
2026-07-21,381,LaureS,26.614757451443086,2.4220888992272123,19.34849075376145
2026-07-21,381,Sabine,20.673780869996012,5.382864605484701,4.525187053541909
2026-07-21,381,Loïc,19.049435101227807,1.6430531429232744,14.120275672457984
2026-07-21,381,JulieB,19.37942552844024,1.6721285345363694,14.363039924831131
2026-07-21,381,ThéoM,21.72442403970247,1.6814801255785703,16.67998366296676
2026-07-21,381,EmmanuelP,20.733823075007766,1.973201374249643,14.814218952258837
2026-07-21,381,BenjaminZ,22.252081238260235,2.2207329348761315,15.589882433631841
2026-07-21,381,Maximilien,22.112973266797283,3.7883218629285995,10.748007678011485
2026-07-21,381,PhilippeA,25.56053894871333,4.1927001351978666,12.98243854311973
2026-07-21,381,Nicolas,11.843995101082738,1.6987043668729156,6.747882000463991
2026-07-21,382,NathV,15.788283658665357,4.708385387481788,1.6631274962199925
2026-07-21,382,Lily,33.99746882627497,1.2713673933605583,30.183366646193292
2026-07-21,382,Roland,28.35554194480797,1.5623240101663785,23.668569914308836
2026-07-21,382,Rémi,35.5864207880945,1.4009068435719685,31.383700257378596
2026-07-21,382,ManonV,12.590450077006972,1.952985528407479,6.731493491784535
2026-07-21,382,Lilou,20.62723078963203,1.3157628586170476,16.679942213780887
2026-07-21,382,Paul,22.299969982630003,1.4224748498643989,18.032545433036805
2026-07-21,382,Raphaël,31.263993722204305,1.7057163357305047,26.14684471501279
2026-07-21,382,Julia,22.476971089903365,2.6734322205956977,14.456674428116273
2026-07-21,382,Armelle,26.040623778273734,2.9640636412609003,17.148432854491034
2026-07-21,382,Jules,19.39420572786121,1.4203391130603313,15.133188388680214
2026-07-21,382,BenjaminC,27.195882244596994,1.834398344352813,21.692687211538555
2026-07-21,382,LaureS,26.614757451443086,2.4220888992272123,19.34849075376145
2026-07-21,382,Sabine,20.673780869996012,5.382864605484701,4.525187053541909
2026-07-21,382,Loïc,19.049435101227807,1.6430531429232744,14.120275672457984
2026-07-21,382,JulieB,19.37942552844024,1.6721285345363694,14.363039924831131
2026-07-21,382,ThéoM,21.72442403970247,1.6814801255785703,16.67998366296676
2026-07-21,382,EmmanuelP,20.733823075007766,1.973201374249643,14.814218952258837
2026-07-21,382,BenjaminZ,22.252081238260235,2.2207329348761315,15.589882433631841
2026-07-21,382,Maximilien,22.112973266797283,3.7883218629285995,10.748007678011485
2026-07-21,382,PhilippeA,25.56053894871333,4.1927001351978666,12.98243854311973
2026-07-21,382,Nicolas,11.843995101082738,1.6987043668729156,6.747882000463991
2026-07-21,383,NathV,15.788283658665357,4.708385387481788,1.6631274962199925
2026-07-21,383,Lily,34.01513884765147,1.271818440020399,30.199683527590274
2026-07-21,383,Roland,28.35554194480797,1.5623240101663785,23.668569914308836
2026-07-21,383,Rémi,35.5864207880945,1.4009068435719685,31.383700257378596
2026-07-21,383,ManonV,12.590450077006972,1.952985528407479,6.731493491784535
2026-07-21,383,Lilou,20.62723078963203,1.3157628586170476,16.679942213780887
2026-07-21,383,Paul,22.299969982630003,1.4224748498643989,18.032545433036805
2026-07-21,383,Raphaël,31.263993722204305,1.7057163357305047,26.14684471501279
2026-07-21,383,Julia,22.476971089903365,2.6734322205956977,14.456674428116273
2026-07-21,383,Armelle,26.040623778273734,2.9640636412609003,17.148432854491034
2026-07-21,383,Jules,19.37217090389249,1.419609967297005,15.113341002001473
2026-07-21,383,BenjaminC,27.195882244596994,1.834398344352813,21.692687211538555
2026-07-21,383,LaureS,26.614757451443086,2.4220888992272123,19.34849075376145
2026-07-21,383,Sabine,20.673780869996012,5.382864605484701,4.525187053541909
2026-07-21,383,Loïc,19.019973793126248,1.640259734762623,14.099194588838378
2026-07-21,383,JulieB,19.37942552844024,1.6721285345363694,14.363039924831131
2026-07-21,383,ThéoM,21.72442403970247,1.6814801255785703,16.67998366296676
2026-07-21,383,EmmanuelP,20.776280123743707,1.9664684514465625,14.876874769404019
2026-07-21,383,BenjaminZ,22.252081238260235,2.2207329348761315,15.589882433631841
2026-07-21,383,Maximilien,22.112973266797283,3.7883218629285995,10.748007678011485
2026-07-21,383,PhilippeA,25.56053894871333,4.1927001351978666,12.98243854311973
2026-07-21,383,Nicolas,11.843995101082738,1.6987043668729156,6.747882000463991
2026-07-21,384,NathV,15.788283658665357,4.708385387481788,1.6631274962199925
2026-07-21,384,Lily,33.87388402465713,1.2662619936923372,30.07509804358012
2026-07-21,384,Roland,28.35554194480797,1.5623240101663785,23.668569914308836
2026-07-21,384,Rémi,35.75767649522718,1.3923173211874413,31.580724531664856
2026-07-21,384,ManonV,12.590450077006972,1.952985528407479,6.731493491784535
2026-07-21,384,Lilou,20.7783731975914,1.3092286051802142,16.850687382050758
2026-07-21,384,Paul,22.299969982630003,1.4224748498643989,18.032545433036805
2026-07-21,384,Raphaël,31.263993722204305,1.7057163357305047,26.14684471501279
2026-07-21,384,Julia,22.476971089903365,2.6734322205956977,14.456674428116273
2026-07-21,384,Armelle,26.040623778273734,2.9640636412609003,17.148432854491034
2026-07-21,384,Jules,19.37217090389249,1.419609967297005,15.113341002001473
2026-07-21,384,BenjaminC,27.195882244596994,1.834398344352813,21.692687211538555
2026-07-21,384,LaureS,26.614757451443086,2.4220888992272123,19.34849075376145
2026-07-21,384,Sabine,20.673780869996012,5.382864605484701,4.525187053541909
2026-07-21,384,Loïc,19.019973793126248,1.640259734762623,14.099194588838378
2026-07-21,384,JulieB,19.37942552844024,1.6721285345363694,14.363039924831131
2026-07-21,384,ThéoM,21.72442403970247,1.6814801255785703,16.67998366296676
2026-07-21,384,EmmanuelP,20.439423039618344,1.9375879406216574,14.626659217753371
2026-07-21,384,BenjaminZ,22.252081238260235,2.2207329348761315,15.589882433631841
2026-07-21,384,Maximilien,22.112973266797283,3.7883218629285995,10.748007678011485
2026-07-21,384,PhilippeA,25.56053894871333,4.1927001351978666,12.98243854311973
2026-07-21,384,Nicolas,11.843995101082738,1.6987043668729156,6.747882000463991
2026-07-21,385,NathV,14.247397395412442,4.382625250553542,1.0995216437518138
2026-07-21,385,Lily,33.98578002832642,1.2628183730292275,30.197324909238734
2026-07-21,385,Roland,28.35554194480797,1.5623240101663785,23.668569914308836
2026-07-21,385,Rémi,35.62249414366851,1.386594795961456,31.462709755784143
2026-07-21,385,ManonV,12.590450077006972,1.952985528407479,6.731493491784535
2026-07-21,385,Lilou,20.7783731975914,1.3092286051802142,16.850687382050758
2026-07-21,385,Paul,22.299969982630003,1.4224748498643989,18.032545433036805
2026-07-21,385,Raphaël,31.263993722204305,1.7057163357305047,26.14684471501279
2026-07-21,385,Julia,22.476971089903365,2.6734322205956977,14.456674428116273
2026-07-21,385,Armelle,26.040623778273734,2.9640636412609003,17.148432854491034
2026-07-21,385,Jules,19.37217090389249,1.419609967297005,15.113341002001473
2026-07-21,385,BenjaminC,27.195882244596994,1.834398344352813,21.692687211538555
2026-07-21,385,LaureS,26.614757451443086,2.4220888992272123,19.34849075376145
2026-07-21,385,Sabine,20.673780869996012,5.382864605484701,4.525187053541909
2026-07-21,385,Loïc,19.019973793126248,1.640259734762623,14.099194588838378
2026-07-21,385,JulieB,19.37942552844024,1.6721285345363694,14.363039924831131
2026-07-21,385,ThéoM,21.72442403970247,1.6814801255785703,16.67998366296676
2026-07-21,385,EmmanuelP,20.700769124001685,1.9172374102566567,14.949056893231715
2026-07-21,385,BenjaminZ,22.252081238260235,2.2207329348761315,15.589882433631841
2026-07-21,385,Maximilien,22.112973266797283,3.7883218629285995,10.748007678011485
2026-07-21,385,PhilippeA,25.56053894871333,4.1927001351978666,12.98243854311973
2026-07-21,385,Nicolas,11.843995101082738,1.6987043668729156,6.747882000463991
2026-07-21,386,NathV,14.247397395412442,4.382625250553542,1.0995216437518138
2026-07-21,386,Lily,34.2948204468589,1.254864373270984,30.53022732704595
2026-07-21,386,Roland,28.35554194480797,1.5623240101663785,23.668569914308836
2026-07-21,386,Rémi,35.25017845433808,1.3749344459820823,31.12537511639183
2026-07-21,386,ManonV,13.327733462774624,1.9150959615317464,7.582445578179385
2026-07-21,386,Lilou,20.44630038768276,1.2999553810391533,16.5464342445653
2026-07-21,386,Paul,22.299969982630003,1.4224748498643989,18.032545433036805
2026-07-21,386,Raphaël,31.263993722204305,1.7057163357305047,26.14684471501279
2026-07-21,386,Julia,22.476971089903365,2.6734322205956977,14.456674428116273
2026-07-21,386,Armelle,26.040623778273734,2.9640636412609003,17.148432854491034
2026-07-21,386,Jules,19.37217090389249,1.419609967297005,15.113341002001473
2026-07-21,386,BenjaminC,27.195882244596994,1.834398344352813,21.692687211538555
2026-07-21,386,LaureS,26.614757451443086,2.4220888992272123,19.34849075376145
2026-07-21,386,Sabine,20.673780869996012,5.382864605484701,4.525187053541909
2026-07-21,386,Loïc,19.019973793126248,1.640259734762623,14.099194588838378
2026-07-21,386,JulieB,19.37942552844024,1.6721285345363694,14.363039924831131
2026-07-21,386,ThéoM,21.72442403970247,1.6814801255785703,16.67998366296676
2026-07-21,386,EmmanuelP,20.700769124001685,1.9172374102566567,14.949056893231715
2026-07-21,386,BenjaminZ,22.252081238260235,2.2207329348761315,15.589882433631841
2026-07-21,386,Maximilien,22.112973266797283,3.7883218629285995,10.748007678011485
2026-07-21,386,PhilippeA,25.56053894871333,4.1927001351978666,12.98243854311973
2026-07-21,386,Nicolas,11.843995101082738,1.6987043668729156,6.747882000463991
2026-07-21,387,NathV,14.247397395412442,4.382625250553542,1.0995216437518138
2026-07-21,387,Lily,34.2286683311438,1.2521433024971214,30.47223842365244
2026-07-21,387,Roland,28.35554194480797,1.5623240101663785,23.668569914308836
2026-07-21,387,Rémi,35.32953733377153,1.3702473048989452,31.2187954190747
2026-07-21,387,ManonV,13.174044835536868,1.8974281031317655,7.4817605261415725
2026-07-21,387,Lilou,20.51727075323697,1.2965276205046077,16.62768789172315
2026-07-21,387,Paul,22.299969982630003,1.4224748498643989,18.032545433036805
2026-07-21,387,Raphaël,31.263993722204305,1.7057163357305047,26.14684471501279
2026-07-21,387,Julia,22.476971089903365,2.6734322205956977,14.456674428116273
2026-07-21,387,Armelle,26.040623778273734,2.9640636412609003,17.148432854491034
2026-07-21,387,Jules,19.37217090389249,1.419609967297005,15.113341002001473
2026-07-21,387,BenjaminC,27.195882244596994,1.834398344352813,21.692687211538555
2026-07-21,387,LaureS,26.614757451443086,2.4220888992272123,19.34849075376145
2026-07-21,387,Sabine,20.673780869996012,5.382864605484701,4.525187053541909
2026-07-21,387,Loïc,19.019973793126248,1.640259734762623,14.099194588838378
2026-07-21,387,JulieB,19.37942552844024,1.6721285345363694,14.363039924831131
2026-07-21,387,ThéoM,21.72442403970247,1.6814801255785703,16.67998366296676
2026-07-21,387,EmmanuelP,20.700769124001685,1.9172374102566567,14.949056893231715
2026-07-21,387,BenjaminZ,22.252081238260235,2.2207329348761315,15.589882433631841
2026-07-21,387,Maximilien,22.112973266797283,3.7883218629285995,10.748007678011485
2026-07-21,387,PhilippeA,25.56053894871333,4.1927001351978666,12.98243854311973
2026-07-21,387,Nicolas,11.843995101082738,1.6987043668729156,6.747882000463991
2026-07-21,388,NathV,14.247397395412442,4.382625250553542,1.0995216437518138
2026-07-21,388,Lily,34.16596387951167,1.2496138680833881,30.41712227526151
2026-07-21,388,Roland,28.35554194480797,1.5623240101663785,23.668569914308836
2026-07-21,388,Rémi,35.40457376940742,1.3658388390293066,31.307057252319503
2026-07-21,388,ManonV,13.03041703429031,1.8808354821391848,7.387910587872755
2026-07-21,388,Lilou,20.584479369663633,1.2933215335265882,16.70451476908387
2026-07-21,388,Paul,22.299969982630003,1.4224748498643989,18.032545433036805
2026-07-21,388,Raphaël,31.263993722204305,1.7057163357305047,26.14684471501279
2026-07-21,388,Julia,22.476971089903365,2.6734322205956977,14.456674428116273
2026-07-21,388,Armelle,26.040623778273734,2.9640636412609003,17.148432854491034
2026-07-21,388,Jules,19.37217090389249,1.419609967297005,15.113341002001473
2026-07-21,388,BenjaminC,27.195882244596994,1.834398344352813,21.692687211538555
2026-07-21,388,LaureS,26.614757451443086,2.4220888992272123,19.34849075376145
2026-07-21,388,Sabine,20.673780869996012,5.382864605484701,4.525187053541909
2026-07-21,388,Loïc,19.019973793126248,1.640259734762623,14.099194588838378
2026-07-21,388,JulieB,19.37942552844024,1.6721285345363694,14.363039924831131
2026-07-21,388,ThéoM,21.72442403970247,1.6814801255785703,16.67998366296676
2026-07-21,388,EmmanuelP,20.700769124001685,1.9172374102566567,14.949056893231715
2026-07-21,388,BenjaminZ,22.252081238260235,2.2207329348761315,15.589882433631841
2026-07-21,388,Maximilien,22.112973266797283,3.7883218629285995,10.748007678011485
2026-07-21,388,PhilippeA,25.56053894871333,4.1927001351978666,12.98243854311973
2026-07-21,388,Nicolas,11.843995101082738,1.6987043668729156,6.747882000463991
2026-07-22,389,NathV,14.247397395412442,4.382625250553542,1.0995216437518138
2026-07-22,389,Lily,34.16596387951167,1.2496138680833881,30.41712227526151
2026-07-22,389,Roland,28.35554194480797,1.5623240101663785,23.668569914308836
2026-07-22,389,Rémi,35.40457376940742,1.3658388390293066,31.307057252319503
2026-07-22,389,ManonV,13.450111015086529,1.858345263078865,7.875075225849934
2026-07-22,389,Lilou,20.584479369663633,1.2933215335265882,16.70451476908387
2026-07-22,389,Paul,22.299969982630003,1.4224748498643989,18.032545433036805
2026-07-22,389,Raphaël,31.263993722204305,1.7057163357305047,26.14684471501279
2026-07-22,389,Julia,22.476971089903365,2.6734322205956977,14.456674428116273
2026-07-22,389,Armelle,26.040623778273734,2.9640636412609003,17.148432854491034
2026-07-22,389,Jules,19.37217090389249,1.419609967297005,15.113341002001473
2026-07-22,389,BenjaminC,27.195882244596994,1.834398344352813,21.692687211538555
2026-07-22,389,LaureS,26.614757451443086,2.4220888992272123,19.34849075376145
2026-07-22,389,Sabine,20.673780869996012,5.382864605484701,4.525187053541909
2026-07-22,389,Loïc,19.339365906153095,1.6262447363770973,14.460631697021803
2026-07-22,389,JulieB,19.047534096389267,1.6571138511805985,14.076192542847473
2026-07-22,389,ThéoM,21.72442403970247,1.6814801255785703,16.67998366296676
2026-07-22,389,EmmanuelP,20.700769124001685,1.9172374102566567,14.949056893231715
2026-07-22,389,BenjaminZ,22.252081238260235,2.2207329348761315,15.589882433631841
2026-07-22,389,Maximilien,22.112973266797283,3.7883218629285995,10.748007678011485
2026-07-22,389,PhilippeA,25.56053894871333,4.1927001351978666,12.98243854311973
2026-07-22,389,Nicolas,11.843995101082738,1.6987043668729156,6.747882000463991
2026-07-22,390,NathV,14.247397395412442,4.382625250553542,1.0995216437518138
2026-07-22,390,Lily,34.264602601357524,1.2456694744952403,30.5275941778718
2026-07-22,390,Roland,28.35554194480797,1.5623240101663785,23.668569914308836
2026-07-22,390,Rémi,35.286818257430056,1.359608785085052,31.2079919021749
2026-07-22,390,ManonV,13.232493473958282,1.8381197315383637,7.718134279343191
2026-07-22,390,Lilou,20.584479369663633,1.2933215335265882,16.70451476908387
2026-07-22,390,Paul,22.299969982630003,1.4224748498643989,18.032545433036805
2026-07-22,390,Raphaël,31.263993722204305,1.7057163357305047,26.14684471501279
2026-07-22,390,Julia,22.476971089903365,2.6734322205956977,14.456674428116273
2026-07-22,390,Armelle,26.040623778273734,2.9640636412609003,17.148432854491034
2026-07-22,390,Jules,19.37217090389249,1.419609967297005,15.113341002001473
2026-07-22,390,BenjaminC,27.195882244596994,1.834398344352813,21.692687211538555
2026-07-22,390,LaureS,26.614757451443086,2.4220888992272123,19.34849075376145
2026-07-22,390,Sabine,20.673780869996012,5.382864605484701,4.525187053541909
2026-07-22,390,Loïc,19.506121092076025,1.6135797058020807,14.665381974669783
2026-07-22,390,JulieB,19.047534096389267,1.6571138511805985,14.076192542847473
2026-07-22,390,ThéoM,21.72442403970247,1.6814801255785703,16.67998366296676
2026-07-22,390,EmmanuelP,20.700769124001685,1.9172374102566567,14.949056893231715
2026-07-22,390,BenjaminZ,22.252081238260235,2.2207329348761315,15.589882433631841
2026-07-22,390,Maximilien,22.112973266797283,3.7883218629285995,10.748007678011485
2026-07-22,390,PhilippeA,25.56053894871333,4.1927001351978666,12.98243854311973
2026-07-22,390,Nicolas,11.843995101082738,1.6987043668729156,6.747882000463991
2026-07-22,391,NathV,14.247397395412442,4.382625250553542,1.0995216437518138
2026-07-22,391,Lily,34.264602601357524,1.2456694744952403,30.5275941778718
2026-07-22,391,Roland,28.35554194480797,1.5623240101663785,23.668569914308836
2026-07-22,391,Rémi,35.292802414725465,1.3611004459642964,31.209501076832574
2026-07-22,391,ManonV,13.221574397139566,1.8373948179435766,7.709389943308836
2026-07-22,391,Lilou,20.584479369663633,1.2933215335265882,16.70451476908387
2026-07-22,391,Paul,22.299969982630003,1.4224748498643989,18.032545433036805
2026-07-22,391,Raphaël,31.263993722204305,1.7057163357305047,26.14684471501279
2026-07-22,391,Julia,22.476971089903365,2.6734322205956977,14.456674428116273
2026-07-22,391,Armelle,26.040623778273734,2.9640636412609003,17.148432854491034
2026-07-22,391,Jules,19.37217090389249,1.419609967297005,15.113341002001473
2026-07-22,391,BenjaminC,27.195882244596994,1.834398344352813,21.692687211538555
2026-07-22,391,LaureS,26.614757451443086,2.4220888992272123,19.34849075376145
2026-07-22,391,Sabine,20.673780869996012,5.382864605484701,4.525187053541909
2026-07-22,391,Loïc,19.4977016315544,1.613961228038772,14.655817947438083
2026-07-22,391,JulieB,19.056412772355763,1.6572922171973286,14.084536120763778
2026-07-22,391,ThéoM,21.72442403970247,1.6814801255785703,16.67998366296676
2026-07-22,391,EmmanuelP,20.700769124001685,1.9172374102566567,14.949056893231715
2026-07-22,391,BenjaminZ,22.252081238260235,2.2207329348761315,15.589882433631841
2026-07-22,391,Maximilien,22.112973266797283,3.7883218629285995,10.748007678011485
2026-07-22,391,PhilippeA,25.56053894871333,4.1927001351978666,12.98243854311973
2026-07-22,391,Nicolas,11.843995101082738,1.6987043668729156,6.747882000463991
2026-07-22,392,NathV,14.247397395412442,4.382625250553542,1.0995216437518138
2026-07-22,392,Lily,34.269735502766096,1.247621885439894,30.526869846446413
2026-07-22,392,Roland,28.35554194480797,1.5623240101663785,23.668569914308836
2026-07-22,392,Rémi,35.292802414725465,1.3611004459642964,31.209501076832574
2026-07-22,392,ManonV,13.210433622988624,1.8366224118458747,7.700566387451
2026-07-22,392,Lilou,20.584479369663633,1.2933215335265882,16.70451476908387
2026-07-22,392,Paul,22.299969982630003,1.4224748498643989,18.032545433036805
2026-07-22,392,Raphaël,31.263993722204305,1.7057163357305047,26.14684471501279
2026-07-22,392,Julia,22.476971089903365,2.6734322205956977,14.456674428116273
2026-07-22,392,Armelle,26.040623778273734,2.9640636412609003,17.148432854491034
2026-07-22,392,Jules,19.37217090389249,1.419609967297005,15.113341002001473
2026-07-22,392,BenjaminC,27.195882244596994,1.834398344352813,21.692687211538555
2026-07-22,392,LaureS,26.614757451443086,2.4220888992272123,19.34849075376145
2026-07-22,392,Sabine,20.673780869996012,5.382864605484701,4.525187053541909
2026-07-22,392,Loïc,19.506302859022924,1.6143061864455444,14.66338429968629
2026-07-22,392,JulieB,19.04734474497099,1.6574320631526613,14.075048555513005
2026-07-22,392,ThéoM,21.72442403970247,1.6814801255785703,16.67998366296676
2026-07-22,392,EmmanuelP,20.700769124001685,1.9172374102566567,14.949056893231715
2026-07-22,392,BenjaminZ,22.252081238260235,2.2207329348761315,15.589882433631841
2026-07-22,392,Maximilien,22.112973266797283,3.7883218629285995,10.748007678011485
2026-07-22,392,PhilippeA,25.56053894871333,4.1927001351978666,12.98243854311973
2026-07-22,392,Nicolas,11.843995101082738,1.6987043668729156,6.747882000463991
2026-07-22,393,NathV,14.247397395412442,4.382625250553542,1.0995216437518138
2026-07-22,393,Lily,34.14390231113554,1.242884623335327,30.41524844112956
2026-07-22,393,Roland,28.35554194480797,1.5623240101663785,23.668569914308836
2026-07-22,393,Rémi,35.44246086717257,1.3538932255599132,31.380781190492833
2026-07-22,393,ManonV,13.210433622988624,1.8366224118458747,7.700566387451
2026-07-22,393,Lilou,20.584479369663633,1.2933215335265882,16.70451476908387
2026-07-22,393,Paul,22.299969982630003,1.4224748498643989,18.032545433036805
2026-07-22,393,Raphaël,31.263993722204305,1.7057163357305047,26.14684471501279
2026-07-22,393,Julia,22.476971089903365,2.6734322205956977,14.456674428116273
2026-07-22,393,Armelle,26.040623778273734,2.9640636412609003,17.148432854491034
2026-07-22,393,Jules,19.37217090389249,1.419609967297005,15.113341002001473
2026-07-22,393,BenjaminC,27.195882244596994,1.834398344352813,21.692687211538555
2026-07-22,393,LaureS,26.614757451443086,2.4220888992272123,19.34849075376145
2026-07-22,393,Sabine,20.673780869996012,5.382864605484701,4.525187053541909
2026-07-22,393,Loïc,19.29601045623065,1.600182009301423,14.495464428326382
2026-07-22,393,JulieB,19.04734474497099,1.6574320631526613,14.075048555513005
2026-07-22,393,ThéoM,21.72442403970247,1.6814801255785703,16.67998366296676
2026-07-22,393,EmmanuelP,20.997161814147553,1.8917604764172509,15.3218803848958
2026-07-22,393,BenjaminZ,22.252081238260235,2.2207329348761315,15.589882433631841
2026-07-22,393,Maximilien,22.112973266797283,3.7883218629285995,10.748007678011485
2026-07-22,393,PhilippeA,25.56053894871333,4.1927001351978666,12.98243854311973
2026-07-22,393,Nicolas,11.843995101082738,1.6987043668729156,6.747882000463991
2026-07-22,394,NathV,14.247397395412442,4.382625250553542,1.0995216437518138
2026-07-22,394,Lily,34.28801981634521,1.2377621051692382,30.574733500837496
2026-07-22,394,Roland,28.35554194480797,1.5623240101663785,23.668569914308836
2026-07-22,394,Rémi,35.27157026866031,1.3462317932518302,31.23287488890482
2026-07-22,394,ManonV,13.210433622988624,1.8366224118458747,7.700566387451
2026-07-22,394,Lilou,20.584479369663633,1.2933215335265882,16.70451476908387
2026-07-22,394,Paul,22.299969982630003,1.4224748498643989,18.032545433036805
2026-07-22,394,Raphaël,31.263993722204305,1.7057163357305047,26.14684471501279
2026-07-22,394,Julia,22.476971089903365,2.6734322205956977,14.456674428116273
2026-07-22,394,Armelle,26.040623778273734,2.9640636412609003,17.148432854491034
2026-07-22,394,Jules,19.37217090389249,1.419609967297005,15.113341002001473
2026-07-22,394,BenjaminC,27.195882244596994,1.834398344352813,21.692687211538555
2026-07-22,394,LaureS,26.614757451443086,2.4220888992272123,19.34849075376145
2026-07-22,394,Sabine,20.673780869996012,5.382864605484701,4.525187053541909
2026-07-22,394,Loïc,19.29601045623065,1.600182009301423,14.495464428326382
2026-07-22,394,JulieB,18.79155974370193,1.6407687429834732,13.869253514751513
2026-07-22,394,ThéoM,21.72442403970247,1.6814801255785703,16.67998366296676
2026-07-22,394,EmmanuelP,21.3301902597669,1.8656809758710973,15.73314733215361
2026-07-22,394,BenjaminZ,22.252081238260235,2.2207329348761315,15.589882433631841
2026-07-22,394,Maximilien,22.112973266797283,3.7883218629285995,10.748007678011485
2026-07-22,394,PhilippeA,25.56053894871333,4.1927001351978666,12.98243854311973
2026-07-22,394,Nicolas,11.843995101082738,1.6987043668729156,6.747882000463991
2026-07-22,395,NathV,14.247397395412442,4.382625250553542,1.0995216437518138
2026-07-22,395,Lily,34.15452889097106,1.2328907501718733,30.455856640455437
2026-07-22,395,Roland,28.35554194480797,1.5623240101663785,23.668569914308836
2026-07-22,395,Rémi,35.429372771971124,1.3389405499232636,31.412551122201332
2026-07-22,395,ManonV,13.210433622988624,1.8366224118458747,7.700566387451
2026-07-22,395,Lilou,20.584479369663633,1.2933215335265882,16.70451476908387
2026-07-22,395,Paul,22.299969982630003,1.4224748498643989,18.032545433036805
2026-07-22,395,Raphaël,31.263993722204305,1.7057163357305047,26.14684471501279
2026-07-22,395,Julia,22.476971089903365,2.6734322205956977,14.456674428116273
2026-07-22,395,Armelle,26.040623778273734,2.9640636412609003,17.148432854491034
2026-07-22,395,Jules,19.37217090389249,1.419609967297005,15.113341002001473
2026-07-22,395,BenjaminC,27.195882244596994,1.834398344352813,21.692687211538555
2026-07-22,395,LaureS,26.614757451443086,2.4220888992272123,19.34849075376145
2026-07-22,395,Sabine,20.673780869996012,5.382864605484701,4.525187053541909
2026-07-22,395,Loïc,19.51871458881741,1.5857809043917646,14.761371875642116
2026-07-22,395,JulieB,18.557446027222632,1.6250197783746139,13.68238669209879
2026-07-22,395,ThéoM,21.72442403970247,1.6814801255785703,16.67998366296676
2026-07-22,395,EmmanuelP,21.3301902597669,1.8656809758710973,15.73314733215361
2026-07-22,395,BenjaminZ,22.252081238260235,2.2207329348761315,15.589882433631841
2026-07-22,395,Maximilien,22.112973266797283,3.7883218629285995,10.748007678011485
2026-07-22,395,PhilippeA,25.56053894871333,4.1927001351978666,12.98243854311973
2026-07-22,395,Nicolas,11.843995101082738,1.6987043668729156,6.747882000463991
2026-07-23,396,NathV,14.247397395412442,4.382625250553542,1.0995216437518138
2026-07-23,396,Lily,34.16434153031468,1.2343184904569398,30.46138605894386
2026-07-23,396,Roland,28.35554194480797,1.5623240101663785,23.668569914308836
2026-07-23,396,Rémi,35.429372771971124,1.3389405499232636,31.412551122201332
2026-07-23,396,ManonV,13.188712115744114,1.8339461544883198,7.6868736522791545
2026-07-23,396,Lilou,20.584479369663633,1.2933215335265882,16.70451476908387
2026-07-23,396,Paul,22.299969982630003,1.4224748498643989,18.032545433036805
2026-07-23,396,Raphaël,31.263993722204305,1.7057163357305047,26.14684471501279
2026-07-23,396,Julia,22.476971089903365,2.6734322205956977,14.456674428116273
2026-07-23,396,Armelle,26.040623778273734,2.9640636412609003,17.148432854491034
2026-07-23,396,Jules,19.37217090389249,1.419609967297005,15.113341002001473
2026-07-23,396,BenjaminC,27.195882244596994,1.834398344352813,21.692687211538555
2026-07-23,396,LaureS,26.614757451443086,2.4220888992272123,19.34849075376145
2026-07-23,396,Sabine,20.673780869996012,5.382864605484701,4.525187053541909
2026-07-23,396,Loïc,19.534919291286776,1.5850278948952694,14.779835606600969
2026-07-23,396,JulieB,18.557446027222632,1.6250197783746139,13.68238669209879
2026-07-23,396,ThéoM,21.706210016516994,1.6800386885036023,16.66609395100619
2026-07-23,396,EmmanuelP,21.3301902597669,1.8656809758710973,15.73314733215361
2026-07-23,396,BenjaminZ,22.252081238260235,2.2207329348761315,15.589882433631841
2026-07-23,396,Maximilien,22.112973266797283,3.7883218629285995,10.748007678011485
2026-07-23,396,PhilippeA,25.56053894871333,4.1927001351978666,12.98243854311973
2026-07-23,396,Nicolas,11.843995101082738,1.6987043668729156,6.747882000463991
2026-07-23,397,NathV,14.247397395412442,4.382625250553542,1.0995216437518138
2026-07-23,397,Lily,34.16434153031468,1.2343184904569398,30.46138605894386
2026-07-23,397,Roland,28.35554194480797,1.5623240101663785,23.668569914308836
2026-07-23,397,Rémi,35.48598412058266,1.336221668897373,31.477319113890537
2026-07-23,397,ManonV,13.188712115744114,1.8339461544883198,7.6868736522791545
2026-07-23,397,Lilou,20.584479369663633,1.2933215335265882,16.70451476908387
2026-07-23,397,Paul,22.299969982630003,1.4224748498643989,18.032545433036805
2026-07-23,397,Raphaël,31.263993722204305,1.7057163357305047,26.14684471501279
2026-07-23,397,Julia,22.476971089903365,2.6734322205956977,14.456674428116273
2026-07-23,397,Armelle,25.76404422581149,2.907447625234424,17.041701350108216
2026-07-23,397,Jules,19.43578215096316,1.4157279393526443,15.188598332905226
2026-07-23,397,BenjaminC,27.195882244596994,1.834398344352813,21.692687211538555
2026-07-23,397,LaureS,26.614757451443086,2.4220888992272123,19.34849075376145
2026-07-23,397,Sabine,20.673780869996012,5.382864605484701,4.525187053541909
2026-07-23,397,Loïc,19.534919291286776,1.5850278948952694,14.779835606600969
2026-07-23,397,JulieB,18.47416237104091,1.6176718725617656,13.621146753355614
2026-07-23,397,ThéoM,21.706210016516994,1.6800386885036023,16.66609395100619
2026-07-23,397,EmmanuelP,21.3301902597669,1.8656809758710973,15.73314733215361
2026-07-23,397,BenjaminZ,22.252081238260235,2.2207329348761315,15.589882433631841
2026-07-23,397,Maximilien,22.112973266797283,3.7883218629285995,10.748007678011485
2026-07-23,397,PhilippeA,25.56053894871333,4.1927001351978666,12.98243854311973
2026-07-23,397,Nicolas,11.843995101082738,1.6987043668729156,6.747882000463991
2026-07-23,398,NathV,14.247397395412442,4.382625250553542,1.0995216437518138
2026-07-23,398,Lily,34.20212581736718,1.2333892856321924,30.501957960470605
2026-07-23,398,Roland,28.35554194480797,1.5623240101663785,23.668569914308836
2026-07-23,398,Rémi,35.48598412058266,1.336221668897373,31.477319113890537
2026-07-23,398,ManonV,13.188712115744114,1.8339461544883198,7.6868736522791545
2026-07-23,398,Lilou,20.62594555121863,1.2917041377325924,16.750833138020855
2026-07-23,398,Paul,22.299969982630003,1.4224748498643989,18.032545433036805
2026-07-23,398,Raphaël,31.263993722204305,1.7057163357305047,26.14684471501279
2026-07-23,398,Julia,22.476971089903365,2.6734322205956977,14.456674428116273
2026-07-23,398,Armelle,25.76404422581149,2.907447625234424,17.041701350108216
2026-07-23,398,Jules,19.43578215096316,1.4157279393526443,15.188598332905226
2026-07-23,398,BenjaminC,27.195882244596994,1.834398344352813,21.692687211538555
2026-07-23,398,LaureS,26.614757451443086,2.4220888992272123,19.34849075376145
2026-07-23,398,Sabine,20.673780869996012,5.382864605484701,4.525187053541909
2026-07-23,398,Loïc,19.534919291286776,1.5850278948952694,14.779835606600969
2026-07-23,398,JulieB,18.47416237104091,1.6176718725617656,13.621146753355614
2026-07-23,398,ThéoM,21.636356627538053,1.6726931146540724,16.618277283575836
2026-07-23,398,EmmanuelP,21.244086509801768,1.854653471300895,15.680126095899084
2026-07-23,398,BenjaminZ,22.252081238260235,2.2207329348761315,15.589882433631841
2026-07-23,398,Maximilien,22.112973266797283,3.7883218629285995,10.748007678011485
2026-07-23,398,PhilippeA,25.56053894871333,4.1927001351978666,12.98243854311973
2026-07-23,398,Nicolas,11.843995101082738,1.6987043668729156,6.747882000463991
2026-07-23,399,NathV,14.247397395412442,4.382625250553542,1.0995216437518138
2026-07-23,399,Lily,34.20212581736718,1.2333892856321924,30.501957960470605
2026-07-23,399,Roland,28.35554194480797,1.5623240101663785,23.668569914308836
2026-07-23,399,Rémi,35.510789850545244,1.3356307757251793,31.503897523369705
2026-07-23,399,ManonV,13.188712115744114,1.8339461544883198,7.6868736522791545
2026-07-23,399,Lilou,20.62594555121863,1.2917041377325924,16.750833138020855
2026-07-23,399,Paul,22.299969982630003,1.4224748498643989,18.032545433036805
2026-07-23,399,Raphaël,31.263993722204305,1.7057163357305047,26.14684471501279
2026-07-23,399,Julia,22.476971089903365,2.6734322205956977,14.456674428116273
2026-07-23,399,Armelle,25.76404422581149,2.907447625234424,17.041701350108216
2026-07-23,399,Jules,19.40794845503305,1.4143899771053208,15.16477852371709
2026-07-23,399,BenjaminC,27.195882244596994,1.834398344352813,21.692687211538555
2026-07-23,399,LaureS,26.614757451443086,2.4220888992272123,19.34849075376145
2026-07-23,399,Sabine,20.673780869996012,5.382864605484701,4.525187053541909
2026-07-23,399,Loïc,19.500054926648758,1.581904208126451,14.754342302269405
2026-07-23,399,JulieB,18.510473602078306,1.6141695462321133,13.667964963381966
2026-07-23,399,ThéoM,21.636356627538053,1.6726931146540724,16.618277283575836
2026-07-23,399,EmmanuelP,21.244086509801768,1.854653471300895,15.680126095899084
2026-07-23,399,BenjaminZ,22.252081238260235,2.2207329348761315,15.589882433631841
2026-07-23,399,Maximilien,22.112973266797283,3.7883218629285995,10.748007678011485
2026-07-23,399,PhilippeA,25.56053894871333,4.1927001351978666,12.98243854311973
2026-07-23,399,Nicolas,11.843995101082738,1.6987043668729156,6.747882000463991
2026-07-23,400,NathV,14.247397395412442,4.382625250553542,1.0995216437518138
2026-07-23,400,Lily,34.27111102501876,1.2310233943791995,30.578040841881162
2026-07-23,400,Roland,28.35554194480797,1.5623240101663785,23.668569914308836
2026-07-23,400,Rémi,35.510789850545244,1.3356307757251793,31.503897523369705
2026-07-23,400,ManonV,13.188712115744114,1.8339461544883198,7.6868736522791545
2026-07-23,400,Lilou,20.70157788984079,1.2884442362084096,16.836245181215563
2026-07-23,400,Paul,22.299969982630003,1.4224748498643989,18.032545433036805
2026-07-23,400,Raphaël,31.263993722204305,1.7057163357305047,26.14684471501279
2026-07-23,400,Julia,22.476971089903365,2.6734322205956977,14.456674428116273
2026-07-23,400,Armelle,25.382136856783614,2.840539888330291,16.86051719179274
2026-07-23,400,Jules,19.40794845503305,1.4143899771053208,15.16477852371709
2026-07-23,400,BenjaminC,27.195882244596994,1.834398344352813,21.692687211538555
2026-07-23,400,LaureS,26.614757451443086,2.4220888992272123,19.34849075376145
2026-07-23,400,Sabine,20.673780869996012,5.382864605484701,4.525187053541909
2026-07-23,400,Loïc,19.500054926648758,1.581904208126451,14.754342302269405
2026-07-23,400,JulieB,18.510473602078306,1.6141695462321133,13.667964963381966
2026-07-23,400,ThéoM,21.50974116775939,1.6618699457436155,16.524131330528544
2026-07-23,400,EmmanuelP,21.244086509801768,1.854653471300895,15.680126095899084
2026-07-23,400,BenjaminZ,22.252081238260235,2.2207329348761315,15.589882433631841
2026-07-23,400,Maximilien,22.112973266797283,3.7883218629285995,10.748007678011485
2026-07-23,400,PhilippeA,25.56053894871333,4.1927001351978666,12.98243854311973
2026-07-23,400,Nicolas,11.843995101082738,1.6987043668729156,6.747882000463991
2026-07-23,401,NathV,14.247397395412442,4.382625250553542,1.0995216437518138
2026-07-23,401,Lily,34.27111102501876,1.2310233943791995,30.578040841881162
2026-07-23,401,Roland,28.35554194480797,1.5623240101663785,23.668569914308836
2026-07-23,401,Rémi,35.510789850545244,1.3356307757251793,31.503897523369705
2026-07-23,401,ManonV,13.188712115744114,1.8339461544883198,7.6868736522791545
2026-07-23,401,Lilou,20.70157788984079,1.2884442362084096,16.836245181215563
2026-07-23,401,Paul,22.299969982630003,1.4224748498643989,18.032545433036805
2026-07-23,401,Raphaël,31.263993722204305,1.7057163357305047,26.14684471501279
2026-07-23,401,Julia,22.476971089903365,2.6734322205956977,14.456674428116273
2026-07-23,401,Armelle,24.133478735076142,2.733267567674706,15.933676032052023
2026-07-23,401,Jules,19.718341127031156,1.4035909850350299,15.507568171926067
2026-07-23,401,BenjaminC,27.195882244596994,1.834398344352813,21.692687211538555
2026-07-23,401,LaureS,26.614757451443086,2.4220888992272123,19.34849075376145
2026-07-23,401,Sabine,20.673780869996012,5.382864605484701,4.525187053541909
2026-07-23,401,Loïc,19.112054646519628,1.5655551223462838,14.415389279480777
2026-07-23,401,JulieB,18.914418758433982,1.5966172071272853,14.124567137052125
2026-07-23,401,ThéoM,21.50974116775939,1.6618699457436155,16.524131330528544
2026-07-23,401,EmmanuelP,21.244086509801768,1.854653471300895,15.680126095899084
2026-07-23,401,BenjaminZ,22.252081238260235,2.2207329348761315,15.589882433631841
2026-07-23,401,Maximilien,22.112973266797283,3.7883218629285995,10.748007678011485
2026-07-23,401,PhilippeA,25.56053894871333,4.1927001351978666,12.98243854311973
2026-07-23,401,Nicolas,11.843995101082738,1.6987043668729156,6.747882000463991
2026-07-23,402,NathV,14.247397395412442,4.382625250553542,1.0995216437518138
2026-07-23,402,Lily,34.30595196561528,1.2302894653350134,30.61508356961024
2026-07-23,402,Roland,28.35554194480797,1.5623240101663785,23.668569914308836
2026-07-23,402,Rémi,35.510789850545244,1.3356307757251793,31.503897523369705
2026-07-23,402,ManonV,13.188712115744114,1.8339461544883198,7.6868736522791545
2026-07-23,402,Lilou,20.70157788984079,1.2884442362084096,16.836245181215563
2026-07-23,402,Paul,22.299969982630003,1.4224748498643989,18.032545433036805
2026-07-23,402,Raphaël,31.263993722204305,1.7057163357305047,26.14684471501279
2026-07-23,402,Julia,22.476971089903365,2.6734322205956977,14.456674428116273
2026-07-23,402,Armelle,24.133478735076142,2.733267567674706,15.933676032052023
2026-07-23,402,Jules,19.6730950463284,1.400804729751683,15.47068085707335
2026-07-23,402,BenjaminC,27.195882244596994,1.834398344352813,21.692687211538555
2026-07-23,402,LaureS,26.614757451443086,2.4220888992272123,19.34849075376145
2026-07-23,402,Sabine,20.673780869996012,5.382864605484701,4.525187053541909
2026-07-23,402,Loïc,19.168306538721165,1.5604794779491211,14.486868104873801
2026-07-23,402,JulieB,18.914418758433982,1.5966172071272853,14.124567137052125
2026-07-23,402,ThéoM,21.44637515960392,1.6552372763129628,16.48066333066503
2026-07-23,402,EmmanuelP,21.244086509801768,1.854653471300895,15.680126095899084
2026-07-23,402,BenjaminZ,22.252081238260235,2.2207329348761315,15.589882433631841
2026-07-23,402,Maximilien,22.112973266797283,3.7883218629285995,10.748007678011485
2026-07-23,402,PhilippeA,25.56053894871333,4.1927001351978666,12.98243854311973
2026-07-23,402,Nicolas,11.843995101082738,1.6987043668729156,6.747882000463991
2026-07-24,403,NathV,14.247397395412442,4.382625250553542,1.0995216437518138
2026-07-24,403,Lily,34.30595196561528,1.2302894653350134,30.61508356961024
2026-07-24,403,Roland,28.35554194480797,1.5623240101663785,23.668569914308836
2026-07-24,403,Rémi,35.510789850545244,1.3356307757251793,31.503897523369705
2026-07-24,403,ManonV,13.758687550056234,1.8046642652539342,8.34469475429443
2026-07-24,403,Lilou,20.70157788984079,1.2884442362084096,16.836245181215563
2026-07-24,403,Paul,22.299969982630003,1.4224748498643989,18.032545433036805
2026-07-24,403,Raphaël,31.263993722204305,1.7057163357305047,26.14684471501279
2026-07-24,403,Julia,22.476971089903365,2.6734322205956977,14.456674428116273
2026-07-24,403,Armelle,24.133478735076142,2.733267567674706,15.933676032052023
2026-07-24,403,Jules,20.006119909595814,1.3894081156767912,15.83789556256544
2026-07-24,403,BenjaminC,27.195882244596994,1.834398344352813,21.692687211538555
2026-07-24,403,LaureS,26.614757451443086,2.4220888992272123,19.34849075376145
2026-07-24,403,Sabine,20.673780869996012,5.382864605484701,4.525187053541909
2026-07-24,403,Loïc,18.75531601487128,1.5435210736704998,14.12475279385978
2026-07-24,403,JulieB,18.914418758433982,1.5966172071272853,14.124567137052125
2026-07-24,403,ThéoM,20.98185228564869,1.6344339716898297,16.0785503705792
2026-07-24,403,EmmanuelP,21.244086509801768,1.854653471300895,15.680126095899084
2026-07-24,403,BenjaminZ,22.252081238260235,2.2207329348761315,15.589882433631841
2026-07-24,403,Maximilien,22.112973266797283,3.7883218629285995,10.748007678011485
2026-07-24,403,PhilippeA,25.56053894871333,4.1927001351978666,12.98243854311973
2026-07-24,403,Nicolas,11.843995101082738,1.6987043668729156,6.747882000463991
2026-07-24,404,NathV,14.247397395412442,4.382625250553542,1.0995216437518138
2026-07-24,404,Lily,34.14170043837842,1.224833681526179,30.467199393799884
2026-07-24,404,Roland,28.35554194480797,1.5623240101663785,23.668569914308836
2026-07-24,404,Rémi,35.704239081090286,1.3276449880851529,31.721304116834826
2026-07-24,404,ManonV,13.758687550056234,1.8046642652539342,8.34469475429443
2026-07-24,404,Lilou,20.70157788984079,1.2884442362084096,16.836245181215563
2026-07-24,404,Paul,22.299969982630003,1.4224748498643989,18.032545433036805
2026-07-24,404,Raphaël,31.263993722204305,1.7057163357305047,26.14684471501279
2026-07-24,404,Julia,22.476971089903365,2.6734322205956977,14.456674428116273
2026-07-24,404,Armelle,24.133478735076142,2.733267567674706,15.933676032052023
2026-07-24,404,Jules,20.006119909595814,1.3894081156767912,15.83789556256544
2026-07-24,404,BenjaminC,27.195882244596994,1.834398344352813,21.692687211538555
2026-07-24,404,LaureS,26.614757451443086,2.4220888992272123,19.34849075376145
2026-07-24,404,Sabine,20.673780869996012,5.382864605484701,4.525187053541909
2026-07-24,404,Loïc,19.013420766224673,1.5294373392102463,14.425108748593935
2026-07-24,404,JulieB,18.914418758433982,1.5966172071272853,14.124567137052125
2026-07-24,404,ThéoM,20.692538518465327,1.6171628861478724,15.841049860021709
2026-07-24,404,EmmanuelP,21.244086509801768,1.854653471300895,15.680126095899084
2026-07-24,404,BenjaminZ,22.252081238260235,2.2207329348761315,15.589882433631841
2026-07-24,404,Maximilien,22.112973266797283,3.7883218629285995,10.748007678011485
2026-07-24,404,PhilippeA,25.56053894871333,4.1927001351978666,12.98243854311973
2026-07-24,404,Nicolas,11.843995101082738,1.6987043668729156,6.747882000463991
2026-07-24,405,NathV,14.247397395412442,4.382625250553542,1.0995216437518138
2026-07-24,405,Lily,33.927921818393656,1.2186722610706968,30.271905035181565
2026-07-24,405,Roland,28.35554194480797,1.5623240101663785,23.668569914308836
2026-07-24,405,Rémi,35.95524035509851,1.3188091692929513,31.998812847219657
2026-07-24,405,ManonV,14.221624905025305,1.7778052458241325,8.888209167552908
2026-07-24,405,Lilou,20.70157788984079,1.2884442362084096,16.836245181215563
2026-07-24,405,Paul,22.299969982630003,1.4224748498643989,18.032545433036805
2026-07-24,405,Raphaël,31.263993722204305,1.7057163357305047,26.14684471501279
2026-07-24,405,Julia,22.476971089903365,2.6734322205956977,14.456674428116273
2026-07-24,405,Armelle,24.133478735076142,2.733267567674706,15.933676032052023
2026-07-24,405,Jules,19.731315633080452,1.378784402975441,15.59496242415413
2026-07-24,405,BenjaminC,27.195882244596994,1.834398344352813,21.692687211538555
2026-07-24,405,LaureS,26.614757451443086,2.4220888992272123,19.34849075376145
2026-07-24,405,Sabine,20.673780869996012,5.382864605484701,4.525187053541909
2026-07-24,405,Loïc,19.013420766224673,1.5294373392102463,14.425108748593935
2026-07-24,405,JulieB,18.914418758433982,1.5966172071272853,14.124567137052125
2026-07-24,405,ThéoM,20.692538518465327,1.6171628861478724,15.841049860021709
2026-07-24,405,EmmanuelP,21.244086509801768,1.854653471300895,15.680126095899084
2026-07-24,405,BenjaminZ,22.252081238260235,2.2207329348761315,15.589882433631841
2026-07-24,405,Maximilien,22.112973266797283,3.7883218629285995,10.748007678011485
2026-07-24,405,PhilippeA,25.56053894871333,4.1927001351978666,12.98243854311973
2026-07-24,405,Nicolas,11.843995101082738,1.6987043668729156,6.747882000463991
2026-07-24,406,NathV,14.247397395412442,4.382625250553542,1.0995216437518138
2026-07-24,406,Lily,33.59455356315359,1.2114803704001234,29.96011245195322
2026-07-24,406,Roland,28.35554194480797,1.5623240101663785,23.668569914308836
2026-07-24,406,Rémi,35.95524035509851,1.3188091692929513,31.998812847219657
2026-07-24,406,ManonV,14.221624905025305,1.7778052458241325,8.888209167552908
2026-07-24,406,Lilou,20.70157788984079,1.2884442362084096,16.836245181215563
2026-07-24,406,Paul,22.299969982630003,1.4224748498643989,18.032545433036805
2026-07-24,406,Raphaël,31.263993722204305,1.7057163357305047,26.14684471501279
2026-07-24,406,Julia,22.476971089903365,2.6734322205956977,14.456674428116273
2026-07-24,406,Armelle,24.133478735076142,2.733267567674706,15.933676032052023
2026-07-24,406,Jules,20.157601275835347,1.3667691604311483,16.057293794541902
2026-07-24,406,BenjaminC,27.195882244596994,1.834398344352813,21.692687211538555
2026-07-24,406,LaureS,26.614757451443086,2.4220888992272123,19.34849075376145
2026-07-24,406,Sabine,20.673780869996012,5.382864605484701,4.525187053541909
2026-07-24,406,Loïc,18.48924710659301,1.5118679871871743,13.953643145031485
2026-07-24,406,JulieB,18.914418758433982,1.5966172071272853,14.124567137052125
2026-07-24,406,ThéoM,21.278384750954586,1.5958503707285987,16.49083363876879
2026-07-24,406,EmmanuelP,21.244086509801768,1.854653471300895,15.680126095899084
2026-07-24,406,BenjaminZ,22.252081238260235,2.2207329348761315,15.589882433631841
2026-07-24,406,Maximilien,22.112973266797283,3.7883218629285995,10.748007678011485
2026-07-24,406,PhilippeA,25.56053894871333,4.1927001351978666,12.98243854311973
2026-07-24,406,Nicolas,11.843995101082738,1.6987043668729156,6.747882000463991
2026-07-24,407,NathV,14.247397395412442,4.382625250553542,1.0995216437518138
2026-07-24,407,Lily,33.594756686098236,1.2142951450274104,29.951871251016005
2026-07-24,407,Roland,28.35554194480797,1.5623240101663785,23.668569914308836
2026-07-24,407,Rémi,35.9554808858859,1.3213776152026215,31.991348040278034
2026-07-24,407,ManonV,14.221624905025305,1.7778052458241325,8.888209167552908
2026-07-24,407,Lilou,20.70157788984079,1.2884442362084096,16.836245181215563
2026-07-24,407,Paul,22.299969982630003,1.4224748498643989,18.032545433036805
2026-07-24,407,Raphaël,31.263993722204305,1.7057163357305047,26.14684471501279
2026-07-24,407,Julia,22.476971089903365,2.6734322205956977,14.456674428116273
2026-07-24,407,Armelle,24.133478735076142,2.733267567674706,15.933676032052023
2026-07-24,407,Jules,20.15734300343534,1.369238526071679,16.0496274252203
2026-07-24,407,BenjaminC,27.195882244596994,1.834398344352813,21.692687211538555
2026-07-24,407,LaureS,26.614757451443086,2.4220888992272123,19.34849075376145
2026-07-24,407,Sabine,20.673780869996012,5.382864605484701,4.525187053541909
2026-07-24,407,Loïc,18.488931299870863,1.5140699472634047,13.94672145808065
2026-07-24,407,JulieB,18.914418758433982,1.5966172071272853,14.124567137052125
2026-07-24,407,ThéoM,21.278384750954586,1.5958503707285987,16.49083363876879
2026-07-24,407,EmmanuelP,21.244086509801768,1.854653471300895,15.680126095899084
2026-07-24,407,BenjaminZ,22.252081238260235,2.2207329348761315,15.589882433631841
2026-07-24,407,Maximilien,22.112973266797283,3.7883218629285995,10.748007678011485
2026-07-24,407,PhilippeA,25.56053894871333,4.1927001351978666,12.98243854311973
2026-07-24,407,Nicolas,11.843995101082738,1.6987043668729156,6.747882000463991
2026-07-27,408,NathV,14.247397395412442,4.382625250553542,1.0995216437518138
2026-07-27,408,Lily,33.594756686098236,1.2142951450274104,29.951871251016005
2026-07-27,408,Roland,27.857000522713392,1.5440694777770803,23.224792089382152
2026-07-27,408,Rémi,35.9554808858859,1.3213776152026215,31.991348040278034
2026-07-27,408,ManonV,14.221624905025305,1.7778052458241325,8.888209167552908
2026-07-27,408,Lilou,20.70157788984079,1.2884442362084096,16.836245181215563
2026-07-27,408,Paul,21.886444452685968,1.4094631667918172,17.658054952310515
2026-07-27,408,Raphaël,31.263993722204305,1.7057163357305047,26.14684471501279
2026-07-27,408,Julia,22.476971089903365,2.6734322205956977,14.456674428116273
2026-07-27,408,Armelle,24.133478735076142,2.733267567674706,15.933676032052023
2026-07-27,408,Jules,20.15734300343534,1.369238526071679,16.0496274252203
2026-07-27,408,BenjaminC,27.195882244596994,1.834398344352813,21.692687211538555
2026-07-27,408,LaureS,26.614757451443086,2.4220888992272123,19.34849075376145
2026-07-27,408,Sabine,20.673780869996012,5.382864605484701,4.525187053541909
2026-07-27,408,Loïc,18.957238345316284,1.4977276668154083,14.46405534487006
2026-07-27,408,JulieB,18.914418758433982,1.5966172071272853,14.124567137052125
2026-07-27,408,ThéoM,21.798491085581247,1.576200191183007,17.069890512032227
2026-07-27,408,EmmanuelP,21.244086509801768,1.854653471300895,15.680126095899084
2026-07-27,408,BenjaminZ,22.252081238260235,2.2207329348761315,15.589882433631841
2026-07-27,408,Maximilien,22.112973266797283,3.7883218629285995,10.748007678011485
2026-07-27,408,PhilippeA,25.56053894871333,4.1927001351978666,12.98243854311973
2026-07-27,408,Nicolas,11.843995101082738,1.6987043668729156,6.747882000463991
2026-07-27,409,NathV,14.247397395412442,4.382625250553542,1.0995216437518138
2026-07-27,409,Lily,33.703625258413474,1.213078241921428,30.064390532649192
2026-07-27,409,Roland,27.857000522713392,1.5440694777770803,23.224792089382152
2026-07-27,409,Rémi,35.82665854084381,1.3187585151117165,31.87038299550866
2026-07-27,409,ManonV,14.221624905025305,1.7778052458241325,8.888209167552908
2026-07-27,409,Lilou,20.70157788984079,1.2884442362084096,16.836245181215563
2026-07-27,409,Paul,21.886444452685968,1.4094631667918172,17.658054952310515
2026-07-27,409,Raphaël,31.263993722204305,1.7057163357305047,26.14684471501279
2026-07-27,409,Julia,22.476971089903365,2.6734322205956977,14.456674428116273
2026-07-27,409,Armelle,24.133478735076142,2.733267567674706,15.933676032052023
2026-07-27,409,Jules,20.15734300343534,1.369238526071679,16.0496274252203
2026-07-27,409,BenjaminC,27.195882244596994,1.834398344352813,21.692687211538555
2026-07-27,409,LaureS,27.046383237812243,2.391207392370902,19.87276106069954
2026-07-27,409,Sabine,20.673780869996012,5.382864605484701,4.525187053541909
2026-07-27,409,Loïc,18.957238345316284,1.4977276668154083,14.46405534487006
2026-07-27,409,JulieB,18.914418758433982,1.5966172071272853,14.124567137052125
2026-07-27,409,ThéoM,21.798491085581247,1.576200191183007,17.069890512032227
2026-07-27,409,EmmanuelP,21.244086509801768,1.854653471300895,15.680126095899084
2026-07-27,409,BenjaminZ,22.252081238260235,2.2207329348761315,15.589882433631841
2026-07-27,409,Maximilien,22.112973266797283,3.7883218629285995,10.748007678011485
2026-07-27,409,PhilippeA,25.56053894871333,4.1927001351978666,12.98243854311973
2026-07-27,409,Nicolas,11.843995101082738,1.6987043668729156,6.747882000463991
2026-07-27,409,Vadim,19.896191505848567,6.906307258278785,-0.8227302689877867
2026-07-27,410,NathV,14.247397395412442,4.382625250553542,1.0995216437518138
2026-07-27,410,Lily,33.703625258413474,1.213078241921428,30.064390532649192
2026-07-27,410,Roland,27.857000522713392,1.5440694777770803,23.224792089382152
2026-07-27,410,Rémi,35.82665854084381,1.3187585151117165,31.87038299550866
2026-07-27,410,ManonV,14.127302737576757,1.7672077575348495,8.82567946497221
2026-07-27,410,Lilou,20.70157788984079,1.2884442362084096,16.836245181215563
2026-07-27,410,Paul,21.94580736304931,1.4056669139642197,17.72880662115665
2026-07-27,410,Raphaël,31.263993722204305,1.7057163357305047,26.14684471501279
2026-07-27,410,Julia,22.476971089903365,2.6734322205956977,14.456674428116273
2026-07-27,410,Armelle,24.133478735076142,2.733267567674706,15.933676032052023
2026-07-27,410,Jules,20.15734300343534,1.369238526071679,16.0496274252203
2026-07-27,410,BenjaminC,27.195882244596994,1.834398344352813,21.692687211538555
2026-07-27,410,LaureS,27.046383237812243,2.391207392370902,19.87276106069954
2026-07-27,410,Sabine,20.673780869996012,5.382864605484701,4.525187053541909
2026-07-27,410,Loïc,18.89023440631669,1.4925381644980458,14.412619912822553
2026-07-27,410,JulieB,18.914418758433982,1.5966172071272853,14.124567137052125
2026-07-27,410,ThéoM,21.872677985698978,1.5696543782517316,17.163714850943784
2026-07-27,410,EmmanuelP,21.244086509801768,1.854653471300895,15.680126095899084
2026-07-27,410,BenjaminZ,22.252081238260235,2.2207329348761315,15.589882433631841
2026-07-27,410,Maximilien,22.112973266797283,3.7883218629285995,10.748007678011485
2026-07-27,410,PhilippeA,25.56053894871333,4.1927001351978666,12.98243854311973
2026-07-27,410,Nicolas,11.843995101082738,1.6987043668729156,6.747882000463991
2026-07-27,410,Vadim,19.896191505848567,6.906307258278785,-0.8227302689877867
2026-07-27,411,NathV,14.247397395412442,4.382625250553542,1.0995216437518138
2026-07-27,411,Lily,33.703625258413474,1.213078241921428,30.064390532649192
2026-07-27,411,Roland,28.04927274479441,1.536516547594816,23.439723102009964
2026-07-27,411,Rémi,35.68625405492339,1.3152786951893496,31.74041796935534
2026-07-27,411,ManonV,14.127302737576757,1.7672077575348495,8.82567946497221
2026-07-27,411,Lilou,20.70157788984079,1.2884442362084096,16.836245181215563
2026-07-27,411,Paul,21.94580736304931,1.4056669139642197,17.72880662115665
2026-07-27,411,Raphaël,31.263993722204305,1.7057163357305047,26.14684471501279
2026-07-27,411,Julia,22.476971089903365,2.6734322205956977,14.456674428116273
2026-07-27,411,Armelle,24.133478735076142,2.733267567674706,15.933676032052023
2026-07-27,411,Jules,20.15734300343534,1.369238526071679,16.0496274252203
2026-07-27,411,BenjaminC,27.195882244596994,1.834398344352813,21.692687211538555
2026-07-27,411,LaureS,27.50672602338032,2.3561904246316323,20.438154749485424
2026-07-27,411,Sabine,20.673780869996012,5.382864605484701,4.525187053541909
2026-07-27,411,Loïc,18.89023440631669,1.4925381644980458,14.412619912822553
2026-07-27,411,JulieB,18.914418758433982,1.5966172071272853,14.124567137052125
2026-07-27,411,ThéoM,21.872677985698978,1.5696543782517316,17.163714850943784
2026-07-27,411,EmmanuelP,21.244086509801768,1.854653471300895,15.680126095899084
2026-07-27,411,BenjaminZ,22.252081238260235,2.2207329348761315,15.589882433631841
2026-07-27,411,Maximilien,22.112973266797283,3.7883218629285995,10.748007678011485
2026-07-27,411,PhilippeA,25.56053894871333,4.1927001351978666,12.98243854311973
2026-07-27,411,Nicolas,11.843995101082738,1.6987043668729156,6.747882000463991
2026-07-27,411,Vadim,16.060225647289265,5.973170668070037,-1.8592863569208475
2026-07-27,412,NathV,14.247397395412442,4.382625250553542,1.0995216437518138
2026-07-27,412,Lily,33.803369387289884,1.2095388448896605,30.1747528526209
2026-07-27,412,Roland,28.04927274479441,1.536516547594816,23.439723102009964
2026-07-27,412,Rémi,35.68625405492339,1.3152786951893496,31.74041796935534
2026-07-27,412,ManonV,14.338459458845115,1.7494048156406115,9.09024501192328
2026-07-27,412,Lilou,20.70157788984079,1.2884442362084096,16.836245181215563
2026-07-27,412,Paul,21.812038947473837,1.3981886470707323,17.61747300626164
2026-07-27,412,Raphaël,31.263993722204305,1.7057163357305047,26.14684471501279
2026-07-27,412,Julia,22.476971089903365,2.6734322205956977,14.456674428116273
2026-07-27,412,Armelle,24.133478735076142,2.733267567674706,15.933676032052023
2026-07-27,412,Jules,20.15734300343534,1.369238526071679,16.0496274252203
2026-07-27,412,BenjaminC,27.195882244596994,1.834398344352813,21.692687211538555
2026-07-27,412,LaureS,27.50672602338032,2.3561904246316323,20.438154749485424
2026-07-27,412,Sabine,20.673780869996012,5.382864605484701,4.525187053541909
2026-07-27,412,Loïc,18.89023440631669,1.4925381644980458,14.412619912822553
2026-07-27,412,JulieB,18.914418758433982,1.5966172071272853,14.124567137052125
2026-07-27,412,ThéoM,21.70599337907295,1.5580179915816936,17.03193940432787
2026-07-27,412,EmmanuelP,21.244086509801768,1.854653471300895,15.680126095899084
2026-07-27,412,BenjaminZ,22.252081238260235,2.2207329348761315,15.589882433631841
2026-07-27,412,Maximilien,22.112973266797283,3.7883218629285995,10.748007678011485
2026-07-27,412,PhilippeA,25.56053894871333,4.1927001351978666,12.98243854311973
2026-07-27,412,Nicolas,11.843995101082738,1.6987043668729156,6.747882000463991
2026-07-27,412,Vadim,16.060225647289265,5.973170668070037,-1.8592863569208475
2026-07-27,413,NathV,14.247397395412442,4.382625250553542,1.0995216437518138
2026-07-27,413,Lily,33.742230371337996,1.207449175355344,30.119882845271963
2026-07-27,413,Roland,28.14775823585405,1.5286275743563202,23.561875512785086
2026-07-27,413,Rémi,35.7584973629391,1.3115465860847235,31.82385760468493
2026-07-27,413,ManonV,14.338459458845115,1.7494048156406115,9.09024501192328
2026-07-27,413,Lilou,20.70157788984079,1.2884442362084096,16.836245181215563
2026-07-27,413,Paul,21.730438277084467,1.3930212888905464,17.551374410412826
2026-07-27,413,Raphaël,31.263993722204305,1.7057163357305047,26.14684471501279
2026-07-27,413,Julia,22.476971089903365,2.6734322205956977,14.456674428116273
2026-07-27,413,Armelle,24.133478735076142,2.733267567674706,15.933676032052023
2026-07-27,413,Jules,20.15734300343534,1.369238526071679,16.0496274252203
2026-07-27,413,BenjaminC,27.195882244596994,1.834398344352813,21.692687211538555
2026-07-27,413,LaureS,27.50672602338032,2.3561904246316323,20.438154749485424
2026-07-27,413,Sabine,20.673780869996012,5.382864605484701,4.525187053541909
2026-07-27,413,Loïc,18.89023440631669,1.4925381644980458,14.412619912822553
2026-07-27,413,JulieB,18.914418758433982,1.5966172071272853,14.124567137052125
2026-07-27,413,ThéoM,21.70599337907295,1.5580179915816936,17.03193940432787
2026-07-27,413,EmmanuelP,21.244086509801768,1.854653471300895,15.680126095899084
2026-07-27,413,BenjaminZ,22.252081238260235,2.2207329348761315,15.589882433631841
2026-07-27,413,Maximilien,22.112973266797283,3.7883218629285995,10.748007678011485
2026-07-27,413,PhilippeA,25.56053894871333,4.1927001351978666,12.98243854311973
2026-07-27,413,Nicolas,11.843995101082738,1.6987043668729156,6.747882000463991
2026-07-27,413,Vadim,16.060225647289265,5.973170668070037,-1.8592863569208475
2026-07-27,414,NathV,14.247397395412442,4.382625250553542,1.0995216437518138
2026-07-27,414,Lily,33.68381961640476,1.2055083633519212,30.067294526349
2026-07-27,414,Roland,28.24120914270375,1.5211456909928167,23.6777720697253
2026-07-27,414,Rémi,35.827363953320635,1.308027517669178,31.9032814003131
2026-07-27,414,ManonV,14.338459458845115,1.7494048156406115,9.09024501192328
2026-07-27,414,Lilou,20.70157788984079,1.2884442362084096,16.836245181215563
2026-07-27,414,Paul,21.652785264946466,1.3881291087279153,17.48839793876272
2026-07-27,414,Raphaël,31.263993722204305,1.7057163357305047,26.14684471501279
2026-07-27,414,Julia,22.476971089903365,2.6734322205956977,14.456674428116273
2026-07-27,414,Armelle,24.133478735076142,2.733267567674706,15.933676032052023
2026-07-27,414,Jules,20.15734300343534,1.369238526071679,16.0496274252203
2026-07-27,414,BenjaminC,27.195882244596994,1.834398344352813,21.692687211538555
2026-07-27,414,LaureS,27.50672602338032,2.3561904246316323,20.438154749485424
2026-07-27,414,Sabine,20.673780869996012,5.382864605484701,4.525187053541909
2026-07-27,414,Loïc,18.89023440631669,1.4925381644980458,14.412619912822553
2026-07-27,414,JulieB,18.914418758433982,1.5966172071272853,14.124567137052125
2026-07-27,414,ThéoM,21.70599337907295,1.5580179915816936,17.03193940432787
2026-07-27,414,EmmanuelP,21.244086509801768,1.854653471300895,15.680126095899084
2026-07-27,414,BenjaminZ,22.252081238260235,2.2207329348761315,15.589882433631841
2026-07-27,414,Maximilien,22.112973266797283,3.7883218629285995,10.748007678011485
2026-07-27,414,PhilippeA,25.56053894871333,4.1927001351978666,12.98243854311973
2026-07-27,414,Nicolas,11.843995101082738,1.6987043668729156,6.747882000463991
2026-07-27,414,Vadim,16.060225647289265,5.973170668070037,-1.8592863569208475
2026-07-27,415,NathV,14.247397395412442,4.382625250553542,1.0995216437518138
2026-07-27,415,Lily,33.74590984348147,1.2036592681914065,30.13493203890725
2026-07-27,415,Roland,28.142523150545543,1.5139458870035543,23.600685489534882
2026-07-27,415,Rémi,35.827363953320635,1.308027517669178,31.9032814003131
2026-07-27,415,ManonV,14.338459458845115,1.7494048156406115,9.09024501192328
2026-07-27,415,Lilou,20.70157788984079,1.2884442362084096,16.836245181215563
2026-07-27,415,Paul,21.570554465134734,1.3834207428578256,17.42029223656126
2026-07-27,415,Raphaël,31.263993722204305,1.7057163357305047,26.14684471501279
2026-07-27,415,Julia,22.476971089903365,2.6734322205956977,14.456674428116273
2026-07-27,415,Armelle,24.451444411008044,2.6793193939525977,16.41348622915025
2026-07-27,415,Jules,20.15734300343534,1.369238526071679,16.0496274252203
2026-07-27,415,BenjaminC,27.195882244596994,1.834398344352813,21.692687211538555
2026-07-27,415,LaureS,27.50672602338032,2.3561904246316323,20.438154749485424
2026-07-27,415,Sabine,20.673780869996012,5.382864605484701,4.525187053541909
2026-07-27,415,Loïc,18.89023440631669,1.4925381644980458,14.412619912822553
2026-07-27,415,JulieB,18.914418758433982,1.5966172071272853,14.124567137052125
2026-07-27,415,ThéoM,21.70599337907295,1.5580179915816936,17.03193940432787
2026-07-27,415,EmmanuelP,21.244086509801768,1.854653471300895,15.680126095899084
2026-07-27,415,BenjaminZ,22.252081238260235,2.2207329348761315,15.589882433631841
2026-07-27,415,Maximilien,22.112973266797283,3.7883218629285995,10.748007678011485
2026-07-27,415,PhilippeA,25.56053894871333,4.1927001351978666,12.98243854311973
2026-07-27,415,Nicolas,11.843995101082738,1.6987043668729156,6.747882000463991
2026-07-27,415,Vadim,16.060225647289265,5.973170668070037,-1.8592863569208475
2026-07-27,416,NathV,14.247397395412442,4.382625250553542,1.0995216437518138
2026-07-27,416,Lily,33.803537214988076,1.202014501527643,30.197493710405148
2026-07-27,416,Roland,28.05151516073129,1.507245384162198,23.5297790082447
2026-07-27,416,Rémi,35.827363953320635,1.308027517669178,31.9032814003131
2026-07-27,416,ManonV,14.338459458845115,1.7494048156406115,9.09024501192328
2026-07-27,416,Lilou,20.70157788984079,1.2884442362084096,16.836245181215563
2026-07-27,416,Paul,21.49451719255639,1.3790643654177355,17.357324096303184
2026-07-27,416,Raphaël,31.263993722204305,1.7057163357305047,26.14684471501279
2026-07-27,416,Julia,22.476971089903365,2.6734322205956977,14.456674428116273
2026-07-27,416,Armelle,24.73589960228929,2.6306057217292924,16.844082437101413
2026-07-27,416,Jules,20.15734300343534,1.369238526071679,16.0496274252203
2026-07-27,416,BenjaminC,27.195882244596994,1.834398344352813,21.692687211538555
2026-07-27,416,LaureS,27.50672602338032,2.3561904246316323,20.438154749485424
2026-07-27,416,Sabine,20.673780869996012,5.382864605484701,4.525187053541909
2026-07-27,416,Loïc,18.89023440631669,1.4925381644980458,14.412619912822553
2026-07-27,416,JulieB,18.914418758433982,1.5966172071272853,14.124567137052125
2026-07-27,416,ThéoM,21.70599337907295,1.5580179915816936,17.03193940432787
2026-07-27,416,EmmanuelP,21.244086509801768,1.854653471300895,15.680126095899084
2026-07-27,416,BenjaminZ,22.252081238260235,2.2207329348761315,15.589882433631841
2026-07-27,416,Maximilien,22.112973266797283,3.7883218629285995,10.748007678011485
2026-07-27,416,PhilippeA,25.56053894871333,4.1927001351978666,12.98243854311973
2026-07-27,416,Nicolas,11.843995101082738,1.6987043668729156,6.747882000463991
2026-07-27,416,Vadim,16.060225647289265,5.973170668070037,-1.8592863569208475
2026-07-28,417,NathV,14.247397395412442,4.382625250553542,1.0995216437518138
2026-07-28,417,Lily,33.87710287115707,1.1996469164926908,30.278162121679
2026-07-28,417,Roland,28.05151516073129,1.507245384162198,23.5297790082447
2026-07-28,417,Rémi,35.827363953320635,1.308027517669178,31.9032814003131
2026-07-28,417,ManonV,14.338459458845115,1.7494048156406115,9.09024501192328
2026-07-28,417,Lilou,20.70157788984079,1.2884442362084096,16.836245181215563
2026-07-28,417,Paul,21.397795182026208,1.3736555055058024,17.276828665508802
2026-07-28,417,Raphaël,31.263993722204305,1.7057163357305047,26.14684471501279
2026-07-28,417,Julia,22.476971089903365,2.6734322205956977,14.456674428116273
2026-07-28,417,Armelle,24.73589960228929,2.6306057217292924,16.844082437101413
2026-07-28,417,Jules,20.15734300343534,1.369238526071679,16.0496274252203
2026-07-28,417,BenjaminC,27.195882244596994,1.834398344352813,21.692687211538555
2026-07-28,417,LaureS,27.22505835396015,2.318063367393827,20.27086825177867
2026-07-28,417,Sabine,20.673780869996012,5.382864605484701,4.525187053541909
2026-07-28,417,Loïc,18.89023440631669,1.4925381644980458,14.412619912822553
2026-07-28,417,JulieB,18.914418758433982,1.5966172071272853,14.124567137052125
2026-07-28,417,ThéoM,21.829348993851944,1.5488225238389728,17.182881422335026
2026-07-28,417,EmmanuelP,21.244086509801768,1.854653471300895,15.680126095899084
2026-07-28,417,BenjaminZ,22.252081238260235,2.2207329348761315,15.589882433631841
2026-07-28,417,Maximilien,22.112973266797283,3.7883218629285995,10.748007678011485
2026-07-28,417,PhilippeA,25.56053894871333,4.1927001351978666,12.98243854311973
2026-07-28,417,Nicolas,11.843995101082738,1.6987043668729156,6.747882000463991
2026-07-28,417,Vadim,16.060225647289265,5.973170668070037,-1.8592863569208475
2026-07-28,418,NathV,14.247397395412442,4.382625250553542,1.0995216437518138
2026-07-28,418,Lily,33.87710287115707,1.1996469164926908,30.278162121679
2026-07-28,418,Roland,28.083324125700234,1.5059070048443113,23.5656031111673
2026-07-28,418,Rémi,35.827363953320635,1.308027517669178,31.9032814003131
2026-07-28,418,ManonV,14.295641982897084,1.7457009157601466,9.058539235616644
2026-07-28,418,Lilou,20.70157788984079,1.2884442362084096,16.836245181215563
2026-07-28,418,Paul,21.397795182026208,1.3736555055058024,17.276828665508802
2026-07-28,418,Raphaël,31.263993722204305,1.7057163357305047,26.14684471501279
2026-07-28,418,Julia,22.476971089903365,2.6734322205956977,14.456674428116273
2026-07-28,418,Armelle,24.73589960228929,2.6306057217292924,16.844082437101413
2026-07-28,418,Jules,20.15734300343534,1.369238526071679,16.0496274252203
2026-07-28,418,BenjaminC,27.195882244596994,1.834398344352813,21.692687211538555
2026-07-28,418,LaureS,27.22505835396015,2.318063367393827,20.27086825177867
2026-07-28,418,Sabine,20.673780869996012,5.382864605484701,4.525187053541909
2026-07-28,418,Loïc,18.921427518973097,1.4913277221043482,14.447444352660053
2026-07-28,418,JulieB,18.914418758433982,1.5966172071272853,14.124567137052125
2026-07-28,418,ThéoM,21.829348993851944,1.5488225238389728,17.182881422335026
2026-07-28,418,EmmanuelP,21.244086509801768,1.854653471300895,15.680126095899084
2026-07-28,418,BenjaminZ,22.252081238260235,2.2207329348761315,15.589882433631841
2026-07-28,418,Maximilien,22.112973266797283,3.7883218629285995,10.748007678011485
2026-07-28,418,PhilippeA,25.56053894871333,4.1927001351978666,12.98243854311973
2026-07-28,418,Nicolas,11.843995101082738,1.6987043668729156,6.747882000463991
2026-07-28,418,Vadim,15.562086758030615,5.744005761526062,-1.6699305265475726
2026-07-28,419,NathV,15.29582936349962,4.144753852226107,2.861567806821297
2026-07-28,419,Lily,33.95600924147483,1.1977346642036895,30.36280524886376
2026-07-28,419,Roland,28.083324125700234,1.5059070048443113,23.5656031111673
2026-07-28,419,Rémi,35.827363953320635,1.308027517669178,31.9032814003131
2026-07-28,419,ManonV,14.295641982897084,1.7457009157601466,9.058539235616644
2026-07-28,419,Lilou,20.70157788984079,1.2884442362084096,16.836245181215563
2026-07-28,419,Paul,21.29445585053996,1.3689777088244206,17.1875227240667
2026-07-28,419,Raphaël,31.263993722204305,1.7057163357305047,26.14684471501279
2026-07-28,419,Julia,22.476971089903365,2.6734322205956977,14.456674428116273
2026-07-28,419,Armelle,24.73589960228929,2.6306057217292924,16.844082437101413
2026-07-28,419,Jules,20.15734300343534,1.369238526071679,16.0496274252203
2026-07-28,419,BenjaminC,27.195882244596994,1.834398344352813,21.692687211538555
2026-07-28,419,LaureS,27.22505835396015,2.318063367393827,20.27086825177867
2026-07-28,419,Sabine,20.673780869996012,5.382864605484701,4.525187053541909
2026-07-28,419,Loïc,18.921427518973097,1.4913277221043482,14.447444352660053
2026-07-28,419,JulieB,18.914418758433982,1.5966172071272853,14.124567137052125
2026-07-28,419,ThéoM,21.829348993851944,1.5488225238389728,17.182881422335026
2026-07-28,419,EmmanuelP,21.05601801380695,1.8388015453482234,15.53961337776228
2026-07-28,419,BenjaminZ,22.252081238260235,2.2207329348761315,15.589882433631841
2026-07-28,419,Maximilien,22.112973266797283,3.7883218629285995,10.748007678011485
2026-07-28,419,PhilippeA,25.56053894871333,4.1927001351978666,12.98243854311973
2026-07-28,419,Nicolas,11.843995101082738,1.6987043668729156,6.747882000463991
2026-07-28,419,Vadim,15.562086758030615,5.744005761526062,-1.6699305265475726
2026-07-28,420,NathV,15.29582936349962,4.144753852226107,2.861567806821297
2026-07-28,420,Lily,33.95600924147483,1.1977346642036895,30.36280524886376
2026-07-28,420,Roland,28.083324125700234,1.5059070048443113,23.5656031111673
2026-07-28,420,Rémi,35.827363953320635,1.308027517669178,31.9032814003131
2026-07-28,420,ManonV,14.295641982897084,1.7457009157601466,9.058539235616644
2026-07-28,420,Lilou,20.70157788984079,1.2884442362084096,16.836245181215563
2026-07-28,420,Paul,21.29445585053996,1.3689777088244206,17.1875227240667
2026-07-28,420,Raphaël,31.263993722204305,1.7057163357305047,26.14684471501279
2026-07-28,420,Julia,22.476971089903365,2.6734322205956977,14.456674428116273
2026-07-28,420,Armelle,24.064456175363055,2.5602968438780684,16.38356564372885
2026-07-28,420,Jules,20.15734300343534,1.369238526071679,16.0496274252203
2026-07-28,420,BenjaminC,27.195882244596994,1.834398344352813,21.692687211538555
2026-07-28,420,LaureS,27.746581773599317,2.270680663460024,20.934539783219243
2026-07-28,420,Sabine,20.673780869996012,5.382864605484701,4.525187053541909
2026-07-28,420,Loïc,19.13768065806733,1.4806837442069767,14.695629425446402
2026-07-28,420,JulieB,18.914418758433982,1.5966172071272853,14.124567137052125
2026-07-28,420,ThéoM,21.596153025697884,1.5365335498945765,16.986552376014153
2026-07-28,420,EmmanuelP,21.05601801380695,1.8388015453482234,15.53961337776228
2026-07-28,420,BenjaminZ,22.252081238260235,2.2207329348761315,15.589882433631841
2026-07-28,420,Maximilien,22.112973266797283,3.7883218629285995,10.748007678011485
2026-07-28,420,PhilippeA,25.56053894871333,4.1927001351978666,12.98243854311973
2026-07-28,420,Nicolas,11.843995101082738,1.6987043668729156,6.747882000463991
2026-07-28,420,Vadim,15.562086758030615,5.744005761526062,-1.6699305265475726
2026-07-28,421,NathV,15.29582936349962,4.144753852226107,2.861567806821297
2026-07-28,421,Lily,33.95600924147483,1.1977346642036895,30.36280524886376
2026-07-28,421,Roland,27.7734835127981,1.4955030576777935,23.286974339764722
2026-07-28,421,Rémi,35.827363953320635,1.308027517669178,31.9032814003131
2026-07-28,421,ManonV,14.295641982897084,1.7457009157601466,9.058539235616644
2026-07-28,421,Lilou,20.70157788984079,1.2884442362084096,16.836245181215563
2026-07-28,421,Paul,21.038235749731218,1.3619625079305544,16.952348225939556
2026-07-28,421,Raphaël,31.263993722204305,1.7057163357305047,26.14684471501279
2026-07-28,421,Julia,22.476971089903365,2.6734322205956977,14.456674428116273
2026-07-28,421,Armelle,24.064456175363055,2.5602968438780684,16.38356564372885
2026-07-28,421,Jules,20.15734300343534,1.369238526071679,16.0496274252203
2026-07-28,421,BenjaminC,27.195882244596994,1.834398344352813,21.692687211538555
2026-07-28,421,LaureS,27.746581773599317,2.270680663460024,20.934539783219243
2026-07-28,421,Sabine,24.621489898195534,4.773434130897221,10.301187505503872
2026-07-28,421,Loïc,19.13768065806733,1.4806837442069767,14.695629425446402
2026-07-28,421,JulieB,18.914418758433982,1.5966172071272853,14.124567137052125
2026-07-28,421,ThéoM,21.596153025697884,1.5365335498945765,16.986552376014153
2026-07-28,421,EmmanuelP,21.517521437802873,1.8175397170392094,16.064902286685246
2026-07-28,421,BenjaminZ,22.252081238260235,2.2207329348761315,15.589882433631841
2026-07-28,421,Maximilien,22.112973266797283,3.7883218629285995,10.748007678011485
2026-07-28,421,PhilippeA,25.56053894871333,4.1927001351978666,12.98243854311973
2026-07-28,421,Nicolas,11.843995101082738,1.6987043668729156,6.747882000463991
2026-07-28,421,Vadim,15.562086758030615,5.744005761526062,-1.6699305265475726
2026-07-28,422,NathV,15.29582936349962,4.144753852226107,2.861567806821297
2026-07-28,422,Lily,33.95600924147483,1.1977346642036895,30.36280524886376
2026-07-28,422,Roland,27.867276488279025,1.4885356103746197,23.401669657155168
2026-07-28,422,Rémi,35.827363953320635,1.308027517669178,31.9032814003131
2026-07-28,422,ManonV,14.295641982897084,1.7457009157601466,9.058539235616644
2026-07-28,422,Lilou,20.70157788984079,1.2884442362084096,16.836245181215563
2026-07-28,422,Paul,21.116075684661595,1.357491554583163,17.043601020912106
2026-07-28,422,Raphaël,31.263993722204305,1.7057163357305047,26.14684471501279
2026-07-28,422,Julia,22.476971089903365,2.6734322205956977,14.456674428116273
2026-07-28,422,Armelle,24.064456175363055,2.5602968438780684,16.38356564372885
2026-07-28,422,Jules,20.15734300343534,1.369238526071679,16.0496274252203
2026-07-28,422,BenjaminC,27.195882244596994,1.834398344352813,21.692687211538555
2026-07-28,422,LaureS,27.746581773599317,2.270680663460024,20.934539783219243
2026-07-28,422,Sabine,24.621489898195534,4.773434130897221,10.301187505503872
2026-07-28,422,Loïc,19.045731583480656,1.4740125578908803,14.623693909808015
2026-07-28,422,JulieB,18.914418758433982,1.5966172071272853,14.124567137052125
2026-07-28,422,ThéoM,21.497159006895007,1.5287193740490619,16.91100088474782
2026-07-28,422,EmmanuelP,21.517521437802873,1.8175397170392094,16.064902286685246
2026-07-28,422,BenjaminZ,22.252081238260235,2.2207329348761315,15.589882433631841
2026-07-28,422,Maximilien,22.112973266797283,3.7883218629285995,10.748007678011485
2026-07-28,422,PhilippeA,25.56053894871333,4.1927001351978666,12.98243854311973
2026-07-28,422,Nicolas,11.843995101082738,1.6987043668729156,6.747882000463991
2026-07-28,422,Vadim,15.562086758030615,5.744005761526062,-1.6699305265475726
2026-07-28,423,NathV,15.29582936349962,4.144753852226107,2.861567806821297
2026-07-28,423,Lily,33.97029252098557,1.1988977887075094,30.373599154863044
2026-07-28,423,Roland,27.867276488279025,1.4885356103746197,23.401669657155168
2026-07-28,423,Rémi,35.827363953320635,1.308027517669178,31.9032814003131
2026-07-28,423,ManonV,14.295641982897084,1.7457009157601466,9.058539235616644
2026-07-28,423,Lilou,20.70157788984079,1.2884442362084096,16.836245181215563
2026-07-28,423,Paul,21.116075684661595,1.357491554583163,17.043601020912106
2026-07-28,423,Raphaël,31.263993722204305,1.7057163357305047,26.14684471501279
2026-07-28,423,Julia,22.476971089903365,2.6734322205956977,14.456674428116273
2026-07-28,423,Armelle,23.999435731879956,2.5447835714620157,16.36508501749391
2026-07-28,423,Jules,20.15734300343534,1.369238526071679,16.0496274252203
2026-07-28,423,BenjaminC,27.195882244596994,1.834398344352813,21.692687211538555
2026-07-28,423,LaureS,27.746581773599317,2.270680663460024,20.934539783219243
2026-07-28,423,Sabine,24.621489898195534,4.773434130897221,10.301187505503872
2026-07-28,423,Loïc,19.045731583480656,1.4740125578908803,14.623693909808015
2026-07-28,423,JulieB,18.93974627102031,1.5946975795501355,14.155653532369906
2026-07-28,423,ThéoM,21.497159006895007,1.5287193740490619,16.91100088474782
2026-07-28,423,EmmanuelP,21.517521437802873,1.8175397170392094,16.064902286685246
2026-07-28,423,BenjaminZ,22.252081238260235,2.2207329348761315,15.589882433631841
2026-07-28,423,Maximilien,22.112973266797283,3.7883218629285995,10.748007678011485
2026-07-28,423,PhilippeA,25.56053894871333,4.1927001351978666,12.98243854311973
2026-07-28,423,Nicolas,11.815334258092363,1.6958194424693438,6.727875930684332
2026-07-28,423,Vadim,15.562086758030615,5.744005761526062,-1.6699305265475726
2026-07-28,424,NathV,15.29582936349962,4.144753852226107,2.861567806821297
2026-07-28,424,Lily,33.97029252098557,1.1988977887075094,30.373599154863044
2026-07-28,424,Roland,27.947014394781704,1.482499009414042,23.49951736653958
2026-07-28,424,Rémi,35.827363953320635,1.308027517669178,31.9032814003131
2026-07-28,424,ManonV,14.295641982897084,1.7457009157601466,9.058539235616644
2026-07-28,424,Lilou,20.70157788984079,1.2884442362084096,16.836245181215563
2026-07-28,424,Paul,21.049717396508186,1.3536975885155786,16.98862463096145
2026-07-28,424,Raphaël,31.263993722204305,1.7057163357305047,26.14684471501279
2026-07-28,424,Julia,22.476971089903365,2.6734322205956977,14.456674428116273
2026-07-28,424,Armelle,23.999435731879956,2.5447835714620157,16.36508501749391
2026-07-28,424,Jules,20.15734300343534,1.369238526071679,16.0496274252203
2026-07-28,424,BenjaminC,27.195882244596994,1.834398344352813,21.692687211538555
2026-07-28,424,LaureS,27.746581773599317,2.270680663460024,20.934539783219243
2026-07-28,424,Sabine,24.621489898195534,4.773434130897221,10.301187505503872
2026-07-28,424,Loïc,18.967537191378092,1.4682411062579133,14.562813872604352
2026-07-28,424,JulieB,18.93974627102031,1.5946975795501355,14.155653532369906
2026-07-28,424,ThéoM,21.581246520036526,1.5219262997183456,17.015467620881488
2026-07-28,424,EmmanuelP,21.517521437802873,1.8175397170392094,16.064902286685246
2026-07-28,424,BenjaminZ,22.252081238260235,2.2207329348761315,15.589882433631841
2026-07-28,424,Maximilien,22.112973266797283,3.7883218629285995,10.748007678011485
2026-07-28,424,PhilippeA,25.56053894871333,4.1927001351978666,12.98243854311973
2026-07-28,424,Nicolas,11.815334258092363,1.6958194424693438,6.727875930684332
2026-07-28,424,Vadim,15.562086758030615,5.744005761526062,-1.6699305265475726
2026-07-28,425,NathV,15.29582936349962,4.144753852226107,2.861567806821297
2026-07-28,425,Lily,33.97029252098557,1.1988977887075094,30.373599154863044
2026-07-28,425,Roland,27.947014394781704,1.482499009414042,23.49951736653958
2026-07-28,425,Rémi,35.827363953320635,1.308027517669178,31.9032814003131
2026-07-28,425,ManonV,14.295641982897084,1.7457009157601466,9.058539235616644
2026-07-28,425,Lilou,20.70157788984079,1.2884442362084096,16.836245181215563
2026-07-28,425,Paul,21.049717396508186,1.3536975885155786,16.98862463096145
2026-07-28,425,Raphaël,31.263993722204305,1.7057163357305047,26.14684471501279
2026-07-28,425,Julia,22.476971089903365,2.6734322205956977,14.456674428116273
2026-07-28,425,Armelle,23.247126238822545,2.4743179078049224,15.824172515407778
2026-07-28,425,Jules,20.15734300343534,1.369238526071679,16.0496274252203
2026-07-28,425,BenjaminC,27.195882244596994,1.834398344352813,21.692687211538555
2026-07-28,425,LaureS,27.746581773599317,2.270680663460024,20.934539783219243
2026-07-28,425,Sabine,24.621489898195534,4.773434130897221,10.301187505503872
2026-07-28,425,Loïc,18.716567711258957,1.4568952648895084,14.345881916590432
2026-07-28,425,JulieB,19.2356635822902,1.5793067229922981,14.497743413313305
2026-07-28,425,ThéoM,21.850844564984957,1.5089375801884177,17.324031824419706
2026-07-28,425,EmmanuelP,21.517521437802873,1.8175397170392094,16.064902286685246
2026-07-28,425,BenjaminZ,22.252081238260235,2.2207329348761315,15.589882433631841
2026-07-28,425,Maximilien,22.112973266797283,3.7883218629285995,10.748007678011485
2026-07-28,425,PhilippeA,25.56053894871333,4.1927001351978666,12.98243854311973
2026-07-28,425,Nicolas,11.815334258092363,1.6958194424693438,6.727875930684332
2026-07-28,425,Vadim,15.562086758030615,5.744005761526062,-1.6699305265475726
2026-07-28,426,NathV,15.29582936349962,4.144753852226107,2.861567806821297
2026-07-28,426,Lily,33.98308280986104,1.2001854546626678,30.382526445873033
2026-07-28,426,Roland,27.927489812743797,1.4818110911860691,23.48205653918559
2026-07-28,426,Rémi,35.827363953320635,1.308027517669178,31.9032814003131
2026-07-28,426,ManonV,14.295641982897084,1.7457009157601466,9.058539235616644
2026-07-28,426,Lilou,20.70157788984079,1.2884442362084096,16.836245181215563
2026-07-28,426,Paul,21.049717396508186,1.3536975885155786,16.98862463096145
2026-07-28,426,Raphaël,31.263993722204305,1.7057163357305047,26.14684471501279
2026-07-28,426,Julia,22.476971089903365,2.6734322205956977,14.456674428116273
2026-07-28,426,Armelle,23.3014045307309,2.4616588819077156,15.916427885007753
2026-07-28,426,Jules,20.15734300343534,1.369238526071679,16.0496274252203
2026-07-28,426,BenjaminC,27.195882244596994,1.834398344352813,21.692687211538555
2026-07-28,426,LaureS,27.746581773599317,2.270680663460024,20.934539783219243
2026-07-28,426,Sabine,24.621489898195534,4.773434130897221,10.301187505503872
2026-07-28,426,Loïc,18.716567711258957,1.4568952648895084,14.345881916590432
2026-07-28,426,JulieB,19.2356635822902,1.5793067229922981,14.497743413313305
2026-07-28,426,ThéoM,21.850844564984957,1.5089375801884177,17.324031824419706
2026-07-28,426,EmmanuelP,21.517521437802873,1.8175397170392094,16.064902286685246
2026-07-28,426,BenjaminZ,22.252081238260235,2.2207329348761315,15.589882433631841
2026-07-28,426,Maximilien,22.112973266797283,3.7883218629285995,10.748007678011485
2026-07-28,426,PhilippeA,25.56053894871333,4.1927001351978666,12.98243854311973
2026-07-28,426,Nicolas,11.789805509899523,1.6933368080754487,6.709795085673177
2026-07-28,426,Vadim,15.562086758030615,5.744005761526062,-1.6699305265475726
2026-07-28,427,NathV,15.29582936349962,4.144753852226107,2.861567806821297
2026-07-28,427,Lily,33.993983638317985,1.2016060082701974,30.389165613507394
2026-07-28,427,Roland,27.927489812743797,1.4818110911860691,23.48205653918559
2026-07-28,427,Rémi,35.827363953320635,1.308027517669178,31.9032814003131
2026-07-28,427,ManonV,14.295641982897084,1.7457009157601466,9.058539235616644
2026-07-28,427,Lilou,20.70157788984079,1.2884442362084096,16.836245181215563
2026-07-28,427,Paul,21.049717396508186,1.3536975885155786,16.98862463096145
2026-07-28,427,Raphaël,31.263993722204305,1.7057163357305047,26.14684471501279
2026-07-28,427,Julia,22.476971089903365,2.6734322205956977,14.456674428116273
2026-07-28,427,Armelle,23.3014045307309,2.4616588819077156,15.916427885007753
2026-07-28,427,Jules,20.15734300343534,1.369238526071679,16.0496274252203
2026-07-28,427,BenjaminC,27.195882244596994,1.834398344352813,21.692687211538555
2026-07-28,427,LaureS,27.746581773599317,2.270680663460024,20.934539783219243
2026-07-28,427,Sabine,24.621489898195534,4.773434130897221,10.301187505503872
2026-07-28,427,Loïc,18.700529744235688,1.4566542553578259,14.33056697816221
2026-07-28,427,JulieB,19.216826461232245,1.5781652072207353,14.48233083957004
2026-07-28,427,ThéoM,21.86804499021153,1.5083241606788556,17.343072508174963
2026-07-28,427,EmmanuelP,21.517521437802873,1.8175397170392094,16.064902286685246
2026-07-28,427,BenjaminZ,22.252081238260235,2.2207329348761315,15.589882433631841
2026-07-28,427,Maximilien,22.112973266797283,3.7883218629285995,10.748007678011485
2026-07-28,427,PhilippeA,25.56053894871333,4.1927001351978666,12.98243854311973
2026-07-28,427,Nicolas,11.789805509899523,1.6933368080754487,6.709795085673177
2026-07-28,427,Vadim,15.562086758030615,5.744005761526062,-1.6699305265475726
2026-07-28,428,NathV,15.29582936349962,4.144753852226107,2.861567806821297
2026-07-28,428,Lily,34.20274250909099,1.196323149673112,30.61377306007165
2026-07-28,428,Roland,27.610537446517164,1.468842817519447,23.204008993958823
2026-07-28,428,Rémi,35.827363953320635,1.308027517669178,31.9032814003131
2026-07-28,428,ManonV,14.295641982897084,1.7457009157601466,9.058539235616644
2026-07-28,428,Lilou,20.70157788984079,1.2884442362084096,16.836245181215563
2026-07-28,428,Paul,21.049717396508186,1.3536975885155786,16.98862463096145
2026-07-28,428,Raphaël,31.263993722204305,1.7057163357305047,26.14684471501279
2026-07-28,428,Julia,22.476971089903365,2.6734322205956977,14.456674428116273
2026-07-28,428,Armelle,22.428453029392657,2.392439586152943,15.251134270933827
2026-07-28,428,Jules,20.15734300343534,1.369238526071679,16.0496274252203
2026-07-28,428,BenjaminC,27.195882244596994,1.834398344352813,21.692687211538555
2026-07-28,428,LaureS,27.746581773599317,2.270680663460024,20.934539783219243
2026-07-28,428,Sabine,24.621489898195534,4.773434130897221,10.301187505503872
2026-07-28,428,Loïc,18.700529744235688,1.4566542553578259,14.33056697816221
2026-07-28,428,JulieB,19.216826461232245,1.5781652072207353,14.48233083957004
2026-07-28,428,ThéoM,21.86804499021153,1.5083241606788556,17.343072508174963
2026-07-28,428,EmmanuelP,21.517521437802873,1.8175397170392094,16.064902286685246
2026-07-28,428,BenjaminZ,22.252081238260235,2.2207329348761315,15.589882433631841
2026-07-28,428,Maximilien,22.112973266797283,3.7883218629285995,10.748007678011485
2026-07-28,428,PhilippeA,25.56053894871333,4.1927001351978666,12.98243854311973
2026-07-28,428,Nicolas,12.203399472497253,1.6725286595882758,7.185813493732425
2026-07-28,428,Vadim,15.562086758030615,5.744005761526062,-1.6699305265475726
2026-07-28,429,NathV,15.29582936349962,4.144753852226107,2.861567806821297
2026-07-28,429,Lily,34.20274250909099,1.196323149673112,30.61377306007165
2026-07-28,429,Roland,27.610537446517164,1.468842817519447,23.204008993958823
2026-07-28,429,Rémi,35.827363953320635,1.308027517669178,31.9032814003131
2026-07-28,429,ManonV,14.295641982897084,1.7457009157601466,9.058539235616644
2026-07-28,429,Lilou,20.70157788984079,1.2884442362084096,16.836245181215563
2026-07-28,429,Paul,21.049717396508186,1.3536975885155786,16.98862463096145
2026-07-28,429,Raphaël,31.263993722204305,1.7057163357305047,26.14684471501279
2026-07-28,429,Julia,22.476971089903365,2.6734322205956977,14.456674428116273
2026-07-28,429,Armelle,22.428453029392657,2.392439586152943,15.251134270933827
2026-07-28,429,Jules,20.15734300343534,1.369238526071679,16.0496274252203
2026-07-28,429,BenjaminC,27.195882244596994,1.834398344352813,21.692687211538555
2026-07-28,429,LaureS,27.746581773599317,2.270680663460024,20.934539783219243
2026-07-28,429,Sabine,24.621489898195534,4.773434130897221,10.301187505503872
2026-07-28,429,Loïc,18.63404848514173,1.451907748532672,14.278325239543713
2026-07-28,429,JulieB,19.294824087449282,1.5713014790185904,14.580919650393511
2026-07-28,429,ThéoM,21.939310637603327,1.502711621392806,17.43117577342491
2026-07-28,429,EmmanuelP,21.517521437802873,1.8175397170392094,16.064902286685246
2026-07-28,429,BenjaminZ,22.252081238260235,2.2207329348761315,15.589882433631841
2026-07-28,429,Maximilien,22.112973266797283,3.7883218629285995,10.748007678011485
2026-07-28,429,PhilippeA,25.56053894871333,4.1927001351978666,12.98243854311973
2026-07-28,429,Nicolas,12.115822252112554,1.6638174171644948,7.12437000061907
2026-07-28,429,Vadim,15.562086758030615,5.744005761526062,-1.6699305265475726
2026-07-29,430,NathV,15.29582936349962,4.144753852226107,2.861567806821297
2026-07-29,430,Lily,34.20274250909099,1.196323149673112,30.61377306007165
2026-07-29,430,Roland,27.69790530747795,1.4625425823060871,23.310277560559687
2026-07-29,430,Rémi,35.827363953320635,1.308027517669178,31.9032814003131
2026-07-29,430,ManonV,14.295641982897084,1.7457009157601466,9.058539235616644
2026-07-29,430,Lilou,20.70157788984079,1.2884442362084096,16.836245181215563
2026-07-29,430,Paul,20.975468257622364,1.3494767537670884,16.927037996321097
2026-07-29,430,Raphaël,31.263993722204305,1.7057163357305047,26.14684471501279
2026-07-29,430,Julia,22.476971089903365,2.6734322205956977,14.456674428116273
2026-07-29,430,Armelle,22.428453029392657,2.392439586152943,15.251134270933827
2026-07-29,430,Jules,20.08138573784137,1.3647528313869395,15.98712724368055
2026-07-29,430,BenjaminC,27.195882244596994,1.834398344352813,21.692687211538555
2026-07-29,430,LaureS,27.746581773599317,2.270680663460024,20.934539783219243
2026-07-29,430,Sabine,24.621489898195534,4.773434130897221,10.301187505503872
2026-07-29,430,Loïc,18.63404848514173,1.451907748532672,14.278325239543713
2026-07-29,430,JulieB,19.294824087449282,1.5713014790185904,14.580919650393511
2026-07-29,430,ThéoM,22.03074095733044,1.4957458152297762,17.543503511641113
2026-07-29,430,EmmanuelP,21.517521437802873,1.8175397170392094,16.064902286685246
2026-07-29,430,BenjaminZ,22.252081238260235,2.2207329348761315,15.589882433631841
2026-07-29,430,Maximilien,22.112973266797283,3.7883218629285995,10.748007678011485
2026-07-29,430,PhilippeA,25.56053894871333,4.1927001351978666,12.98243854311973
2026-07-29,430,Nicolas,12.115822252112554,1.6638174171644948,7.12437000061907
2026-07-29,430,Vadim,15.562086758030615,5.744005761526062,-1.6699305265475726
2026-07-29,431,NathV,15.29582936349962,4.144753852226107,2.861567806821297
2026-07-29,431,Lily,34.20274250909099,1.196323149673112,30.61377306007165
2026-07-29,431,Roland,27.860867520899884,1.4557110443581855,23.493734387825327
2026-07-29,431,Rémi,35.827363953320635,1.308027517669178,31.9032814003131
2026-07-29,431,ManonV,14.295641982897084,1.7457009157601466,9.058539235616644
2026-07-29,431,Lilou,20.70157788984079,1.2884442362084096,16.836245181215563
2026-07-29,431,Paul,20.975468257622364,1.3494767537670884,16.927037996321097
2026-07-29,431,Raphaël,31.263993722204305,1.7057163357305047,26.14684471501279
2026-07-29,431,Julia,22.476971089903365,2.6734322205956977,14.456674428116273
2026-07-29,431,Armelle,22.428453029392657,2.392439586152943,15.251134270933827
2026-07-29,431,Jules,19.93941904922128,1.3598140909866117,15.859976776261444
2026-07-29,431,BenjaminC,27.195882244596994,1.834398344352813,21.692687211538555
2026-07-29,431,LaureS,27.746581773599317,2.270680663460024,20.934539783219243
2026-07-29,431,Sabine,24.621489898195534,4.773434130897221,10.301187505503872
2026-07-29,431,Loïc,18.63404848514173,1.451907748532672,14.278325239543713
2026-07-29,431,JulieB,19.294824087449282,1.5713014790185904,14.580919650393511
2026-07-29,431,ThéoM,21.860319701294607,1.4882211967325085,17.395656111097082
2026-07-29,431,EmmanuelP,21.517521437802873,1.8175397170392094,16.064902286685246
2026-07-29,431,BenjaminZ,22.252081238260235,2.2207329348761315,15.589882433631841
2026-07-29,431,Maximilien,22.112973266797283,3.7883218629285995,10.748007678011485
2026-07-29,431,PhilippeA,25.56053894871333,4.1927001351978666,12.98243854311973
2026-07-29,431,Nicolas,12.115822252112554,1.6638174171644948,7.12437000061907
2026-07-29,431,Vadim,18.068099874759206,5.16176753960198,2.582797255953265
2026-07-29,432,NathV,15.29582936349962,4.144753852226107,2.861567806821297
2026-07-29,432,Lily,34.20274250909099,1.196323149673112,30.61377306007165
2026-07-29,432,Roland,27.860867520899884,1.4557110443581855,23.493734387825327
2026-07-29,432,Rémi,35.827363953320635,1.308027517669178,31.9032814003131
2026-07-29,432,ManonV,13.921765534685322,1.7234335046162808,8.75146502083648
2026-07-29,432,Lilou,20.70157788984079,1.2884442362084096,16.836245181215563
2026-07-29,432,Paul,20.975468257622364,1.3494767537670884,16.927037996321097
2026-07-29,432,Raphaël,31.263993722204305,1.7057163357305047,26.14684471501279
2026-07-29,432,Julia,22.476971089903365,2.6734322205956977,14.456674428116273
2026-07-29,432,Armelle,22.428453029392657,2.392439586152943,15.251134270933827
2026-07-29,432,Jules,19.93941904922128,1.3598140909866117,15.859976776261444
2026-07-29,432,BenjaminC,27.195882244596994,1.834398344352813,21.692687211538555
2026-07-29,432,LaureS,27.746581773599317,2.270680663460024,20.934539783219243
2026-07-29,432,Sabine,24.621489898195534,4.773434130897221,10.301187505503872
2026-07-29,432,Loïc,18.892933124209513,1.4403516822355882,14.571878077502749
2026-07-29,432,JulieB,18.991757015126595,1.5558312252113773,14.324263339492463
2026-07-29,432,ThéoM,21.860319701294607,1.4882211967325085,17.395656111097082
2026-07-29,432,EmmanuelP,21.517521437802873,1.8175397170392094,16.064902286685246
2026-07-29,432,BenjaminZ,22.252081238260235,2.2207329348761315,15.589882433631841
2026-07-29,432,Maximilien,22.112973266797283,3.7883218629285995,10.748007678011485
2026-07-29,432,PhilippeA,25.56053894871333,4.1927001351978666,12.98243854311973
2026-07-29,432,Nicolas,12.45552521111272,1.6449095383758452,7.520796595985185
2026-07-29,432,Vadim,18.068099874759206,5.16176753960198,2.582797255953265
2026-07-29,433,NathV,15.29582936349962,4.144753852226107,2.861567806821297
2026-07-29,433,Lily,34.12300820117895,1.194485055121675,30.539553035813924
2026-07-29,433,Roland,27.860867520899884,1.4557110443581855,23.493734387825327
2026-07-29,433,Rémi,35.922608243989956,1.3044926498708156,32.009130294377506
2026-07-29,433,ManonV,13.921765534685322,1.7234335046162808,8.75146502083648
2026-07-29,433,Lilou,20.70157788984079,1.2884442362084096,16.836245181215563
2026-07-29,433,Paul,20.874116846000373,1.3452550742055747,16.838351623383648
2026-07-29,433,Raphaël,31.263993722204305,1.7057163357305047,26.14684471501279
2026-07-29,433,Julia,22.476971089903365,2.6734322205956977,14.456674428116273
2026-07-29,433,Armelle,22.428453029392657,2.392439586152943,15.251134270933827
2026-07-29,433,Jules,19.93941904922128,1.3598140909866117,15.859976776261444
2026-07-29,433,BenjaminC,27.195882244596994,1.834398344352813,21.692687211538555
2026-07-29,433,LaureS,27.746581773599317,2.270680663460024,20.934539783219243
2026-07-29,433,Sabine,25.88517896500853,4.465922239444581,12.487412246674786
2026-07-29,433,Loïc,18.892933124209513,1.4403516822355882,14.571878077502749
2026-07-29,433,JulieB,18.991757015126595,1.5558312252113773,14.324263339492463
2026-07-29,433,ThéoM,21.860319701294607,1.4882211967325085,17.395656111097082
2026-07-29,433,EmmanuelP,21.517521437802873,1.8175397170392094,16.064902286685246
2026-07-29,433,BenjaminZ,22.252081238260235,2.2207329348761315,15.589882433631841
2026-07-29,433,Maximilien,22.112973266797283,3.7883218629285995,10.748007678011485
2026-07-29,433,PhilippeA,25.56053894871333,4.1927001351978666,12.98243854311973
2026-07-29,433,Nicolas,12.45552521111272,1.6449095383758452,7.520796595985185
2026-07-29,433,Vadim,18.068099874759206,5.16176753960198,2.582797255953265
2026-07-29,434,NathV,15.29582936349962,4.144753852226107,2.861567806821297
2026-07-29,434,Lily,34.12300820117895,1.194485055121675,30.539553035813924
2026-07-29,434,Roland,27.860867520899884,1.4557110443581855,23.493734387825327
2026-07-29,434,Rémi,35.922608243989956,1.3044926498708156,32.009130294377506
2026-07-29,434,ManonV,13.921765534685322,1.7234335046162808,8.75146502083648
2026-07-29,434,Lilou,20.70157788984079,1.2884442362084096,16.836245181215563
2026-07-29,434,Paul,20.874116846000373,1.3452550742055747,16.838351623383648
2026-07-29,434,Raphaël,31.263993722204305,1.7057163357305047,26.14684471501279
2026-07-29,434,Julia,22.476971089903365,2.6734322205956977,14.456674428116273
2026-07-29,434,Armelle,22.428453029392657,2.392439586152943,15.251134270933827
2026-07-29,434,Jules,19.93941904922128,1.3598140909866117,15.859976776261444
2026-07-29,434,BenjaminC,27.195882244596994,1.834398344352813,21.692687211538555
2026-07-29,434,LaureS,27.746581773599317,2.270680663460024,20.934539783219243
2026-07-29,434,Sabine,25.88517896500853,4.465922239444581,12.487412246674786
2026-07-29,434,Loïc,18.61800260520011,1.42879464739557,14.331618663013401
2026-07-29,434,JulieB,18.67112736566709,1.540458363217963,14.049752276013201
2026-07-29,434,ThéoM,21.860319701294607,1.4882211967325085,17.395656111097082
2026-07-29,434,EmmanuelP,21.954755899055186,1.7913586890307476,16.580679831962943
2026-07-29,434,BenjaminZ,22.252081238260235,2.2207329348761315,15.589882433631841
2026-07-29,434,Maximilien,22.112973266797283,3.7883218629285995,10.748007678011485
2026-07-29,434,PhilippeA,25.56053894871333,4.1927001351978666,12.98243854311973
2026-07-29,434,Nicolas,12.81381284255031,1.6262115276003002,7.93517825974941
2026-07-29,434,Vadim,18.068099874759206,5.16176753960198,2.582797255953265
2026-07-29,435,NathV,15.29582936349962,4.144753852226107,2.861567806821297
2026-07-29,435,Lily,34.12300820117895,1.194485055121675,30.539553035813924
2026-07-29,435,Roland,27.782429703197398,1.450055102039263,23.43226439707961
2026-07-29,435,Rémi,35.98564679598384,1.3013627348733245,32.081558591363866
2026-07-29,435,ManonV,13.921765534685322,1.7234335046162808,8.75146502083648
2026-07-29,435,Lilou,20.70157788984079,1.2884442362084096,16.836245181215563
2026-07-29,435,Paul,20.941140310502078,1.3414863539471344,16.916681248660673
2026-07-29,435,Raphaël,31.263993722204305,1.7057163357305047,26.14684471501279
2026-07-29,435,Julia,22.476971089903365,2.6734322205956977,14.456674428116273
2026-07-29,435,Armelle,22.428453029392657,2.392439586152943,15.251134270933827
2026-07-29,435,Jules,19.87094258785335,1.3558099583531447,15.803512712793916
2026-07-29,435,BenjaminC,27.195882244596994,1.834398344352813,21.692687211538555
2026-07-29,435,LaureS,27.746581773599317,2.270680663460024,20.934539783219243
2026-07-29,435,Sabine,25.88517896500853,4.465922239444581,12.487412246674786
2026-07-29,435,Loïc,18.61800260520011,1.42879464739557,14.331618663013401
2026-07-29,435,JulieB,18.67112736566709,1.540458363217963,14.049752276013201
2026-07-29,435,ThéoM,21.860319701294607,1.4882211967325085,17.395656111097082
2026-07-29,435,EmmanuelP,21.954755899055186,1.7913586890307476,16.580679831962943
2026-07-29,435,BenjaminZ,22.252081238260235,2.2207329348761315,15.589882433631841
2026-07-29,435,Maximilien,22.112973266797283,3.7883218629285995,10.748007678011485
2026-07-29,435,PhilippeA,25.56053894871333,4.1927001351978666,12.98243854311973
2026-07-29,435,Nicolas,12.81381284255031,1.6262115276003002,7.93517825974941
2026-07-29,435,Vadim,18.068099874759206,5.16176753960198,2.582797255953265
2026-07-29,436,NathV,15.29582936349962,4.144753852226107,2.861567806821297
2026-07-29,436,Lily,33.78013716550984,1.1896761511468295,30.211108712069354
2026-07-29,436,Roland,27.782429703197398,1.450055102039263,23.43226439707961
2026-07-29,436,Rémi,35.98564679598384,1.3013627348733245,32.081558591363866
2026-07-29,436,ManonV,13.921765534685322,1.7234335046162808,8.75146502083648
2026-07-29,436,Lilou,20.70157788984079,1.2884442362084096,16.836245181215563
2026-07-29,436,Paul,20.941140310502078,1.3414863539471344,16.916681248660673
2026-07-29,436,Raphaël,31.263993722204305,1.7057163357305047,26.14684471501279
2026-07-29,436,Julia,22.476971089903365,2.6734322205956977,14.456674428116273
2026-07-29,436,Armelle,23.798922158974992,2.3316502950324853,16.803971273877536
2026-07-29,436,Jules,19.87094258785335,1.3558099583531447,15.803512712793916
2026-07-29,436,BenjaminC,27.195882244596994,1.834398344352813,21.692687211538555
2026-07-29,436,LaureS,27.746581773599317,2.270680663460024,20.934539783219243
2026-07-29,436,Sabine,21.113906618427578,4.048019950212145,8.969846767791143
2026-07-29,436,Loïc,18.61800260520011,1.42879464739557,14.331618663013401
2026-07-29,436,JulieB,19.24028125293699,1.5261811607620015,14.661737770650987
2026-07-29,436,ThéoM,21.860319701294607,1.4882211967325085,17.395656111097082
2026-07-29,436,EmmanuelP,21.954755899055186,1.7913586890307476,16.580679831962943
2026-07-29,436,BenjaminZ,22.252081238260235,2.2207329348761315,15.589882433631841
2026-07-29,436,Maximilien,22.112973266797283,3.7883218629285995,10.748007678011485
2026-07-29,436,PhilippeA,25.56053894871333,4.1927001351978666,12.98243854311973
2026-07-29,436,Nicolas,12.81381284255031,1.6262115276003002,7.93517825974941
2026-07-29,436,Vadim,18.068099874759206,5.16176753960198,2.582797255953265
2026-07-29,437,NathV,15.29582936349962,4.144753852226107,2.861567806821297
2026-07-29,437,Lily,33.78013716550984,1.1896761511468295,30.211108712069354
2026-07-29,437,Roland,27.791083046411757,1.4510011284150761,23.438079661166526
2026-07-29,437,Rémi,35.99262199930072,1.3029813832203545,32.083677849639656
2026-07-29,437,ManonV,13.921765534685322,1.7234335046162808,8.75146502083648
2026-07-29,437,Lilou,20.70157788984079,1.2884442362084096,16.836245181215563
2026-07-29,437,Paul,20.933730141093335,1.3429259836166811,16.904952190243293
2026-07-29,437,Raphaël,31.263993722204305,1.7057163357305047,26.14684471501279
2026-07-29,437,Julia,22.476971089903365,2.6734322205956977,14.456674428116273
2026-07-29,437,Armelle,23.798922158974992,2.3316502950324853,16.803971273877536
2026-07-29,437,Jules,19.87094258785335,1.3558099583531447,15.803512712793916
2026-07-29,437,BenjaminC,27.195882244596994,1.834398344352813,21.692687211538555
2026-07-29,437,LaureS,27.746581773599317,2.270680663460024,20.934539783219243
2026-07-29,437,Sabine,21.04666281983502,4.017435804331146,8.994355406841581
2026-07-29,437,Loïc,18.61800260520011,1.42879464739557,14.331618663013401
2026-07-29,437,JulieB,19.24028125293699,1.5261811607620015,14.661737770650987
2026-07-29,437,ThéoM,21.860319701294607,1.4882211967325085,17.395656111097082
2026-07-29,437,EmmanuelP,21.954755899055186,1.7913586890307476,16.580679831962943
2026-07-29,437,BenjaminZ,22.252081238260235,2.2207329348761315,15.589882433631841
2026-07-29,437,Maximilien,22.112973266797283,3.7883218629285995,10.748007678011485
2026-07-29,437,PhilippeA,25.56053894871333,4.1927001351978666,12.98243854311973
2026-07-29,437,Nicolas,12.81381284255031,1.6262115276003002,7.93517825974941
2026-07-29,437,Vadim,18.068099874759206,5.16176753960198,2.582797255953265
2026-07-29,438,NathV,15.29582936349962,4.144753852226107,2.861567806821297
2026-07-29,438,Lily,33.865886478434234,1.1875041007021572,30.303374176327765
2026-07-29,438,Roland,27.791083046411757,1.4510011284150761,23.438079661166526
2026-07-29,438,Rémi,35.99262199930072,1.3029813832203545,32.083677849639656
2026-07-29,438,ManonV,13.921765534685322,1.7234335046162808,8.75146502083648
2026-07-29,438,Lilou,20.70157788984079,1.2884442362084096,16.836245181215563
2026-07-29,438,Paul,20.8245809056498,1.338199187883818,16.809983341998347
2026-07-29,438,Raphaël,31.263993722204305,1.7057163357305047,26.14684471501279
2026-07-29,438,Julia,22.476971089903365,2.6734322205956977,14.456674428116273
2026-07-29,438,Armelle,23.798922158974992,2.3316502950324853,16.803971273877536
2026-07-29,438,Jules,19.87094258785335,1.3558099583531447,15.803512712793916
2026-07-29,438,BenjaminC,27.195882244596994,1.834398344352813,21.692687211538555
2026-07-29,438,LaureS,27.746581773599317,2.270680663460024,20.934539783219243
2026-07-29,438,Sabine,20.073171335188388,3.819190856661357,8.615598765204318
2026-07-29,438,Loïc,18.61800260520011,1.42879464739557,14.331618663013401
2026-07-29,438,JulieB,19.24028125293699,1.5261811607620015,14.661737770650987
2026-07-29,438,ThéoM,21.860319701294607,1.4882211967325085,17.395656111097082
2026-07-29,438,EmmanuelP,21.954755899055186,1.7913586890307476,16.580679831962943
2026-07-29,438,BenjaminZ,22.252081238260235,2.2207329348761315,15.589882433631841
2026-07-29,438,Maximilien,22.112973266797283,3.7883218629285995,10.748007678011485
2026-07-29,438,PhilippeA,25.56053894871333,4.1927001351978666,12.98243854311973
2026-07-29,438,Nicolas,12.973673077117251,1.6153722467400182,8.127556336897197
2026-07-29,438,Vadim,18.068099874759206,5.16176753960198,2.582797255953265
2026-07-30,439,NathV,15.29582936349962,4.144753852226107,2.861567806821297
2026-07-30,439,Lily,33.87059840033787,1.18969561880391,30.30151154392614
2026-07-30,439,Roland,27.791083046411757,1.4510011284150761,23.438079661166526
2026-07-30,439,Rémi,35.99829017893284,1.3046817963463333,32.084244789893845
2026-07-30,439,ManonV,13.921765534685322,1.7234335046162808,8.75146502083648
2026-07-30,439,Lilou,20.69603497018305,1.2902063321705106,16.825415973671518
2026-07-30,439,Paul,20.8245809056498,1.338199187883818,16.809983341998347
2026-07-30,439,Raphaël,31.263993722204305,1.7057163357305047,26.14684471501279
2026-07-30,439,Julia,22.476971089903365,2.6734322205956977,14.456674428116273
2026-07-30,439,Armelle,23.798922158974992,2.3316502950324853,16.803971273877536
2026-07-30,439,Jules,19.87094258785335,1.3558099583531447,15.803512712793916
2026-07-30,439,BenjaminC,27.195882244596994,1.834398344352813,21.692687211538555
2026-07-30,439,LaureS,27.729414906077224,2.2671366628023146,20.92800491767028
2026-07-30,439,Sabine,20.073171335188388,3.819190856661357,8.615598765204318
2026-07-30,439,Loïc,18.61800260520011,1.42879464739557,14.331618663013401
2026-07-30,439,JulieB,19.24028125293699,1.5261811607620015,14.661737770650987
2026-07-30,439,ThéoM,21.860319701294607,1.4882211967325085,17.395656111097082
2026-07-30,439,EmmanuelP,21.954755899055186,1.7913586890307476,16.580679831962943
2026-07-30,439,BenjaminZ,22.252081238260235,2.2207329348761315,15.589882433631841
2026-07-30,439,Maximilien,22.112973266797283,3.7883218629285995,10.748007678011485
2026-07-30,439,PhilippeA,25.56053894871333,4.1927001351978666,12.98243854311973
2026-07-30,439,Nicolas,12.973673077117251,1.6153722467400182,8.127556336897197
2026-07-30,439,Vadim,18.068099874759206,5.16176753960198,2.582797255953265
2026-07-30,440,NathV,15.29582936349962,4.144753852226107,2.861567806821297
2026-07-30,440,Lily,33.87059840033787,1.18969561880391,30.30151154392614
2026-07-30,440,Roland,27.810480083433468,1.4508581064199069,23.45790576417375
2026-07-30,440,Rémi,35.99829017893284,1.3046817963463333,32.084244789893845
2026-07-30,440,ManonV,13.921765534685322,1.7234335046162808,8.75146502083648
2026-07-30,440,Lilou,20.69603497018305,1.2902063321705106,16.825415973671518
2026-07-30,440,Paul,20.8245809056498,1.338199187883818,16.809983341998347
2026-07-30,440,Raphaël,31.263993722204305,1.7057163357305047,26.14684471501279
2026-07-30,440,Julia,22.476971089903365,2.6734322205956977,14.456674428116273
2026-07-30,440,Armelle,23.798922158974992,2.3316502950324853,16.803971273877536
2026-07-30,440,Jules,19.87094258785335,1.3558099583531447,15.803512712793916
2026-07-30,440,BenjaminC,27.195882244596994,1.834398344352813,21.692687211538555
2026-07-30,440,LaureS,27.729414906077224,2.2671366628023146,20.92800491767028
2026-07-30,440,Sabine,20.073171335188388,3.819190856661357,8.615598765204318
2026-07-30,440,Loïc,18.61800260520011,1.42879464739557,14.331618663013401
2026-07-30,440,JulieB,19.24028125293699,1.5261811607620015,14.661737770650987
2026-07-30,440,ThéoM,21.88072130641539,1.487818964226971,17.417264413734475
2026-07-30,440,EmmanuelP,21.954755899055186,1.7913586890307476,16.580679831962943
2026-07-30,440,BenjaminZ,22.252081238260235,2.2207329348761315,15.589882433631841
2026-07-30,440,Maximilien,22.112973266797283,3.7883218629285995,10.748007678011485
2026-07-30,440,PhilippeA,25.56053894871333,4.1927001351978666,12.98243854311973
2026-07-30,440,Nicolas,12.949647752641535,1.6140264573649474,8.107568380546693
2026-07-30,440,Vadim,17.82337402622084,5.047703083042853,2.6802647770922814
2026-07-30,441,NathV,15.29582936349962,4.144753852226107,2.861567806821297
2026-07-30,441,Lily,33.87059840033787,1.18969561880391,30.30151154392614
2026-07-30,441,Roland,27.810480083433468,1.4508581064199069,23.45790576417375
2026-07-30,441,Rémi,36.008226234858284,1.3057970150367366,32.09083518974808
2026-07-30,441,ManonV,13.921765534685322,1.7234335046162808,8.75146502083648
2026-07-30,441,Lilou,20.69603497018305,1.2902063321705106,16.825415973671518
2026-07-30,441,Paul,20.83503193456765,1.3391263633934132,16.81765284438741
2026-07-30,441,Raphaël,31.263993722204305,1.7057163357305047,26.14684471501279
2026-07-30,441,Julia,22.476971089903365,2.6734322205956977,14.456674428116273
2026-07-30,441,Armelle,23.798922158974992,2.3316502950324853,16.803971273877536
2026-07-30,441,Jules,19.87094258785335,1.3558099583531447,15.803512712793916
2026-07-30,441,BenjaminC,27.195882244596994,1.834398344352813,21.692687211538555
2026-07-30,441,LaureS,27.729414906077224,2.2671366628023146,20.92800491767028
2026-07-30,441,Sabine,20.073171335188388,3.819190856661357,8.615598765204318
2026-07-30,441,Loïc,18.606094268587462,1.4291974432650645,14.318501938792268
2026-07-30,441,JulieB,19.2266999415923,1.525987555631011,14.648737274699268
2026-07-30,441,ThéoM,21.88072130641539,1.487818964226971,17.417264413734475
2026-07-30,441,EmmanuelP,21.954755899055186,1.7913586890307476,16.580679831962943
2026-07-30,441,BenjaminZ,22.252081238260235,2.2207329348761315,15.589882433631841
2026-07-30,441,Maximilien,22.112973266797283,3.7883218629285995,10.748007678011485
2026-07-30,441,PhilippeA,25.56053894871333,4.1927001351978666,12.98243854311973
2026-07-30,441,Nicolas,12.949647752641535,1.6140264573649474,8.107568380546693
2026-07-30,441,Vadim,17.82337402622084,5.047703083042853,2.6802647770922814
2026-07-30,442,NathV,15.29582936349962,4.144753852226107,2.861567806821297
2026-07-30,442,Lily,33.96468312981748,1.1865664414613917,30.404983805433304
2026-07-30,442,Roland,27.810480083433468,1.4508581064199069,23.45790576417375
2026-07-30,442,Rémi,36.008226234858284,1.3057970150367366,32.09083518974808
2026-07-30,442,ManonV,13.921765534685322,1.7234335046162808,8.75146502083648
2026-07-30,442,Lilou,20.5854622150041,1.285190585573044,16.729890458284967
2026-07-30,442,Paul,20.83503193456765,1.3391263633934132,16.81765284438741
2026-07-30,442,Raphaël,31.263993722204305,1.7057163357305047,26.14684471501279
2026-07-30,442,Julia,22.476971089903365,2.6734322205956977,14.456674428116273
2026-07-30,442,Armelle,23.798922158974992,2.3316502950324853,16.803971273877536
2026-07-30,442,Jules,19.87094258785335,1.3558099583531447,15.803512712793916
2026-07-30,442,BenjaminC,27.195882244596994,1.834398344352813,21.692687211538555
2026-07-30,442,LaureS,27.729414906077224,2.2671366628023146,20.92800491767028
2026-07-30,442,Sabine,20.073171335188388,3.819190856661357,8.615598765204318
2026-07-30,442,Loïc,18.606094268587462,1.4291974432650645,14.318501938792268
2026-07-30,442,JulieB,19.2266999415923,1.525987555631011,14.648737274699268
2026-07-30,442,ThéoM,21.733834668335238,1.478343492182748,17.298804191786992
2026-07-30,442,EmmanuelP,21.954755899055186,1.7913586890307476,16.580679831962943
2026-07-30,442,BenjaminZ,22.252081238260235,2.2207329348761315,15.589882433631841
2026-07-30,442,Maximilien,22.112973266797283,3.7883218629285995,10.748007678011485
2026-07-30,442,PhilippeA,25.56053894871333,4.1927001351978666,12.98243854311973
2026-07-30,442,Nicolas,13.122430056529776,1.601102037485592,8.319123944073
2026-07-30,442,Vadim,17.82337402622084,5.047703083042853,2.6802647770922814
2026-07-30,443,NathV,15.29582936349962,4.144753852226107,2.861567806821297
2026-07-30,443,Lily,33.96468312981748,1.1865664414613917,30.404983805433304
2026-07-30,443,Roland,27.716202322226863,1.4444037445396567,23.382991088607895
2026-07-30,443,Rémi,36.08465300390045,1.3020008570417703,32.178650432775136
2026-07-30,443,ManonV,13.921765534685322,1.7234335046162808,8.75146502083648
2026-07-30,443,Lilou,20.5854622150041,1.285190585573044,16.729890458284967
2026-07-30,443,Paul,20.83503193456765,1.3391263633934132,16.81765284438741
2026-07-30,443,Raphaël,31.263993722204305,1.7057163357305047,26.14684471501279
2026-07-30,443,Julia,22.476971089903365,2.6734322205956977,14.456674428116273
2026-07-30,443,Armelle,23.798922158974992,2.3316502950324853,16.803971273877536
2026-07-30,443,Jules,19.87094258785335,1.3558099583531447,15.803512712793916
2026-07-30,443,BenjaminC,27.195882244596994,1.834398344352813,21.692687211538555
2026-07-30,443,LaureS,27.729414906077224,2.2671366628023146,20.92800491767028
2026-07-30,443,Sabine,20.073171335188388,3.819190856661357,8.615598765204318
2026-07-30,443,Loïc,18.697587181152937,1.4231690504152639,14.428080029907145
2026-07-30,443,JulieB,19.122438388798344,1.5179706452007342,14.56852645319614
2026-07-30,443,ThéoM,21.733834668335238,1.478343492182748,17.298804191786992
2026-07-30,443,EmmanuelP,21.954755899055186,1.7913586890307476,16.580679831962943
2026-07-30,443,BenjaminZ,22.252081238260235,2.2207329348761315,15.589882433631841
2026-07-30,443,Maximilien,22.112973266797283,3.7883218629285995,10.748007678011485
2026-07-30,443,PhilippeA,25.56053894871333,4.1927001351978666,12.98243854311973
2026-07-30,443,Nicolas,13.122430056529776,1.601102037485592,8.319123944073
2026-07-30,443,Vadim,17.82337402622084,5.047703083042853,2.6802647770922814
2026-07-30,444,NathV,15.29582936349962,4.144753852226107,2.861567806821297
2026-07-30,444,Lily,33.9648323047411,1.1894548384682684,30.396467789336295
2026-07-30,444,Roland,27.716202322226863,1.4444037445396567,23.382991088607895
2026-07-30,444,Rémi,36.08483246605544,1.3046197329603628,32.17097326717435
2026-07-30,444,ManonV,13.921451644204966,1.7253424048918378,8.745424429529454
2026-07-30,444,Lilou,20.5854622150041,1.285190585573044,16.729890458284967
2026-07-30,444,Paul,20.83503193456765,1.3391263633934132,16.81765284438741
2026-07-30,444,Raphaël,31.263993722204305,1.7057163357305047,26.14684471501279
2026-07-30,444,Julia,22.476971089903365,2.6734322205956977,14.456674428116273
2026-07-30,444,Armelle,23.79834823271109,2.3328802828730595,16.79970738409191
2026-07-30,444,Jules,19.87094258785335,1.3558099583531447,15.803512712793916
2026-07-30,444,BenjaminC,27.195882244596994,1.834398344352813,21.692687211538555
2026-07-30,444,LaureS,27.729414906077224,2.2671366628023146,20.92800491767028
2026-07-30,444,Sabine,20.073171335188388,3.819190856661357,8.615598765204318
2026-07-30,444,Loïc,18.697587181152937,1.4231690504152639,14.428080029907145
2026-07-30,444,JulieB,19.122438388798344,1.5179706452007342,14.56852645319614
2026-07-30,444,ThéoM,21.733834668335238,1.478343492182748,17.298804191786992
2026-07-30,444,EmmanuelP,21.954755899055186,1.7913586890307476,16.580679831962943
2026-07-30,444,BenjaminZ,22.252081238260235,2.2207329348761315,15.589882433631841
2026-07-30,444,Maximilien,22.112973266797283,3.7883218629285995,10.748007678011485
2026-07-30,444,PhilippeA,25.56053894871333,4.1927001351978666,12.98243854311973
2026-07-30,444,Nicolas,13.122430056529776,1.601102037485592,8.319123944073
2026-07-30,444,Vadim,17.82337402622084,5.047703083042853,2.6802647770922814
2026-07-30,445,NathV,15.29582936349962,4.144753852226107,2.861567806821297
2026-07-30,445,Lily,34.026657392636224,1.1877055164641777,30.463540843243692
2026-07-30,445,Roland,27.716202322226863,1.4444037445396567,23.382991088607895
2026-07-30,445,Rémi,36.01051710628023,1.3011283326923202,32.107132108203274
2026-07-30,445,ManonV,13.791702380998318,1.7131404297694186,8.652281091690062
2026-07-30,445,Lilou,20.5854622150041,1.285190585573044,16.729890458284967
2026-07-30,445,Paul,20.83503193456765,1.3391263633934132,16.81765284438741
2026-07-30,445,Raphaël,31.263993722204305,1.7057163357305047,26.14684471501279
2026-07-30,445,Julia,22.476971089903365,2.6734322205956977,14.456674428116273
2026-07-30,445,Armelle,24.0353115153166,2.299167181186813,17.137809971756162
2026-07-30,445,Jules,19.87094258785335,1.3558099583531447,15.803512712793916
2026-07-30,445,BenjaminC,27.195882244596994,1.834398344352813,21.692687211538555
2026-07-30,445,LaureS,27.729414906077224,2.2671366628023146,20.92800491767028
2026-07-30,445,Sabine,20.073171335188388,3.819190856661357,8.615598765204318
2026-07-30,445,Loïc,18.697587181152937,1.4231690504152639,14.428080029907145
2026-07-30,445,JulieB,19.122438388798344,1.5179706452007342,14.56852645319614
2026-07-30,445,ThéoM,21.733834668335238,1.478343492182748,17.298804191786992
2026-07-30,445,EmmanuelP,21.954755899055186,1.7913586890307476,16.580679831962943
2026-07-30,445,BenjaminZ,22.252081238260235,2.2207329348761315,15.589882433631841
2026-07-30,445,Maximilien,22.112973266797283,3.7883218629285995,10.748007678011485
2026-07-30,445,PhilippeA,25.56053894871333,4.1927001351978666,12.98243854311973
2026-07-30,445,Nicolas,13.122430056529776,1.601102037485592,8.319123944073
2026-07-30,445,Vadim,17.82337402622084,5.047703083042853,2.6802647770922814
2026-07-30,446,NathV,15.29582936349962,4.144753852226107,2.861567806821297
2026-07-30,446,Lily,34.026901459662504,1.1905718190355579,30.45518600255583
2026-07-30,446,Roland,27.716202322226863,1.4444037445396567,23.382991088607895
2026-07-30,446,Rémi,36.01051710628023,1.3011283326923202,32.107132108203274
2026-07-30,446,ManonV,13.791195890657228,1.715005873193149,8.646178271077781
2026-07-30,446,Lilou,20.5854622150041,1.285190585573044,16.729890458284967
2026-07-30,446,Paul,20.83503193456765,1.3391263633934132,16.81765284438741
2026-07-30,446,Raphaël,31.263993722204305,1.7057163357305047,26.14684471501279
2026-07-30,446,Julia,22.476971089903365,2.6734322205956977,14.456674428116273
2026-07-30,446,Armelle,24.036222833606303,2.3002902938574232,17.135351952034032
2026-07-30,446,Jules,19.87094258785335,1.3558099583531447,15.803512712793916
2026-07-30,446,BenjaminC,27.195882244596994,1.834398344352813,21.692687211538555
2026-07-30,446,LaureS,27.729414906077224,2.2671366628023146,20.92800491767028
2026-07-30,446,Sabine,20.073171335188388,3.819190856661357,8.615598765204318
2026-07-30,446,Loïc,18.697587181152937,1.4231690504152639,14.428080029907145
2026-07-30,446,JulieB,19.122438388798344,1.5179706452007342,14.56852645319614
2026-07-30,446,ThéoM,21.733834668335238,1.478343492182748,17.298804191786992
2026-07-30,446,EmmanuelP,21.954755899055186,1.7913586890307476,16.580679831962943
2026-07-30,446,BenjaminZ,22.252081238260235,2.2207329348761315,15.589882433631841
2026-07-30,446,Maximilien,22.112973266797283,3.7883218629285995,10.748007678011485
2026-07-30,446,PhilippeA,25.56053894871333,4.1927001351978666,12.98243854311973
2026-07-30,446,Nicolas,13.121987496963916,1.6031383894103792,8.312572328732777
2026-07-30,446,Vadim,17.82337402622084,5.047703083042853,2.6802647770922814
2026-07-31,447,NathV,15.29582936349962,4.144753852226107,2.861567806821297
2026-07-31,447,Lily,34.026901459662504,1.1905718190355579,30.45518600255583
2026-07-31,447,Roland,27.716202322226863,1.4444037445396567,23.382991088607895
2026-07-31,447,Rémi,36.01051710628023,1.3011283326923202,32.107132108203274
2026-07-31,447,ManonV,14.129476875932944,1.6944820331021215,9.04603077662658
2026-07-31,447,Lilou,20.5854622150041,1.285190585573044,16.729890458284967
2026-07-31,447,Paul,20.83503193456765,1.3391263633934132,16.81765284438741
2026-07-31,447,Raphaël,31.263993722204305,1.7057163357305047,26.14684471501279
2026-07-31,447,Julia,22.476971089903365,2.6734322205956977,14.456674428116273
2026-07-31,447,Armelle,24.036222833606303,2.3002902938574232,17.135351952034032
2026-07-31,447,Jules,19.87094258785335,1.3558099583531447,15.803512712793916
2026-07-31,447,BenjaminC,27.195882244596994,1.834398344352813,21.692687211538555
2026-07-31,447,LaureS,27.729414906077224,2.2671366628023146,20.92800491767028
2026-07-31,447,Sabine,20.073171335188388,3.819190856661357,8.615598765204318
2026-07-31,447,Loïc,18.697587181152937,1.4231690504152639,14.428080029907145
2026-07-31,447,JulieB,19.387627582089575,1.5046288842355962,14.873740929382787
2026-07-31,447,ThéoM,21.482269404739665,1.4662554271864439,17.083503123180332
2026-07-31,447,EmmanuelP,21.954755899055186,1.7913586890307476,16.580679831962943
2026-07-31,447,BenjaminZ,22.252081238260235,2.2207329348761315,15.589882433631841
2026-07-31,447,Maximilien,22.112973266797283,3.7883218629285995,10.748007678011485
2026-07-31,447,PhilippeA,25.56053894871333,4.1927001351978666,12.98243854311973
2026-07-31,447,Nicolas,12.826297852484188,1.5868922075133978,8.065621229943995
2026-07-31,447,Vadim,17.82337402622084,5.047703083042853,2.6802647770922814
2026-07-31,448,NathV,15.29582936349962,4.144753852226107,2.861567806821297
2026-07-31,448,Lily,34.05379667868778,1.190894349263285,30.481113630897926
2026-07-31,448,Roland,27.716202322226863,1.4444037445396567,23.382991088607895
2026-07-31,448,Rémi,36.01051710628023,1.3011283326923202,32.107132108203274
2026-07-31,448,ManonV,14.129476875932944,1.6944820331021215,9.04603077662658
2026-07-31,448,Lilou,20.616780542889337,1.2846339560502649,16.762878674738545
2026-07-31,448,Paul,20.80104100268451,1.3380353572697723,16.786934930875194
2026-07-31,448,Raphaël,31.263993722204305,1.7057163357305047,26.14684471501279
2026-07-31,448,Julia,22.476971089903365,2.6734322205956977,14.456674428116273
2026-07-31,448,Armelle,24.036222833606303,2.3002902938574232,17.135351952034032
2026-07-31,448,Jules,19.87094258785335,1.3558099583531447,15.803512712793916
2026-07-31,448,BenjaminC,27.195882244596994,1.834398344352813,21.692687211538555
2026-07-31,448,LaureS,27.729414906077224,2.2671366628023146,20.92800491767028
2026-07-31,448,Sabine,19.797627421315894,3.734284692454801,8.594773343951491
2026-07-31,448,Loïc,18.697587181152937,1.4231690504152639,14.428080029907145
2026-07-31,448,JulieB,19.387627582089575,1.5046288842355962,14.873740929382787
2026-07-31,448,ThéoM,21.482269404739665,1.4662554271864439,17.083503123180332
2026-07-31,448,EmmanuelP,21.954755899055186,1.7913586890307476,16.580679831962943
2026-07-31,448,BenjaminZ,22.252081238260235,2.2207329348761315,15.589882433631841
2026-07-31,448,Maximilien,22.112973266797283,3.7883218629285995,10.748007678011485
2026-07-31,448,PhilippeA,25.56053894871333,4.1927001351978666,12.98243854311973
2026-07-31,448,Nicolas,12.826297852484188,1.5868922075133978,8.065621229943995
2026-07-31,448,Vadim,17.82337402622084,5.047703083042853,2.6802647770922814
2026-07-31,449,NathV,14.123099409236971,3.9544580885961285,2.259725143448586
2026-07-31,449,Lily,34.05379667868778,1.190894349263285,30.481113630897926
2026-07-31,449,Roland,27.716202322226863,1.4444037445396567,23.382991088607895
2026-07-31,449,Rémi,36.01051710628023,1.3011283326923202,32.107132108203274
2026-07-31,449,ManonV,14.129476875932944,1.6944820331021215,9.04603077662658
2026-07-31,449,Lilou,20.616780542889337,1.2846339560502649,16.762878674738545
2026-07-31,449,Paul,20.80104100268451,1.3380353572697723,16.786934930875194
2026-07-31,449,Raphaël,31.263993722204305,1.7057163357305047,26.14684471501279
2026-07-31,449,Julia,22.476971089903365,2.6734322205956977,14.456674428116273
2026-07-31,449,Armelle,24.036222833606303,2.3002902938574232,17.135351952034032
2026-07-31,449,Jules,19.87094258785335,1.3558099583531447,15.803512712793916
2026-07-31,449,BenjaminC,27.195882244596994,1.834398344352813,21.692687211538555
2026-07-31,449,LaureS,27.729414906077224,2.2671366628023146,20.92800491767028
2026-07-31,449,Sabine,19.797627421315894,3.734284692454801,8.594773343951491
2026-07-31,449,Loïc,18.697587181152937,1.4231690504152639,14.428080029907145
2026-07-31,449,JulieB,19.387627582089575,1.5046288842355962,14.873740929382787
2026-07-31,449,ThéoM,21.62944806078313,1.4602960977761468,17.24855976745469
2026-07-31,449,EmmanuelP,21.735309253709286,1.7781168561855103,16.400958685152755
2026-07-31,449,BenjaminZ,22.252081238260235,2.2207329348761315,15.589882433631841
2026-07-31,449,Maximilien,22.112973266797283,3.7883218629285995,10.748007678011485
2026-07-31,449,PhilippeA,25.56053894871333,4.1927001351978666,12.98243854311973
2026-07-31,449,Nicolas,12.826297852484188,1.5868922075133978,8.065621229943995
2026-07-31,449,Vadim,19.562499674219044,4.699091612077023,5.465224837987975
2026-07-31,450,NathV,14.123099409236971,3.9544580885961285,2.259725143448586
2026-07-31,450,Lily,34.05379667868778,1.190894349263285,30.481113630897926
2026-07-31,450,Roland,27.716202322226863,1.4444037445396567,23.382991088607895
2026-07-31,450,Rémi,36.01051710628023,1.3011283326923202,32.107132108203274
2026-07-31,450,ManonV,14.129476875932944,1.6944820331021215,9.04603077662658
2026-07-31,450,Lilou,20.540173796714175,1.2816721501182775,16.69515734635934
2026-07-31,450,Paul,20.88412186848748,1.334232118505978,16.881425512969546
2026-07-31,450,Raphaël,31.263993722204305,1.7057163357305047,26.14684471501279
2026-07-31,450,Julia,22.476971089903365,2.6734322205956977,14.456674428116273
2026-07-31,450,Armelle,24.036222833606303,2.3002902938574232,17.135351952034032
2026-07-31,450,Jules,19.87094258785335,1.3558099583531447,15.803512712793916
2026-07-31,450,BenjaminC,27.195882244596994,1.834398344352813,21.692687211538555
2026-07-31,450,LaureS,27.729414906077224,2.2671366628023146,20.92800491767028
2026-07-31,450,Sabine,20.442561910967143,3.5945675040502407,9.658859398816421
2026-07-31,450,Loïc,18.697587181152937,1.4231690504152639,14.428080029907145
2026-07-31,450,JulieB,19.387627582089575,1.5046288842355962,14.873740929382787
2026-07-31,450,ThéoM,21.62944806078313,1.4602960977761468,17.24855976745469
2026-07-31,450,EmmanuelP,21.735309253709286,1.7781168561855103,16.400958685152755
2026-07-31,450,BenjaminZ,22.252081238260235,2.2207329348761315,15.589882433631841
2026-07-31,450,Maximilien,22.112973266797283,3.7883218629285995,10.748007678011485
2026-07-31,450,PhilippeA,25.56053894871333,4.1927001351978666,12.98243854311973
2026-07-31,450,Nicolas,12.709569762036612,1.5784171085599317,7.974318436356817
2026-07-31,450,Vadim,19.562499674219044,4.699091612077023,5.465224837987975
2026-07-31,451,NathV,14.098442935086387,3.9424458940862612,2.2711052528276046
2026-07-31,451,Lily,34.056042793892445,1.1934525434914482,30.4756851634181
2026-07-31,451,Roland,27.716202322226863,1.4444037445396567,23.382991088607895
2026-07-31,451,Rémi,36.01051710628023,1.3011283326923202,32.107132108203274
2026-07-31,451,ManonV,14.129476875932944,1.6944820331021215,9.04603077662658
2026-07-31,451,Lilou,20.540173796714175,1.2816721501182775,16.69515734635934
2026-07-31,451,Paul,20.88412186848748,1.334232118505978,16.881425512969546
2026-07-31,451,Raphaël,31.263993722204305,1.7057163357305047,26.14684471501279
2026-07-31,451,Julia,22.476971089903365,2.6734322205956977,14.456674428116273
2026-07-31,451,Armelle,24.036222833606303,2.3002902938574232,17.135351952034032
2026-07-31,451,Jules,19.87094258785335,1.3558099583531447,15.803512712793916
2026-07-31,451,BenjaminC,27.195882244596994,1.834398344352813,21.692687211538555
2026-07-31,451,LaureS,27.73752649571126,2.266238034777232,20.938812391379564
2026-07-31,451,Sabine,20.442561910967143,3.5945675040502407,9.658859398816421
2026-07-31,451,Loïc,18.697587181152937,1.4231690504152639,14.428080029907145
2026-07-31,451,JulieB,19.387627582089575,1.5046288842355962,14.873740929382787
2026-07-31,451,ThéoM,21.62944806078313,1.4602960977761468,17.24855976745469
2026-07-31,451,EmmanuelP,21.730315378937068,1.778895119239701,16.393630021217966
2026-07-31,451,BenjaminZ,22.252081238260235,2.2207329348761315,15.589882433631841
2026-07-31,451,Maximilien,22.112973266797283,3.7883218629285995,10.748007678011485
2026-07-31,451,PhilippeA,25.56053894871333,4.1927001351978666,12.98243854311973
2026-07-31,451,Nicolas,12.709569762036612,1.5784171085599317,7.974318436356817
2026-07-31,451,Vadim,19.562499674219044,4.699091612077023,5.465224837987975
2026-07-31,452,NathV,14.098442935086387,3.9424458940862612,2.2711052528276046
2026-07-31,452,Lily,34.056042793892445,1.1934525434914482,30.4756851634181
2026-07-31,452,Roland,27.716202322226863,1.4444037445396567,23.382991088607895
2026-07-31,452,Rémi,36.01051710628023,1.3011283326923202,32.107132108203274
2026-07-31,452,ManonV,14.129476875932944,1.6944820331021215,9.04603077662658
2026-07-31,452,Lilou,20.618577093918542,1.2780479710394124,16.784433180800306
2026-07-31,452,Paul,20.96905985981639,1.3296923599944757,16.979982779832962
2026-07-31,452,Raphaël,31.263993722204305,1.7057163357305047,26.14684471501279
2026-07-31,452,Julia,22.476971089903365,2.6734322205956977,14.456674428116273
2026-07-31,452,Armelle,24.036222833606303,2.3002902938574232,17.135351952034032
2026-07-31,452,Jules,19.87094258785335,1.3558099583531447,15.803512712793916
2026-07-31,452,BenjaminC,27.195882244596994,1.834398344352813,21.692687211538555
2026-07-31,452,LaureS,27.73752649571126,2.266238034777232,20.938812391379564
2026-07-31,452,Sabine,20.442561910967143,3.5945675040502407,9.658859398816421
2026-07-31,452,Loïc,18.697587181152937,1.4231690504152639,14.428080029907145
2026-07-31,452,JulieB,19.387627582089575,1.5046288842355962,14.873740929382787
2026-07-31,452,ThéoM,21.527766508294707,1.4533153514024795,17.16782045408727
2026-07-31,452,EmmanuelP,21.730315378937068,1.778895119239701,16.393630021217966
2026-07-31,452,BenjaminZ,22.252081238260235,2.2207329348761315,15.589882433631841
2026-07-31,452,Maximilien,22.112973266797283,3.7883218629285995,10.748007678011485
2026-07-31,452,PhilippeA,25.56053894871333,4.1927001351978666,12.98243854311973
2026-07-31,452,Nicolas,12.590828753077673,1.5688016054290548,7.884423936790509
2026-07-31,452,Vadim,19.562499674219044,4.699091612077023,5.465224837987975
2026-07-31,453,NathV,14.098442935086387,3.9424458940862612,2.2711052528276046
2026-07-31,453,Lily,34.056042793892445,1.1934525434914482,30.4756851634181
2026-07-31,453,Roland,27.716202322226863,1.4444037445396567,23.382991088607895
2026-07-31,453,Rémi,36.01051710628023,1.3011283326923202,32.107132108203274
2026-07-31,453,ManonV,14.129476875932944,1.6944820331021215,9.04603077662658
2026-07-31,453,Lilou,20.757598954022022,1.2723333500366183,16.940598903912168
2026-07-31,453,Paul,20.818624107200403,1.3228109435972688,16.850191276408598
2026-07-31,453,Raphaël,31.263993722204305,1.7057163357305047,26.14684471501279
2026-07-31,453,Julia,22.476971089903365,2.6734322205956977,14.456674428116273
2026-07-31,453,Armelle,24.036222833606303,2.3002902938574232,17.135351952034032
2026-07-31,453,Jules,19.87094258785335,1.3558099583531447,15.803512712793916
2026-07-31,453,BenjaminC,27.195882244596994,1.834398344352813,21.692687211538555
2026-07-31,453,LaureS,27.73752649571126,2.266238034777232,20.938812391379564
2026-07-31,453,Sabine,20.442561910967143,3.5945675040502407,9.658859398816421
2026-07-31,453,Loïc,18.697587181152937,1.4231690504152639,14.428080029907145
2026-07-31,453,JulieB,19.195169912857917,1.493188525337286,14.71560433684606
2026-07-31,453,ThéoM,21.707360409805652,1.4433149876690121,17.377415446798615
2026-07-31,453,EmmanuelP,21.730315378937068,1.778895119239701,16.393630021217966
2026-07-31,453,BenjaminZ,22.252081238260235,2.2207329348761315,15.589882433631841
2026-07-31,453,Maximilien,22.112973266797283,3.7883218629285995,10.748007678011485
2026-07-31,453,PhilippeA,25.56053894871333,4.1927001351978666,12.98243854311973
2026-07-31,453,Nicolas,12.590828753077673,1.5688016054290548,7.884423936790509
2026-07-31,453,Vadim,19.562499674219044,4.699091612077023,5.465224837987975
2026-07-31,454,NathV,14.075623511680497,3.931961041202187,2.279740388073936
2026-07-31,454,Lily,34.058143192841236,1.1960414311086076,30.470018899515413
2026-07-31,454,Roland,27.716202322226863,1.4444037445396567,23.382991088607895
2026-07-31,454,Rémi,36.01051710628023,1.3011283326923202,32.107132108203274
2026-07-31,454,ManonV,14.129476875932944,1.6944820331021215,9.04603077662658
2026-07-31,454,Lilou,20.757598954022022,1.2723333500366183,16.940598903912168
2026-07-31,454,Paul,20.818624107200403,1.3228109435972688,16.850191276408598
2026-07-31,454,Raphaël,31.263993722204305,1.7057163357305047,26.14684471501279
2026-07-31,454,Julia,22.476971089903365,2.6734322205956977,14.456674428116273
2026-07-31,454,Armelle,24.036222833606303,2.3002902938574232,17.135351952034032
2026-07-31,454,Jules,19.87094258785335,1.3558099583531447,15.803512712793916
2026-07-31,454,BenjaminC,27.195882244596994,1.834398344352813,21.692687211538555
2026-07-31,454,LaureS,27.745073543009518,2.2656100513241775,20.948243389036985
2026-07-31,454,Sabine,20.423590229398695,3.5869197556125427,9.662830962561067
2026-07-31,454,Loïc,18.697587181152937,1.4231690504152639,14.428080029907145
2026-07-31,454,JulieB,19.195169912857917,1.493188525337286,14.71560433684606
2026-07-31,454,ThéoM,21.707360409805652,1.4433149876690121,17.377415446798615
2026-07-31,454,EmmanuelP,21.730315378937068,1.778895119239701,16.393630021217966
2026-07-31,454,BenjaminZ,22.252081238260235,2.2207329348761315,15.589882433631841
2026-07-31,454,Maximilien,22.112973266797283,3.7883218629285995,10.748007678011485
2026-07-31,454,PhilippeA,25.56053894871333,4.1927001351978666,12.98243854311973
2026-07-31,454,Nicolas,12.590828753077673,1.5688016054290548,7.884423936790509
2026-07-31,454,Vadim,19.562499674219044,4.699091612077023,5.465224837987975
2026-07-31,455,NathV,14.075623511680497,3.931961041202187,2.279740388073936
2026-07-31,455,Lily,34.058143192841236,1.1960414311086076,30.470018899515413
2026-07-31,455,Roland,27.716202322226863,1.4444037445396567,23.382991088607895
2026-07-31,455,Rémi,36.01051710628023,1.3011283326923202,32.107132108203274
2026-07-31,455,ManonV,14.129476875932944,1.6944820331021215,9.04603077662658
2026-07-31,455,Lilou,20.757598954022022,1.2723333500366183,16.940598903912168
2026-07-31,455,Paul,21.03666276676064,1.3150361567511641,17.091554296507148
2026-07-31,455,Raphaël,31.263993722204305,1.7057163357305047,26.14684471501279
2026-07-31,455,Julia,22.476971089903365,2.6734322205956977,14.456674428116273
2026-07-31,455,Armelle,23.378636630210412,2.246902986317063,16.637927671259224
2026-07-31,455,Jules,19.87094258785335,1.3558099583531447,15.803512712793916
2026-07-31,455,BenjaminC,27.195882244596994,1.834398344352813,21.692687211538555
2026-07-31,455,LaureS,27.745073543009518,2.2656100513241775,20.948243389036985
2026-07-31,455,Sabine,20.423590229398695,3.5869197556125427,9.662830962561067
2026-07-31,455,Loïc,18.697587181152937,1.4231690504152639,14.428080029907145
2026-07-31,455,JulieB,19.195169912857917,1.493188525337286,14.71560433684606
2026-07-31,455,ThéoM,21.9667696262279,1.4322161908600053,17.670121053647886
2026-07-31,455,EmmanuelP,21.33670141100042,1.7555468180997278,16.070060956701234
2026-07-31,455,BenjaminZ,22.252081238260235,2.2207329348761315,15.589882433631841
2026-07-31,455,Maximilien,22.112973266797283,3.7883218629285995,10.748007678011485
2026-07-31,455,PhilippeA,25.56053894871333,4.1927001351978666,12.98243854311973
2026-07-31,455,Nicolas,12.590828753077673,1.5688016054290548,7.884423936790509
2026-07-31,455,Vadim,19.562499674219044,4.699091612077023,5.465224837987975
2026-07-31,456,NathV,14.075623511680497,3.931961041202187,2.279740388073936
2026-07-31,456,Lily,34.058143192841236,1.1960414311086076,30.470018899515413
2026-07-31,456,Roland,27.716202322226863,1.4444037445396567,23.382991088607895
2026-07-31,456,Rémi,36.01051710628023,1.3011283326923202,32.107132108203274
2026-07-31,456,ManonV,14.129476875932944,1.6944820331021215,9.04603077662658
2026-07-31,456,Lilou,20.886489700649864,1.2669789044141047,17.08555298740755
2026-07-31,456,Paul,20.89901259212147,1.3087538613650043,16.972751008026457
2026-07-31,456,Raphaël,31.263993722204305,1.7057163357305047,26.14684471501279
2026-07-31,456,Julia,22.476971089903365,2.6734322205956977,14.456674428116273
2026-07-31,456,Armelle,23.378636630210412,2.246902986317063,16.637927671259224
2026-07-31,456,Jules,19.87094258785335,1.3558099583531447,15.803512712793916
2026-07-31,456,BenjaminC,27.195882244596994,1.834398344352813,21.692687211538555
2026-07-31,456,LaureS,27.745073543009518,2.2656100513241775,20.948243389036985
2026-07-31,456,Sabine,20.423590229398695,3.5869197556125427,9.662830962561067
2026-07-31,456,Loïc,18.697587181152937,1.4231690504152639,14.428080029907145
2026-07-31,456,JulieB,19.017856851050734,1.482458189992776,14.570482281072406
2026-07-31,456,ThéoM,22.129941703342904,1.4231186951424635,17.860585617915515
2026-07-31,456,EmmanuelP,21.33670141100042,1.7555468180997278,16.070060956701234
2026-07-31,456,BenjaminZ,22.252081238260235,2.2207329348761315,15.589882433631841
2026-07-31,456,Maximilien,22.112973266797283,3.7883218629285995,10.748007678011485
2026-07-31,456,PhilippeA,25.56053894871333,4.1927001351978666,12.98243854311973
2026-07-31,456,Nicolas,12.590828753077673,1.5688016054290548,7.884423936790509
2026-07-31,456,Vadim,19.562499674219044,4.699091612077023,5.465224837987975
2026-07-31,457,NathV,14.075623511680497,3.931961041202187,2.279740388073936
2026-07-31,457,Lily,34.058143192841236,1.1960414311086076,30.470018899515413
2026-07-31,457,Roland,27.716202322226863,1.4444037445396567,23.382991088607895
2026-07-31,457,Rémi,36.01051710628023,1.3011283326923202,32.107132108203274
2026-07-31,457,ManonV,14.129476875932944,1.6944820331021215,9.04603077662658
2026-07-31,457,Lilou,20.824972358589775,1.2643704034215106,17.031861148325245
2026-07-31,457,Paul,20.96463576311148,1.305513273211753,17.048095943476223
2026-07-31,457,Raphaël,31.263993722204305,1.7057163357305047,26.14684471501279
2026-07-31,457,Julia,22.476971089903365,2.6734322205956977,14.456674428116273
2026-07-31,457,Armelle,23.378636630210412,2.246902986317063,16.637927671259224
2026-07-31,457,Jules,19.87094258785335,1.3558099583531447,15.803512712793916
2026-07-31,457,BenjaminC,27.195882244596994,1.834398344352813,21.692687211538555
2026-07-31,457,LaureS,27.745073543009518,2.2656100513241775,20.948243389036985
2026-07-31,457,Sabine,20.423590229398695,3.5869197556125427,9.662830962561067
2026-07-31,457,Loïc,18.697587181152937,1.4231690504152639,14.428080029907145
2026-07-31,457,JulieB,19.017856851050734,1.482458189992776,14.570482281072406
2026-07-31,457,ThéoM,22.129941703342904,1.4231186951424635,17.860585617915515
2026-07-31,457,EmmanuelP,21.45456681507834,1.7433178386762516,16.224613299049587
2026-07-31,457,BenjaminZ,22.252081238260235,2.2207329348761315,15.589882433631841
2026-07-31,457,Maximilien,22.112973266797283,3.7883218629285995,10.748007678011485
2026-07-31,457,PhilippeA,25.56053894871333,4.1927001351978666,12.98243854311973
2026-07-31,457,Nicolas,12.496651984733044,1.5608755276033146,7.8140254019231
2026-07-31,457,Vadim,19.562499674219044,4.699091612077023,5.465224837987975
2026-07-31,458,NathV,15.338004923641464,3.7373832562381573,4.125855154926992
2026-07-31,458,Lily,34.058143192841236,1.1960414311086076,30.470018899515413
2026-07-31,458,Roland,27.716202322226863,1.4444037445396567,23.382991088607895
2026-07-31,458,Rémi,36.01051710628023,1.3011283326923202,32.107132108203274
2026-07-31,458,ManonV,14.129476875932944,1.6944820331021215,9.04603077662658
2026-07-31,458,Lilou,20.824972358589775,1.2643704034215106,17.031861148325245
2026-07-31,458,Paul,20.96463576311148,1.305513273211753,17.048095943476223
2026-07-31,458,Raphaël,31.263993722204305,1.7057163357305047,26.14684471501279
2026-07-31,458,Julia,22.476971089903365,2.6734322205956977,14.456674428116273
2026-07-31,458,Armelle,23.378636630210412,2.246902986317063,16.637927671259224
2026-07-31,458,Jules,19.87094258785335,1.3558099583531447,15.803512712793916
2026-07-31,458,BenjaminC,27.195882244596994,1.834398344352813,21.692687211538555
2026-07-31,458,LaureS,27.745073543009518,2.2656100513241775,20.948243389036985
2026-07-31,458,Sabine,21.474232372145767,3.440125322681422,11.1538564041015
2026-07-31,458,Loïc,18.697587181152937,1.4231690504152639,14.428080029907145
2026-07-31,458,JulieB,19.017856851050734,1.482458189992776,14.570482281072406
2026-07-31,458,ThéoM,22.129941703342904,1.4231186951424635,17.860585617915515
2026-07-31,458,EmmanuelP,21.20595513879044,1.7285699910234031,16.02024516572023
2026-07-31,458,BenjaminZ,22.252081238260235,2.2207329348761315,15.589882433631841
2026-07-31,458,Maximilien,22.112973266797283,3.7883218629285995,10.748007678011485
2026-07-31,458,PhilippeA,25.56053894871333,4.1927001351978666,12.98243854311973
2026-07-31,458,Nicolas,12.297240655569215,1.5510857419371311,7.643983429757822
2026-07-31,458,Vadim,19.562499674219044,4.699091612077023,5.465224837987975
2026-08-03,459,NathV,15.338004923641464,3.7373832562381573,4.125855154926992
2026-08-03,459,Lily,34.09314590323229,1.196002144823041,30.50513946876317
2026-08-03,459,Roland,27.716202322226863,1.4444037445396567,23.382991088607895
2026-08-03,459,Rémi,36.01051710628023,1.3011283326923202,32.107132108203274
2026-08-03,459,ManonV,14.129476875932944,1.6944820331021215,9.04603077662658
2026-08-03,459,Lilou,20.824972358589775,1.2643704034215106,17.031861148325245
2026-08-03,459,Paul,20.96463576311148,1.305513273211753,17.048095943476223
2026-08-03,459,Raphaël,31.263993722204305,1.7057163357305047,26.14684471501279
2026-08-03,459,Julia,22.476971089903365,2.6734322205956977,14.456674428116273
2026-08-03,459,Armelle,23.378636630210412,2.246902986317063,16.637927671259224
2026-08-03,459,Jules,19.91587308987242,1.354093001473685,15.853594085451366
2026-08-03,459,BenjaminC,27.195882244596994,1.834398344352813,21.692687211538555
2026-08-03,459,LaureS,27.745073543009518,2.2656100513241775,20.948243389036985
2026-08-03,459,Sabine,21.474232372145767,3.440125322681422,11.1538564041015
2026-08-03,459,Loïc,18.697587181152937,1.4231690504152639,14.428080029907145
2026-08-03,459,JulieB,19.017856851050734,1.482458189992776,14.570482281072406
2026-08-03,459,ThéoM,22.080456552689405,1.420613816205601,17.818615104072602
2026-08-03,459,EmmanuelP,21.20595513879044,1.7285699910234031,16.02024516572023
2026-08-03,459,BenjaminZ,22.252081238260235,2.2207329348761315,15.589882433631841
2026-08-03,459,Maximilien,22.112973266797283,3.7883218629285995,10.748007678011485
2026-08-03,459,PhilippeA,25.56053894871333,4.1927001351978666,12.98243854311973
2026-08-03,459,Nicolas,12.297240655569215,1.5510857419371311,7.643983429757822
2026-08-03,459,Vadim,19.02463821344523,4.519566001243757,5.465940209713956
2026-08-03,460,NathV,15.338004923641464,3.7373832562381573,4.125855154926992
2026-08-03,460,Lily,34.13376179181738,1.195632381148078,30.546864648373145
2026-08-03,460,Roland,27.716202322226863,1.4444037445396567,23.382991088607895
2026-08-03,460,Rémi,36.01051710628023,1.3011283326923202,32.107132108203274
2026-08-03,460,ManonV,14.129476875932944,1.6944820331021215,9.04603077662658
2026-08-03,460,Lilou,20.824972358589775,1.2643704034215106,17.031861148325245
2026-08-03,460,Paul,20.96463576311148,1.305513273211753,17.048095943476223
2026-08-03,460,Raphaël,31.263993722204305,1.7057163357305047,26.14684471501279
2026-08-03,460,Julia,22.476971089903365,2.6734322205956977,14.456674428116273
2026-08-03,460,Armelle,23.378636630210412,2.246902986317063,16.637927671259224
2026-08-03,460,Jules,19.863865414255663,1.3519157064091352,15.808118295028258
2026-08-03,460,BenjaminC,27.195882244596994,1.834398344352813,21.692687211538555
2026-08-03,460,LaureS,27.745073543009518,2.2656100513241775,20.948243389036985
2026-08-03,460,Sabine,21.474232372145767,3.440125322681422,11.1538564041015
2026-08-03,460,Loïc,18.697587181152937,1.4231690504152639,14.428080029907145
2026-08-03,460,JulieB,19.017856851050734,1.482458189992776,14.570482281072406
2026-08-03,460,ThéoM,22.02323328783092,1.4175853340460203,17.77047728569286
2026-08-03,460,EmmanuelP,21.20595513879044,1.7285699910234031,16.02024516572023
2026-08-03,460,BenjaminZ,22.252081238260235,2.2207329348761315,15.589882433631841
2026-08-03,460,Maximilien,22.112973266797283,3.7883218629285995,10.748007678011485
2026-08-03,460,PhilippeA,25.56053894871333,4.1927001351978666,12.98243854311973
2026-08-03,460,Nicolas,12.297240655569215,1.5510857419371311,7.643983429757822
2026-08-03,460,Vadim,19.60202894604448,4.341807439931978,6.576606626248546
2026-08-03,461,NathV,15.338004923641464,3.7373832562381573,4.125855154926992
2026-08-03,461,Lily,34.14740255223567,1.1970162927563168,30.55635367396672
2026-08-03,461,Roland,27.716202322226863,1.4444037445396567,23.382991088607895
2026-08-03,461,Rémi,36.01051710628023,1.3011283326923202,32.107132108203274
2026-08-03,461,ManonV,14.129476875932944,1.6944820331021215,9.04603077662658
2026-08-03,461,Lilou,20.824972358589775,1.2643704034215106,17.031861148325245
2026-08-03,461,Paul,20.96463576311148,1.305513273211753,17.048095943476223
2026-08-03,461,Raphaël,31.263993722204305,1.7057163357305047,26.14684471501279
2026-08-03,461,Julia,22.476971089903365,2.6734322205956977,14.456674428116273
2026-08-03,461,Armelle,23.426643594007725,2.2384182496654184,16.71138884501147
2026-08-03,461,Jules,19.846443941298105,1.3522922007867013,15.789567338938001
2026-08-03,461,BenjaminC,27.195882244596994,1.834398344352813,21.692687211538555
2026-08-03,461,LaureS,27.745073543009518,2.2656100513241775,20.948243389036985
2026-08-03,461,Sabine,21.474232372145767,3.440125322681422,11.1538564041015
2026-08-03,461,Loïc,18.697587181152937,1.4231690504152639,14.428080029907145
2026-08-03,461,JulieB,19.017856851050734,1.482458189992776,14.570482281072406
2026-08-03,461,ThéoM,22.02323328783092,1.4175853340460203,17.77047728569286
2026-08-03,461,EmmanuelP,21.20595513879044,1.7285699910234031,16.02024516572023
2026-08-03,461,BenjaminZ,22.252081238260235,2.2207329348761315,15.589882433631841
2026-08-03,461,Maximilien,22.112973266797283,3.7883218629285995,10.748007678011485
2026-08-03,461,PhilippeA,25.56053894871333,4.1927001351978666,12.98243854311973
2026-08-03,461,Nicolas,12.297240655569215,1.5510857419371311,7.643983429757822
2026-08-03,461,Vadim,19.422951992707713,4.269901887318718,6.613246330751558
2026-08-03,462,NathV,15.288777099084779,3.7165117603542535,4.139241818022018
2026-08-03,462,Lily,34.15247432049603,1.199194482240375,30.55489087377491
2026-08-03,462,Roland,27.716202322226863,1.4444037445396567,23.382991088607895
2026-08-03,462,Rémi,36.01051710628023,1.3011283326923202,32.107132108203274
2026-08-03,462,ManonV,14.129476875932944,1.6944820331021215,9.04603077662658
2026-08-03,462,Lilou,20.824972358589775,1.2643704034215106,17.031861148325245
2026-08-03,462,Paul,20.96463576311148,1.305513273211753,17.048095943476223
2026-08-03,462,Raphaël,31.263993722204305,1.7057163357305047,26.14684471501279
2026-08-03,462,Julia,22.476971089903365,2.6734322205956977,14.456674428116273
2026-08-03,462,Armelle,23.444317945584057,2.2352877821593946,16.73845459910587
2026-08-03,462,Jules,19.839977777512864,1.3538222419190773,15.778511051755633
2026-08-03,462,BenjaminC,27.195882244596994,1.834398344352813,21.692687211538555
2026-08-03,462,LaureS,27.745073543009518,2.2656100513241775,20.948243389036985
2026-08-03,462,Sabine,21.474232372145767,3.440125322681422,11.1538564041015
2026-08-03,462,Loïc,18.697587181152937,1.4231690504152639,14.428080029907145
2026-08-03,462,JulieB,19.017856851050734,1.482458189992776,14.570482281072406
2026-08-03,462,ThéoM,22.02323328783092,1.4175853340460203,17.77047728569286
2026-08-03,462,EmmanuelP,21.20595513879044,1.7285699910234031,16.02024516572023
2026-08-03,462,BenjaminZ,22.252081238260235,2.2207329348761315,15.589882433631841
2026-08-03,462,Maximilien,22.112973266797283,3.7883218629285995,10.748007678011485
2026-08-03,462,PhilippeA,25.56053894871333,4.1927001351978666,12.98243854311973
2026-08-03,462,Nicolas,12.297240655569215,1.5510857419371311,7.643983429757822
2026-08-03,462,Vadim,19.422951992707713,4.269901887318718,6.613246330751558
2026-08-03,463,NathV,15.241162716857184,3.6963740572006047,4.152040545255369
2026-08-03,463,Lily,34.15745306965464,1.2013757811840269,30.553325726102564
2026-08-03,463,Roland,27.716202322226863,1.4444037445396567,23.382991088607895
2026-08-03,463,Rémi,36.01051710628023,1.3011283326923202,32.107132108203274
2026-08-03,463,ManonV,14.129476875932944,1.6944820331021215,9.04603077662658
2026-08-03,463,Lilou,20.824972358589775,1.2643704034215106,17.031861148325245
2026-08-03,463,Paul,20.96463576311148,1.305513273211753,17.048095943476223
2026-08-03,463,Raphaël,31.263993722204305,1.7057163357305047,26.14684471501279
2026-08-03,463,Julia,22.476971089903365,2.6734322205956977,14.456674428116273
2026-08-03,463,Armelle,23.461557217295113,2.2322582797960515,16.764782377906958
2026-08-03,463,Jules,19.833638868473823,1.3553635192217834,15.767548310808472
2026-08-03,463,BenjaminC,27.195882244596994,1.834398344352813,21.692687211538555
2026-08-03,463,LaureS,27.745073543009518,2.2656100513241775,20.948243389036985
2026-08-03,463,Sabine,21.474232372145767,3.440125322681422,11.1538564041015
2026-08-03,463,Loïc,18.697587181152937,1.4231690504152639,14.428080029907145
2026-08-03,463,JulieB,19.017856851050734,1.482458189992776,14.570482281072406
2026-08-03,463,ThéoM,22.02323328783092,1.4175853340460203,17.77047728569286
2026-08-03,463,EmmanuelP,21.20595513879044,1.7285699910234031,16.02024516572023
2026-08-03,463,BenjaminZ,22.252081238260235,2.2207329348761315,15.589882433631841
2026-08-03,463,Maximilien,22.112973266797283,3.7883218629285995,10.748007678011485
2026-08-03,463,PhilippeA,25.56053894871333,4.1927001351978666,12.98243854311973
2026-08-03,463,Nicolas,12.297240655569215,1.5510857419371311,7.643983429757822
2026-08-03,463,Vadim,19.422951992707713,4.269901887318718,6.613246330751558
2026-08-04,464,NathV,15.241162716857184,3.6963740572006047,4.152040545255369
2026-08-04,464,Lily,34.17763213343214,1.202050015095741,30.57148208814492
2026-08-04,464,Roland,27.716202322226863,1.4444037445396567,23.382991088607895
2026-08-04,464,Rémi,36.01051710628023,1.3011283326923202,32.107132108203274
2026-08-04,464,ManonV,14.129476875932944,1.6944820331021215,9.04603077662658
2026-08-04,464,Lilou,20.824972358589775,1.2643704034215106,17.031861148325245
2026-08-04,464,Paul,20.96463576311148,1.305513273211753,17.048095943476223
2026-08-04,464,Raphaël,31.263993722204305,1.7057163357305047,26.14684471501279
2026-08-04,464,Julia,22.377426239778192,2.6504007498620386,14.426223990192076
2026-08-04,464,Armelle,23.53098805181994,2.2196604997726452,16.872006552502004
2026-08-04,464,Jules,19.807981688233387,1.3547500566195447,15.743731518374751
2026-08-04,464,BenjaminC,27.195882244596994,1.834398344352813,21.692687211538555
2026-08-04,464,LaureS,27.745073543009518,2.2656100513241775,20.948243389036985
2026-08-04,464,Sabine,21.474232372145767,3.440125322681422,11.1538564041015
2026-08-04,464,Loïc,18.697587181152937,1.4231690504152639,14.428080029907145
2026-08-04,464,JulieB,19.017856851050734,1.482458189992776,14.570482281072406
2026-08-04,464,ThéoM,22.02323328783092,1.4175853340460203,17.77047728569286
2026-08-04,464,EmmanuelP,21.20595513879044,1.7285699910234031,16.02024516572023
2026-08-04,464,BenjaminZ,22.252081238260235,2.2207329348761315,15.589882433631841
2026-08-04,464,Maximilien,22.112973266797283,3.7883218629285995,10.748007678011485
2026-08-04,464,PhilippeA,25.56053894871333,4.1927001351978666,12.98243854311973
2026-08-04,464,Nicolas,12.297240655569215,1.5510857419371311,7.643983429757822
2026-08-04,464,Vadim,19.422951992707713,4.269901887318718,6.613246330751558
2026-08-04,465,NathV,15.241162716857184,3.6963740572006047,4.152040545255369
2026-08-04,465,Lily,34.23809345865237,1.2003864541118239,30.6369340963169
2026-08-04,465,Roland,27.716202322226863,1.4444037445396567,23.382991088607895
2026-08-04,465,Rémi,36.01051710628023,1.3011283326923202,32.107132108203274
2026-08-04,465,ManonV,14.129476875932944,1.6944820331021215,9.04603077662658
2026-08-04,465,Lilou,20.824972358589775,1.2643704034215106,17.031861148325245
2026-08-04,465,Paul,20.96463576311148,1.305513273211753,17.048095943476223
2026-08-04,465,Raphaël,31.263993722204305,1.7057163357305047,26.14684471501279
2026-08-04,465,Julia,22.084605022824455,2.6028710935050965,14.275991742309166
2026-08-04,465,Armelle,23.32552433620356,2.192598372638885,16.747729218286906
2026-08-04,465,Jules,19.884701729614562,1.3508055377164139,15.832285116465322
2026-08-04,465,BenjaminC,27.195882244596994,1.834398344352813,21.692687211538555
2026-08-04,465,LaureS,27.745073543009518,2.2656100513241775,20.948243389036985
2026-08-04,465,Sabine,21.474232372145767,3.440125322681422,11.1538564041015
2026-08-04,465,Loïc,18.697587181152937,1.4231690504152639,14.428080029907145
2026-08-04,465,JulieB,19.017856851050734,1.482458189992776,14.570482281072406
2026-08-04,465,ThéoM,22.02323328783092,1.4175853340460203,17.77047728569286
2026-08-04,465,EmmanuelP,21.20595513879044,1.7285699910234031,16.02024516572023
2026-08-04,465,BenjaminZ,22.252081238260235,2.2207329348761315,15.589882433631841
2026-08-04,465,Maximilien,22.112973266797283,3.7883218629285995,10.748007678011485
2026-08-04,465,PhilippeA,25.56053894871333,4.1927001351978666,12.98243854311973
2026-08-04,465,Nicolas,12.297240655569215,1.5510857419371311,7.643983429757822
2026-08-04,465,Vadim,19.422951992707713,4.269901887318718,6.613246330751558
2026-08-05,466,NathV,15.241162716857184,3.6963740572006047,4.152040545255369
2026-08-05,466,Lily,34.23809345865237,1.2003864541118239,30.6369340963169
2026-08-05,466,Roland,27.716202322226863,1.4444037445396567,23.382991088607895
2026-08-05,466,Rémi,36.01051710628023,1.3011283326923202,32.107132108203274
2026-08-05,466,ManonV,14.129476875932944,1.6944820331021215,9.04603077662658
2026-08-05,466,Lilou,20.698657097449278,1.259547846572757,16.920013557731007
2026-08-05,466,Paul,20.83000223712976,1.299843276418745,16.930472407873527
2026-08-05,466,Raphaël,31.263993722204305,1.7057163357305047,26.14684471501279
2026-08-05,466,Julia,22.6181548081181,2.5378761937332164,15.00452622691845
2026-08-05,466,Armelle,23.32552433620356,2.192598372638885,16.747729218286906
2026-08-05,466,Jules,19.884701729614562,1.3508055377164139,15.832285116465322
2026-08-05,466,BenjaminC,27.195882244596994,1.834398344352813,21.692687211538555
2026-08-05,466,LaureS,27.745073543009518,2.2656100513241775,20.948243389036985
2026-08-05,466,Sabine,21.474232372145767,3.440125322681422,11.1538564041015
2026-08-05,466,Loïc,18.697587181152937,1.4231690504152639,14.428080029907145
2026-08-05,466,JulieB,19.017856851050734,1.482458189992776,14.570482281072406
2026-08-05,466,ThéoM,22.181876441329873,1.4093755732991742,17.953749721432352
2026-08-05,466,EmmanuelP,21.20595513879044,1.7285699910234031,16.02024516572023
2026-08-05,466,BenjaminZ,22.252081238260235,2.2207329348761315,15.589882433631841
2026-08-05,466,Maximilien,22.112973266797283,3.7883218629285995,10.748007678011485
2026-08-05,466,PhilippeA,25.56053894871333,4.1927001351978666,12.98243854311973
2026-08-05,466,Nicolas,12.297240655569215,1.5510857419371311,7.643983429757822
2026-08-05,466,Vadim,19.422951992707713,4.269901887318718,6.613246330751558
2026-08-05,467,NathV,15.241162716857184,3.6963740572006047,4.152040545255369
2026-08-05,467,Lily,34.23809345865237,1.2003864541118239,30.6369340963169
2026-08-05,467,Roland,27.716202322226863,1.4444037445396567,23.382991088607895
2026-08-05,467,Rémi,36.01051710628023,1.3011283326923202,32.107132108203274
2026-08-05,467,ManonV,14.129476875932944,1.6944820331021215,9.04603077662658
2026-08-05,467,Lilou,20.698657097449278,1.259547846572757,16.920013557731007
2026-08-05,467,Paul,20.934701953315557,1.296128345100678,17.046316918013524
2026-08-05,467,Raphaël,31.263993722204305,1.7057163357305047,26.14684471501279
2026-08-05,467,Julia,23.01607047334472,2.49161727108728,15.54121866008288
2026-08-05,467,Armelle,23.32552433620356,2.192598372638885,16.747729218286906
2026-08-05,467,Jules,19.771665526879023,1.34621133687046,15.733031516267642
2026-08-05,467,BenjaminC,27.195882244596994,1.834398344352813,21.692687211538555
2026-08-05,467,LaureS,27.745073543009518,2.2656100513241775,20.948243389036985
2026-08-05,467,Sabine,21.474232372145767,3.440125322681422,11.1538564041015
2026-08-05,467,Loïc,18.697587181152937,1.4231690504152639,14.428080029907145
2026-08-05,467,JulieB,19.017856851050734,1.482458189992776,14.570482281072406
2026-08-05,467,ThéoM,22.181876441329873,1.4093755732991742,17.953749721432352
2026-08-05,467,EmmanuelP,21.20595513879044,1.7285699910234031,16.02024516572023
2026-08-05,467,BenjaminZ,22.252081238260235,2.2207329348761315,15.589882433631841
2026-08-05,467,Maximilien,22.112973266797283,3.7883218629285995,10.748007678011485
2026-08-05,467,PhilippeA,25.56053894871333,4.1927001351978666,12.98243854311973
2026-08-05,467,Nicolas,12.297240655569215,1.5510857419371311,7.643983429757822
2026-08-05,467,Vadim,18.297353891737682,4.040020007029328,6.177293870649697
2026-08-05,468,NathV,15.241162716857184,3.6963740572006047,4.152040545255369
2026-08-05,468,Lily,34.23809345865237,1.2003864541118239,30.6369340963169
2026-08-05,468,Roland,27.716202322226863,1.4444037445396567,23.382991088607895
2026-08-05,468,Rémi,36.01051710628023,1.3011283326923202,32.107132108203274
2026-08-05,468,ManonV,14.129476875932944,1.6944820331021215,9.04603077662658
2026-08-05,468,Lilou,20.864253710405812,1.2545875416040873,17.10049108559355
2026-08-05,468,Paul,20.759389493508316,1.290400213519871,16.8881888529487
2026-08-05,468,Raphaël,31.263993722204305,1.7057163357305047,26.14684471501279
2026-08-05,468,Julia,23.01607047334472,2.49161727108728,15.54121866008288
2026-08-05,468,Armelle,23.32552433620356,2.192598372638885,16.747729218286906
2026-08-05,468,Jules,19.582599855483707,1.3393733119930007,15.564479919504706
2026-08-05,468,BenjaminC,27.195882244596994,1.834398344352813,21.692687211538555
2026-08-05,468,LaureS,27.745073543009518,2.2656100513241775,20.948243389036985
2026-08-05,468,Sabine,21.474232372145767,3.440125322681422,11.1538564041015
2026-08-05,468,Loïc,18.697587181152937,1.4231690504152639,14.428080029907145
2026-08-05,468,JulieB,19.017856851050734,1.482458189992776,14.570482281072406
2026-08-05,468,ThéoM,22.181876441329873,1.4093755732991742,17.953749721432352
2026-08-05,468,EmmanuelP,21.20595513879044,1.7285699910234031,16.02024516572023
2026-08-05,468,BenjaminZ,22.252081238260235,2.2207329348761315,15.589882433631841
2026-08-05,468,Maximilien,22.112973266797283,3.7883218629285995,10.748007678011485
2026-08-05,468,PhilippeA,25.56053894871333,4.1927001351978666,12.98243854311973
2026-08-05,468,Nicolas,12.297240655569215,1.5510857419371311,7.643983429757822
2026-08-05,468,Vadim,19.99433491491739,3.7801861369326883,8.653776504119323
2026-08-06,469,NathV,15.241162716857184,3.6963740572006047,4.152040545255369
2026-08-06,469,Lily,34.26876904429075,1.2002954257129856,30.66788276715179
2026-08-06,469,Roland,27.716202322226863,1.4444037445396567,23.382991088607895
2026-08-06,469,Rémi,36.01051710628023,1.3011283326923202,32.107132108203274
2026-08-06,469,ManonV,14.129476875932944,1.6944820331021215,9.04603077662658
2026-08-06,469,Lilou,20.864253710405812,1.2545875416040873,17.10049108559355
2026-08-06,469,Paul,20.759389493508316,1.290400213519871,16.8881888529487
2026-08-06,469,Raphaël,31.263993722204305,1.7057163357305047,26.14684471501279
2026-08-06,469,Julia,23.147747758428363,2.466397088651213,15.748556492474723
2026-08-06,469,Armelle,23.32552433620356,2.192598372638885,16.747729218286906
2026-08-06,469,Jules,19.582599855483707,1.3393733119930007,15.564479919504706
2026-08-06,469,BenjaminC,27.195882244596994,1.834398344352813,21.692687211538555
2026-08-06,469,LaureS,27.745073543009518,2.2656100513241775,20.948243389036985
2026-08-06,469,Sabine,21.474232372145767,3.440125322681422,11.1538564041015
2026-08-06,469,Loïc,18.697587181152937,1.4231690504152639,14.428080029907145
2026-08-06,469,JulieB,19.017856851050734,1.482458189992776,14.570482281072406
2026-08-06,469,ThéoM,22.13964539534707,1.4070209541886958,17.91858253278098
2026-08-06,469,EmmanuelP,21.20595513879044,1.7285699910234031,16.02024516572023
2026-08-06,469,BenjaminZ,22.147448774670384,2.2034658356148698,15.537051267825774
2026-08-06,469,Maximilien,22.112973266797283,3.7883218629285995,10.748007678011485
2026-08-06,469,PhilippeA,25.56053894871333,4.1927001351978666,12.98243854311973
2026-08-06,469,Nicolas,12.297240655569215,1.5510857419371311,7.643983429757822
2026-08-06,469,Vadim,19.99433491491739,3.7801861369326883,8.653776504119323
2026-08-06,470,NathV,15.241162716857184,3.6963740572006047,4.152040545255369
2026-08-06,470,Lily,34.29095212260933,1.2010033819876165,30.687941976646485
2026-08-06,470,Roland,27.716202322226863,1.4444037445396567,23.382991088607895
2026-08-06,470,Rémi,36.01051710628023,1.3011283326923202,32.107132108203274
2026-08-06,470,ManonV,14.129476875932944,1.6944820331021215,9.04603077662658
2026-08-06,470,Lilou,20.864253710405812,1.2545875416040873,17.10049108559355
2026-08-06,470,Paul,20.759389493508316,1.290400213519871,16.8881888529487
2026-08-06,470,Raphaël,31.263993722204305,1.7057163357305047,26.14684471501279
2026-08-06,470,Julia,23.241068606087786,2.448927389680273,15.894286437046969
2026-08-06,470,Armelle,23.32552433620356,2.192598372638885,16.747729218286906
2026-08-06,470,Jules,19.582599855483707,1.3393733119930007,15.564479919504706
2026-08-06,470,BenjaminC,27.195882244596994,1.834398344352813,21.692687211538555
2026-08-06,470,LaureS,27.745073543009518,2.2656100513241775,20.948243389036985
2026-08-06,470,Sabine,21.474232372145767,3.440125322681422,11.1538564041015
2026-08-06,470,Loïc,18.697587181152937,1.4231690504152639,14.428080029907145
2026-08-06,470,JulieB,19.017856851050734,1.482458189992776,14.570482281072406
2026-08-06,470,ThéoM,22.13964539534707,1.4070209541886958,17.91858253278098
2026-08-06,470,EmmanuelP,21.20595513879044,1.7285699910234031,16.02024516572023
2026-08-06,470,BenjaminZ,22.07294289638382,2.1915850660871423,15.498187698122395
2026-08-06,470,Maximilien,22.112973266797283,3.7883218629285995,10.748007678011485
2026-08-06,470,PhilippeA,25.56053894871333,4.1927001351978666,12.98243854311973
2026-08-06,470,Nicolas,12.297240655569215,1.5510857419371311,7.643983429757822
2026-08-06,470,Vadim,19.77525904463026,3.7128498351221446,8.636709539263826
2026-08-06,471,NathV,15.241162716857184,3.6963740572006047,4.152040545255369
2026-08-06,471,Lily,34.346203669315024,1.1999333322298733,30.746403672625405
2026-08-06,471,Roland,27.716202322226863,1.4444037445396567,23.382991088607895
2026-08-06,471,Rémi,36.01051710628023,1.3011283326923202,32.107132108203274
2026-08-06,471,ManonV,14.129476875932944,1.6944820331021215,9.04603077662658
2026-08-06,471,Lilou,20.864253710405812,1.2545875416040873,17.10049108559355
2026-08-06,471,Paul,20.759389493508316,1.290400213519871,16.8881888529487
2026-08-06,471,Raphaël,31.263993722204305,1.7057163357305047,26.14684471501279
2026-08-06,471,Julia,23.01217982371427,2.4167997225171534,15.76178065616281
2026-08-06,471,Armelle,23.32552433620356,2.192598372638885,16.747729218286906
2026-08-06,471,Jules,19.582599855483707,1.3393733119930007,15.564479919504706
2026-08-06,471,BenjaminC,27.195882244596994,1.834398344352813,21.692687211538555
2026-08-06,471,LaureS,27.745073543009518,2.2656100513241775,20.948243389036985
2026-08-06,471,Sabine,21.474232372145767,3.440125322681422,11.1538564041015
2026-08-06,471,Loïc,18.697587181152937,1.4231690504152639,14.428080029907145
2026-08-06,471,JulieB,19.017856851050734,1.482458189992776,14.570482281072406
2026-08-06,471,ThéoM,22.13964539534707,1.4070209541886958,17.91858253278098
2026-08-06,471,EmmanuelP,21.20595513879044,1.7285699910234031,16.02024516572023
2026-08-06,471,BenjaminZ,21.88957883122888,2.1691492466123736,15.382131091391761
2026-08-06,471,Maximilien,22.112973266797283,3.7883218629285995,10.748007678011485
2026-08-06,471,PhilippeA,25.56053894871333,4.1927001351978666,12.98243854311973
2026-08-06,471,Nicolas,12.297240655569215,1.5510857419371311,7.643983429757822
2026-08-06,471,Vadim,20.30103847328793,3.5959262674970525,9.513259670796774
2026-08-06,472,NathV,15.241162716857184,3.6963740572006047,4.152040545255369
2026-08-06,472,Lily,34.37785661726723,1.2000087136680013,30.777830476263222
2026-08-06,472,Roland,27.716202322226863,1.4444037445396567,23.382991088607895
2026-08-06,472,Rémi,36.01051710628023,1.3011283326923202,32.107132108203274
2026-08-06,472,ManonV,14.129476875932944,1.6944820331021215,9.04603077662658
2026-08-06,472,Lilou,20.864253710405812,1.2545875416040873,17.10049108559355
2026-08-06,472,Paul,20.759389493508316,1.290400213519871,16.8881888529487
2026-08-06,472,Raphaël,31.263993722204305,1.7057163357305047,26.14684471501279
2026-08-06,472,Julia,22.884239426082203,2.3952798885109345,15.6983997605494
2026-08-06,472,Armelle,23.32552433620356,2.192598372638885,16.747729218286906
2026-08-06,472,Jules,19.582599855483707,1.3393733119930007,15.564479919504706
2026-08-06,472,BenjaminC,27.195882244596994,1.834398344352813,21.692687211538555
2026-08-06,472,LaureS,27.745073543009518,2.2656100513241775,20.948243389036985
2026-08-06,472,Sabine,21.474232372145767,3.440125322681422,11.1538564041015
2026-08-06,472,Loïc,18.697587181152937,1.4231690504152639,14.428080029907145
2026-08-06,472,JulieB,19.017856851050734,1.482458189992776,14.570482281072406
2026-08-06,472,ThéoM,22.13964539534707,1.4070209541886958,17.91858253278098
2026-08-06,472,EmmanuelP,21.20595513879044,1.7285699910234031,16.02024516572023
2026-08-06,472,BenjaminZ,21.99267195669574,2.154160100216648,15.530191656045798
2026-08-06,472,Maximilien,22.112973266797283,3.7883218629285995,10.748007678011485
2026-08-06,472,PhilippeA,25.56053894871333,4.1927001351978666,12.98243854311973
2026-08-06,472,Nicolas,12.297240655569215,1.5510857419371311,7.643983429757822
2026-08-06,472,Vadim,20.01798723139458,3.5209064036732687,9.455268020374776
2026-08-06,473,NathV,15.241162716857184,3.6963740572006047,4.152040545255369
2026-08-06,473,Lily,34.4069329777873,1.200225768127212,30.806255673405666
2026-08-06,473,Roland,27.716202322226863,1.4444037445396567,23.382991088607895
2026-08-06,473,Rémi,36.01051710628023,1.3011283326923202,32.107132108203274
2026-08-06,473,ManonV,14.129476875932944,1.6944820331021215,9.04603077662658
2026-08-06,473,Lilou,20.864253710405812,1.2545875416040873,17.10049108559355
2026-08-06,473,Paul,20.759389493508316,1.290400213519871,16.8881888529487
2026-08-06,473,Raphaël,31.263993722204305,1.7057163357305047,26.14684471501279
2026-08-06,473,Julia,22.76880913389045,2.3755158699001675,15.642261524189948
2026-08-06,473,Armelle,23.32552433620356,2.192598372638885,16.747729218286906
2026-08-06,473,Jules,19.582599855483707,1.3393733119930007,15.564479919504706
2026-08-06,473,BenjaminC,27.195882244596994,1.834398344352813,21.692687211538555
2026-08-06,473,LaureS,27.745073543009518,2.2656100513241775,20.948243389036985
2026-08-06,473,Sabine,21.474232372145767,3.440125322681422,11.1538564041015
2026-08-06,473,Loïc,18.697587181152937,1.4231690504152639,14.428080029907145
2026-08-06,473,JulieB,19.017856851050734,1.482458189992776,14.570482281072406
2026-08-06,473,ThéoM,22.13964539534707,1.4070209541886958,17.91858253278098
2026-08-06,473,EmmanuelP,21.20595513879044,1.7285699910234031,16.02024516572023
2026-08-06,473,BenjaminZ,22.08605914711146,2.140347706099626,15.66501602881258
2026-08-06,473,Maximilien,22.112973266797283,3.7883218629285995,10.748007678011485
2026-08-06,473,PhilippeA,25.56053894871333,4.1927001351978666,12.98243854311973
2026-08-06,473,Nicolas,12.297240655569215,1.5510857419371311,7.643983429757822
2026-08-06,473,Vadim,19.76873785078043,3.454230698095993,9.40604575649245
2026-08-06,474,NathV,15.241162716857184,3.6963740572006047,4.152040545255369
2026-08-06,474,Lily,34.09072340097616,1.1949877936943865,30.505760019893
2026-08-06,474,Roland,27.716202322226863,1.4444037445396567,23.382991088607895
2026-08-06,474,Rémi,36.01051710628023,1.3011283326923202,32.107132108203274
2026-08-06,474,ManonV,14.129476875932944,1.6944820331021215,9.04603077662658
2026-08-06,474,Lilou,20.864253710405812,1.2545875416040873,17.10049108559355
2026-08-06,474,Paul,20.759389493508316,1.290400213519871,16.8881888529487
2026-08-06,474,Raphaël,31.263993722204305,1.7057163357305047,26.14684471501279
2026-08-06,474,Julia,21.53453809836223,2.3136686461267586,14.593532159981955
2026-08-06,474,Armelle,23.32552433620356,2.192598372638885,16.747729218286906
2026-08-06,474,Jules,19.582599855483707,1.3393733119930007,15.564479919504706
2026-08-06,474,BenjaminC,27.195882244596994,1.834398344352813,21.692687211538555
2026-08-06,474,LaureS,27.745073543009518,2.2656100513241775,20.948243389036985
2026-08-06,474,Sabine,21.474232372145767,3.440125322681422,11.1538564041015
2026-08-06,474,Loïc,18.697587181152937,1.4231690504152639,14.428080029907145
2026-08-06,474,JulieB,19.017856851050734,1.482458189992776,14.570482281072406
2026-08-06,474,ThéoM,22.13964539534707,1.4070209541886958,17.91858253278098
2026-08-06,474,EmmanuelP,21.20595513879044,1.7285699910234031,16.02024516572023
2026-08-06,474,BenjaminZ,23.08833450851377,2.0957617076063872,16.80104938569461
2026-08-06,474,Maximilien,22.112973266797283,3.7883218629285995,10.748007678011485
2026-08-06,474,PhilippeA,25.56053894871333,4.1927001351978666,12.98243854311973
2026-08-06,474,Nicolas,12.297240655569215,1.5510857419371311,7.643983429757822
2026-08-06,474,Vadim,22.376787873883288,3.2577249199635157,12.60361311399274
2026-08-07,475,NathV,15.241162716857184,3.6963740572006047,4.152040545255369
2026-08-07,475,Lily,33.79926021437092,1.1887484145068843,30.233014970850263
2026-08-07,475,Roland,27.716202322226863,1.4444037445396567,23.382991088607895
2026-08-07,475,Rémi,36.01051710628023,1.3011283326923202,32.107132108203274
2026-08-07,475,ManonV,14.129476875932944,1.6944820331021215,9.04603077662658
2026-08-07,475,Lilou,20.543136399213008,1.2467764445761116,16.80280706548467
2026-08-07,475,Paul,21.099019613076692,1.281582130557563,17.254273221404002
2026-08-07,475,Raphaël,31.263993722204305,1.7057163357305047,26.14684471501279
2026-08-07,475,Julia,21.53453809836223,2.3136686461267586,14.593532159981955
2026-08-07,475,Armelle,24.303425465695213,2.13748282302889,17.890976996608543
2026-08-07,475,Jules,19.582599855483707,1.3393733119930007,15.564479919504706
2026-08-07,475,BenjaminC,27.195882244596994,1.834398344352813,21.692687211538555
2026-08-07,475,LaureS,27.745073543009518,2.2656100513241775,20.948243389036985
2026-08-07,475,Sabine,21.474232372145767,3.440125322681422,11.1538564041015
2026-08-07,475,Loïc,18.697587181152937,1.4231690504152639,14.428080029907145
2026-08-07,475,JulieB,19.017856851050734,1.482458189992776,14.570482281072406
2026-08-07,475,ThéoM,22.13964539534707,1.4070209541886958,17.91858253278098
2026-08-07,475,EmmanuelP,21.20595513879044,1.7285699910234031,16.02024516572023
2026-08-07,475,BenjaminZ,23.08833450851377,2.0957617076063872,16.80104938569461
2026-08-07,475,Maximilien,22.112973266797283,3.7883218629285995,10.748007678011485
2026-08-07,475,PhilippeA,25.56053894871333,4.1927001351978666,12.98243854311973
2026-08-07,475,Nicolas,12.297240655569215,1.5510857419371311,7.643983429757822
2026-08-07,475,Vadim,22.376787873883288,3.2577249199635157,12.60361311399274
2026-08-07,476,NathV,15.241162716857184,3.6963740572006047,4.152040545255369
2026-08-07,476,Lily,33.86743540570856,1.186759518795809,30.307156849321135
2026-08-07,476,Roland,27.716202322226863,1.4444037445396567,23.382991088607895
2026-08-07,476,Rémi,36.01051710628023,1.3011283326923202,32.107132108203274
2026-08-07,476,ManonV,14.129476875932944,1.6944820331021215,9.04603077662658
2026-08-07,476,Lilou,20.618096559300852,1.2439005637397158,16.886394868081705
2026-08-07,476,Paul,21.099019613076692,1.281582130557563,17.254273221404002
2026-08-07,476,Raphaël,31.263993722204305,1.7057163357305047,26.14684471501279
2026-08-07,476,Julia,21.53453809836223,2.3136686461267586,14.593532159981955
2026-08-07,476,Armelle,24.083749606544156,2.1105971265885226,17.75195822677859
2026-08-07,476,Jules,19.582599855483707,1.3393733119930007,15.564479919504706
2026-08-07,476,BenjaminC,27.195882244596994,1.834398344352813,21.692687211538555
2026-08-07,476,LaureS,27.745073543009518,2.2656100513241775,20.948243389036985
2026-08-07,476,Sabine,21.474232372145767,3.440125322681422,11.1538564041015
2026-08-07,476,Loïc,18.697587181152937,1.4231690504152639,14.428080029907145
2026-08-07,476,JulieB,19.017856851050734,1.482458189992776,14.570482281072406
2026-08-07,476,ThéoM,22.13964539534707,1.4070209541886958,17.91858253278098
2026-08-07,476,EmmanuelP,21.20595513879044,1.7285699910234031,16.02024516572023
2026-08-07,476,BenjaminZ,22.877137690150562,2.0705498971117944,16.66548799881518
2026-08-07,476,Maximilien,22.112973266797283,3.7883218629285995,10.748007678011485
2026-08-07,476,PhilippeA,25.56053894871333,4.1927001351978666,12.98243854311973
2026-08-07,476,Nicolas,12.297240655569215,1.5510857419371311,7.643983429757822
2026-08-07,476,Vadim,22.376787873883288,3.2577249199635157,12.60361311399274
2026-08-07,477,NathV,15.241162716857184,3.6963740572006047,4.152040545255369
2026-08-07,477,Lily,33.86743540570856,1.186759518795809,30.307156849321135
2026-08-07,477,Roland,27.716202322226863,1.4444037445396567,23.382991088607895
2026-08-07,477,Rémi,36.01051710628023,1.3011283326923202,32.107132108203274
2026-08-07,477,ManonV,14.129476875932944,1.6944820331021215,9.04603077662658
2026-08-07,477,Lilou,20.488337698986783,1.2392777040786547,16.770504586750818
2026-08-07,477,Paul,21.23672347940454,1.2761850008793358,17.40816847676653
2026-08-07,477,Raphaël,31.263993722204305,1.7057163357305047,26.14684471501279
2026-08-07,477,Julia,21.53453809836223,2.3136686461267586,14.593532159981955
2026-08-07,477,Armelle,24.456233993551795,2.0759930438695275,18.228254861943213
2026-08-07,477,Jules,19.582599855483707,1.3393733119930007,15.564479919504706
2026-08-07,477,BenjaminC,27.195882244596994,1.834398344352813,21.692687211538555
2026-08-07,477,LaureS,27.745073543009518,2.2656100513241775,20.948243389036985
2026-08-07,477,Sabine,21.474232372145767,3.440125322681422,11.1538564041015
2026-08-07,477,Loïc,18.697587181152937,1.4231690504152639,14.428080029907145
2026-08-07,477,JulieB,19.017856851050734,1.482458189992776,14.570482281072406
2026-08-07,477,ThéoM,22.13964539534707,1.4070209541886958,17.91858253278098
2026-08-07,477,EmmanuelP,21.20595513879044,1.7285699910234031,16.02024516572023
2026-08-07,477,BenjaminZ,22.51863271165496,2.0380101592059097,16.40460223403723
2026-08-07,477,Maximilien,22.112973266797283,3.7883218629285995,10.748007678011485
2026-08-07,477,PhilippeA,25.56053894871333,4.1927001351978666,12.98243854311973
2026-08-07,477,Nicolas,12.297240655569215,1.5510857419371311,7.643983429757822
2026-08-07,477,Vadim,22.376787873883288,3.2577249199635157,12.60361311399274
2026-08-07,478,NathV,15.241162716857184,3.6963740572006047,4.152040545255369
2026-08-07,478,Lily,33.86743540570856,1.186759518795809,30.307156849321135
2026-08-07,478,Roland,27.716202322226863,1.4444037445396567,23.382991088607895
2026-08-07,478,Rémi,36.01051710628023,1.3011283326923202,32.107132108203274
2026-08-07,478,ManonV,14.129476875932944,1.6944820331021215,9.04603077662658
2026-08-07,478,Lilou,20.3981532389789,1.235884517992626,16.690499685001022
2026-08-07,478,Paul,21.141111951681403,1.272142793942647,17.324683569853462
2026-08-07,478,Raphaël,31.263993722204305,1.7057163357305047,26.14684471501279
2026-08-07,478,Julia,21.53453809836223,2.3136686461267586,14.593532159981955
2026-08-07,478,Armelle,24.708574016845432,2.048553022142288,18.562914950418566
2026-08-07,478,Jules,19.582599855483707,1.3393733119930007,15.564479919504706
2026-08-07,478,BenjaminC,27.195882244596994,1.834398344352813,21.692687211538555
2026-08-07,478,LaureS,27.745073543009518,2.2656100513241775,20.948243389036985
2026-08-07,478,Sabine,21.474232372145767,3.440125322681422,11.1538564041015
2026-08-07,478,Loïc,18.697587181152937,1.4231690504152639,14.428080029907145
2026-08-07,478,JulieB,19.017856851050734,1.482458189992776,14.570482281072406
2026-08-07,478,ThéoM,22.13964539534707,1.4070209541886958,17.91858253278098
2026-08-07,478,EmmanuelP,21.20595513879044,1.7285699910234031,16.02024516572023
2026-08-07,478,BenjaminZ,22.761838173732166,2.0121747105002745,16.725314042231343
2026-08-07,478,Maximilien,22.112973266797283,3.7883218629285995,10.748007678011485
2026-08-07,478,PhilippeA,25.56053894871333,4.1927001351978666,12.98243854311973
2026-08-07,478,Nicolas,12.297240655569215,1.5510857419371311,7.643983429757822
2026-08-07,478,Vadim,22.376787873883288,3.2577249199635157,12.60361311399274
2026-08-10,479,NathV,15.241162716857184,3.6963740572006047,4.152040545255369
2026-08-10,479,Lily,33.93716670620107,1.1846206177690295,30.38330485289398
2026-08-10,479,Roland,27.613071949981823,1.4376933498510118,23.299991900428786
2026-08-10,479,Rémi,36.01051710628023,1.3011283326923202,32.107132108203274
2026-08-10,479,ManonV,14.129476875932944,1.6944820331021215,9.04603077662658
2026-08-10,479,Lilou,20.3981532389789,1.235884517992626,16.690499685001022
2026-08-10,479,Paul,21.141111951681403,1.272142793942647,17.324683569853462
2026-08-10,479,Raphaël,31.263993722204305,1.7057163357305047,26.14684471501279
2026-08-10,479,Julia,21.53453809836223,2.3136686461267586,14.593532159981955
2026-08-10,479,Armelle,24.708574016845432,2.048553022142288,18.562914950418566
2026-08-10,479,Jules,19.582599855483707,1.3393733119930007,15.564479919504706
2026-08-10,479,BenjaminC,27.195882244596994,1.834398344352813,21.692687211538555
2026-08-10,479,LaureS,27.745073543009518,2.2656100513241775,20.948243389036985
2026-08-10,479,Sabine,21.474232372145767,3.440125322681422,11.1538564041015
2026-08-10,479,Loïc,18.697587181152937,1.4231690504152639,14.428080029907145
2026-08-10,479,JulieB,19.017856851050734,1.482458189992776,14.570482281072406
2026-08-10,479,ThéoM,22.041766721883896,1.4010627248364604,17.838578547374514
2026-08-10,479,EmmanuelP,21.20595513879044,1.7285699910234031,16.02024516572023
2026-08-10,479,BenjaminZ,22.96165948663611,1.989250108985604,16.993909159679298
2026-08-10,479,Maximilien,22.112973266797283,3.7883218629285995,10.748007678011485
2026-08-10,479,PhilippeA,25.56053894871333,4.1927001351978666,12.98243854311973
2026-08-10,479,Nicolas,12.297240655569215,1.5510857419371311,7.643983429757822
2026-08-10,479,Vadim,22.376787873883288,3.2577249199635157,12.60361311399274
2026-08-10,480,NathV,14.973297313431681,3.624064187329473,4.101104751443263
2026-08-10,480,Lily,33.93716670620107,1.1846206177690295,30.38330485289398
2026-08-10,480,Roland,27.653710042644782,1.4358145391774935,23.3462664251123
2026-08-10,480,Rémi,36.01051710628023,1.3011283326923202,32.107132108203274
2026-08-10,480,ManonV,14.129476875932944,1.6944820331021215,9.04603077662658
2026-08-10,480,Lilou,20.3981532389789,1.235884517992626,16.690499685001022
2026-08-10,480,Paul,21.141111951681403,1.272142793942647,17.324683569853462
2026-08-10,480,Raphaël,31.263993722204305,1.7057163357305047,26.14684471501279
2026-08-10,480,Julia,21.53453809836223,2.3136686461267586,14.593532159981955
2026-08-10,480,Armelle,24.708574016845432,2.048553022142288,18.562914950418566
2026-08-10,480,Jules,19.582599855483707,1.3393733119930007,15.564479919504706
2026-08-10,480,BenjaminC,27.195882244596994,1.834398344352813,21.692687211538555
2026-08-10,480,LaureS,27.745073543009518,2.2656100513241775,20.948243389036985
2026-08-10,480,Sabine,21.24220062153828,3.3821602312027417,11.095719927930055
2026-08-10,480,Loïc,18.697587181152937,1.4231690504152639,14.428080029907145
2026-08-10,480,JulieB,19.017856851050734,1.482458189992776,14.570482281072406
2026-08-10,480,ThéoM,22.041766721883896,1.4010627248364604,17.838578547374514
2026-08-10,480,EmmanuelP,21.20595513879044,1.7285699910234031,16.02024516572023
2026-08-10,480,BenjaminZ,23.039335045661655,1.9796376445153152,17.10042211211571
2026-08-10,480,Maximilien,22.112973266797283,3.7883218629285995,10.748007678011485
2026-08-10,480,PhilippeA,25.56053894871333,4.1927001351978666,12.98243854311973
2026-08-10,480,Nicolas,12.297240655569215,1.5510857419371311,7.643983429757822
2026-08-10,480,Vadim,22.376787873883288,3.2577249199635157,12.60361311399274
2026-08-10,481,NathV,14.897059623719253,3.596695486239362,4.1069731650011665
2026-08-10,481,Lily,33.94534854279739,1.1865556572645668,30.38568157100369
2026-08-10,481,Roland,27.653710042644782,1.4358145391774935,23.3462664251123
2026-08-10,481,Rémi,36.01051710628023,1.3011283326923202,32.107132108203274
2026-08-10,481,ManonV,14.129476875932944,1.6944820331021215,9.04603077662658
2026-08-10,481,Lilou,20.3981532389789,1.235884517992626,16.690499685001022
2026-08-10,481,Paul,21.141111951681403,1.272142793942647,17.324683569853462
2026-08-10,481,Raphaël,31.263993722204305,1.7057163357305047,26.14684471501279
2026-08-10,481,Julia,21.53453809836223,2.3136686461267586,14.593532159981955
2026-08-10,481,Armelle,24.708574016845432,2.048553022142288,18.562914950418566
2026-08-10,481,Jules,19.582599855483707,1.3393733119930007,15.564479919504706
2026-08-10,481,BenjaminC,27.195882244596994,1.834398344352813,21.692687211538555
2026-08-10,481,LaureS,27.745073543009518,2.2656100513241775,20.948243389036985
2026-08-10,481,Sabine,21.175795691172087,3.3601711670050367,11.095282190156977
2026-08-10,481,Loïc,18.697587181152937,1.4231690504152639,14.428080029907145
2026-08-10,481,JulieB,19.017856851050734,1.482458189992776,14.570482281072406
2026-08-10,481,ThéoM,22.041766721883896,1.4010627248364604,17.838578547374514
2026-08-10,481,EmmanuelP,21.20595513879044,1.7285699910234031,16.02024516572023
2026-08-10,481,BenjaminZ,23.062111635198374,1.976777876032428,17.13177800710109
2026-08-10,481,Maximilien,22.112973266797283,3.7883218629285995,10.748007678011485
2026-08-10,481,PhilippeA,25.56053894871333,4.1927001351978666,12.98243854311973
2026-08-10,481,Nicolas,12.297240655569215,1.5510857419371311,7.643983429757822
2026-08-10,481,Vadim,22.376787873883288,3.2577249199635157,12.60361311399274
2026-08-10,482,NathV,14.897059623719253,3.596695486239362,4.1069731650011665
2026-08-10,482,Lily,34.0033943806213,1.1852616503507452,30.447609429569066
2026-08-10,482,Roland,27.5688476714278,1.4307706549159656,23.276535706679905
2026-08-10,482,Rémi,36.01051710628023,1.3011283326923202,32.107132108203274
2026-08-10,482,ManonV,14.129476875932944,1.6944820331021215,9.04603077662658
2026-08-10,482,Lilou,20.3981532389789,1.235884517992626,16.690499685001022
2026-08-10,482,Paul,21.141111951681403,1.272142793942647,17.324683569853462
2026-08-10,482,Raphaël,31.263993722204305,1.7057163357305047,26.14684471501279
2026-08-10,482,Julia,21.53453809836223,2.3136686461267586,14.593532159981955
2026-08-10,482,Armelle,24.708574016845432,2.048553022142288,18.562914950418566
2026-08-10,482,Jules,19.582599855483707,1.3393733119930007,15.564479919504706
2026-08-10,482,BenjaminC,27.195882244596994,1.834398344352813,21.692687211538555
2026-08-10,482,LaureS,27.745073543009518,2.2656100513241775,20.948243389036985
2026-08-10,482,Sabine,20.71229773071074,3.2648461601339074,10.917759250309018
2026-08-10,482,Loïc,18.697587181152937,1.4231690504152639,14.428080029907145
2026-08-10,482,JulieB,19.017856851050734,1.482458189992776,14.570482281072406
2026-08-10,482,ThéoM,22.041766721883896,1.4010627248364604,17.838578547374514
2026-08-10,482,EmmanuelP,21.20595513879044,1.7285699910234031,16.02024516572023
2026-08-10,482,BenjaminZ,23.222711380905555,1.9590662959417955,17.345512493080168
2026-08-10,482,Maximilien,22.112973266797283,3.7883218629285995,10.748007678011485
2026-08-10,482,PhilippeA,25.56053894871333,4.1927001351978666,12.98243854311973
2026-08-10,482,Nicolas,12.297240655569215,1.5510857419371311,7.643983429757822
2026-08-10,482,Vadim,22.376787873883288,3.2577249199635157,12.60361311399274
2026-08-10,483,NathV,18.863004472094005,3.351852403498437,8.807447261598695
2026-08-10,483,Lily,33.57080461523302,1.1796039926142896,30.031992637390154
2026-08-10,483,Roland,26.939461672304407,1.418106833149051,22.685141172857254
2026-08-10,483,Rémi,36.01051710628023,1.3011283326923202,32.107132108203274
2026-08-10,483,ManonV,14.129476875932944,1.6944820331021215,9.04603077662658
2026-08-10,483,Lilou,20.3981532389789,1.235884517992626,16.690499685001022
2026-08-10,483,Paul,21.141111951681403,1.272142793942647,17.324683569853462
2026-08-10,483,Raphaël,31.263993722204305,1.7057163357305047,26.14684471501279
2026-08-10,483,Julia,21.53453809836223,2.3136686461267586,14.593532159981955
2026-08-10,483,Armelle,24.708574016845432,2.048553022142288,18.562914950418566
2026-08-10,483,Jules,19.582599855483707,1.3393733119930007,15.564479919504706
2026-08-10,483,BenjaminC,27.195882244596994,1.834398344352813,21.692687211538555
2026-08-10,483,LaureS,27.745073543009518,2.2656100513241775,20.948243389036985
2026-08-10,483,Sabine,20.71229773071074,3.2648461601339074,10.917759250309018
2026-08-10,483,Loïc,18.697587181152937,1.4231690504152639,14.428080029907145
2026-08-10,483,JulieB,19.017856851050734,1.482458189992776,14.570482281072406
2026-08-10,483,ThéoM,22.041766721883896,1.4010627248364604,17.838578547374514
2026-08-10,483,EmmanuelP,21.20595513879044,1.7285699910234031,16.02024516572023
2026-08-10,483,BenjaminZ,24.400831659221645,1.9220151600101587,18.634786179191167
2026-08-10,483,Maximilien,22.112973266797283,3.7883218629285995,10.748007678011485
2026-08-10,483,PhilippeA,25.56053894871333,4.1927001351978666,12.98243854311973
2026-08-10,483,Nicolas,12.297240655569215,1.5510857419371311,7.643983429757822
2026-08-10,483,Vadim,22.376787873883288,3.2577249199635157,12.60361311399274
2026-08-11,484,NathV,18.863004472094005,3.351852403498437,8.807447261598695
2026-08-11,484,Lily,33.57080461523302,1.1796039926142896,30.031992637390154
2026-08-11,484,Roland,26.939461672304407,1.418106833149051,22.685141172857254
2026-08-11,484,Rémi,36.01051710628023,1.3011283326923202,32.107132108203274
2026-08-11,484,ManonV,14.129476875932944,1.6944820331021215,9.04603077662658
2026-08-11,484,Lilou,20.3981532389789,1.235884517992626,16.690499685001022
2026-08-11,484,Paul,21.141111951681403,1.272142793942647,17.324683569853462
2026-08-11,484,Raphaël,31.263993722204305,1.7057163357305047,26.14684471501279
2026-08-11,484,Julia,21.163905417714407,2.2750079723143943,14.338881500771224
2026-08-11,484,Armelle,24.708574016845432,2.048553022142288,18.562914950418566
2026-08-11,484,Jules,19.582599855483707,1.3393733119930007,15.564479919504706
2026-08-11,484,BenjaminC,27.195882244596994,1.834398344352813,21.692687211538555
2026-08-11,484,LaureS,27.745073543009518,2.2656100513241775,20.948243389036985
2026-08-11,484,Sabine,20.71229773071074,3.2648461601339074,10.917759250309018
2026-08-11,484,Loïc,18.697587181152937,1.4231690504152639,14.428080029907145
2026-08-11,484,JulieB,19.017856851050734,1.482458189992776,14.570482281072406
2026-08-11,484,ThéoM,21.905551009915275,1.3946401528341674,17.721630551412773
2026-08-11,484,EmmanuelP,21.20595513879044,1.7285699910234031,16.02024516572023
2026-08-11,484,BenjaminZ,24.65675365332283,1.90083991011385,18.95423392298128
2026-08-11,484,Maximilien,22.112973266797283,3.7883218629285995,10.748007678011485
2026-08-11,484,PhilippeA,25.56053894871333,4.1927001351978666,12.98243854311973
2026-08-11,484,Nicolas,12.297240655569215,1.5510857419371311,7.643983429757822
2026-08-11,484,Vadim,23.111117849518713,3.1458014205560074,13.673713587850692
2026-08-11,485,NathV,18.863004472094005,3.351852403498437,8.807447261598695
2026-08-11,485,Lily,33.63149857503493,1.1782282096177463,30.096813946181694
2026-08-11,485,Roland,26.939461672304407,1.418106833149051,22.685141172857254
2026-08-11,485,Rémi,36.01051710628023,1.3011283326923202,32.107132108203274
2026-08-11,485,ManonV,14.129476875932944,1.6944820331021215,9.04603077662658
2026-08-11,485,Lilou,20.3981532389789,1.235884517992626,16.690499685001022
2026-08-11,485,Paul,21.141111951681403,1.272142793942647,17.324683569853462
2026-08-11,485,Raphaël,31.263993722204305,1.7057163357305047,26.14684471501279
2026-08-11,485,Julia,21.163905417714407,2.2750079723143943,14.338881500771224
2026-08-11,485,Armelle,24.708574016845432,2.048553022142288,18.562914950418566
2026-08-11,485,Jules,19.582599855483707,1.3393733119930007,15.564479919504706
2026-08-11,485,BenjaminC,27.195882244596994,1.834398344352813,21.692687211538555
2026-08-11,485,LaureS,27.745073543009518,2.2656100513241775,20.948243389036985
2026-08-11,485,Sabine,21.175231900424528,3.173869052831439,11.65362474193021
2026-08-11,485,Loïc,18.697587181152937,1.4231690504152639,14.428080029907145
2026-08-11,485,JulieB,19.017856851050734,1.482458189992776,14.570482281072406
2026-08-11,485,ThéoM,21.820831564500498,1.3900053337927254,17.650815563122322
2026-08-11,485,EmmanuelP,21.20595513879044,1.7285699910234031,16.02024516572023
2026-08-11,485,BenjaminZ,24.499632040793742,1.8846374856304466,18.8457195839024
2026-08-11,485,Maximilien,22.112973266797283,3.7883218629285995,10.748007678011485
2026-08-11,485,PhilippeA,25.56053894871333,4.1927001351978666,12.98243854311973
2026-08-11,485,Nicolas,12.297240655569215,1.5510857419371311,7.643983429757822
2026-08-11,485,Vadim,23.111117849518713,3.1458014205560074,13.673713587850692
2026-08-11,486,NathV,18.863004472094005,3.351852403498437,8.807447261598695
2026-08-11,486,Lily,33.349065095458414,1.1736997186756748,29.82796593943139
2026-08-11,486,Roland,26.939461672304407,1.418106833149051,22.685141172857254
2026-08-11,486,Rémi,36.01051710628023,1.3011283326923202,32.107132108203274
2026-08-11,486,ManonV,14.129476875932944,1.6944820331021215,9.04603077662658
2026-08-11,486,Lilou,20.3981532389789,1.235884517992626,16.690499685001022
2026-08-11,486,Paul,21.141111951681403,1.272142793942647,17.324683569853462
2026-08-11,486,Raphaël,31.263993722204305,1.7057163357305047,26.14684471501279
2026-08-11,486,Julia,21.163905417714407,2.2750079723143943,14.338881500771224
2026-08-11,486,Armelle,24.708574016845432,2.048553022142288,18.562914950418566
2026-08-11,486,Jules,19.582599855483707,1.3393733119930007,15.564479919504706
2026-08-11,486,BenjaminC,27.195882244596994,1.834398344352813,21.692687211538555
2026-08-11,486,LaureS,27.745073543009518,2.2656100513241775,20.948243389036985
2026-08-11,486,Sabine,23.215877297867692,3.0268556819753076,14.13531025194177
2026-08-11,486,Loïc,18.697587181152937,1.4231690504152639,14.428080029907145
2026-08-11,486,JulieB,19.017856851050734,1.482458189992776,14.570482281072406
2026-08-11,486,ThéoM,21.820831564500498,1.3900053337927254,17.650815563122322
2026-08-11,486,EmmanuelP,21.20595513879044,1.7285699910234031,16.02024516572023
2026-08-11,486,BenjaminZ,23.779198077284235,1.8558873705735048,18.21153596556372
2026-08-11,486,Maximilien,22.112973266797283,3.7883218629285995,10.748007678011485
2026-08-11,486,PhilippeA,25.56053894871333,4.1927001351978666,12.98243854311973
2026-08-11,486,Nicolas,12.297240655569215,1.5510857419371311,7.643983429757822
2026-08-11,486,Vadim,25.11585530994668,3.002751810662849,16.107599877958137
2026-08-11,487,NathV,19.49445245986137,3.2450786783145684,9.759216424917666
2026-08-11,487,Lily,33.426832439074936,1.172060725400879,29.9106502628723
2026-08-11,487,Roland,26.939461672304407,1.418106833149051,22.685141172857254
2026-08-11,487,Rémi,36.01051710628023,1.3011283326923202,32.107132108203274
2026-08-11,487,ManonV,14.129476875932944,1.6944820331021215,9.04603077662658
2026-08-11,487,Lilou,20.3981532389789,1.235884517992626,16.690499685001022
2026-08-11,487,Paul,21.141111951681403,1.272142793942647,17.324683569853462
2026-08-11,487,Raphaël,31.263993722204305,1.7057163357305047,26.14684471501279
2026-08-11,487,Julia,21.163905417714407,2.2750079723143943,14.338881500771224
2026-08-11,487,Armelle,24.708574016845432,2.048553022142288,18.562914950418566
2026-08-11,487,Jules,19.582599855483707,1.3393733119930007,15.564479919504706
2026-08-11,487,BenjaminC,27.195882244596994,1.834398344352813,21.692687211538555
2026-08-11,487,LaureS,27.745073543009518,2.2656100513241775,20.948243389036985
2026-08-11,487,Sabine,22.70087171277202,2.948835586637418,13.854364952859767
2026-08-11,487,Loïc,18.697587181152937,1.4231690504152639,14.428080029907145
2026-08-11,487,JulieB,19.017856851050734,1.482458189992776,14.570482281072406
2026-08-11,487,ThéoM,21.820831564500498,1.3900053337927254,17.650815563122322
2026-08-11,487,EmmanuelP,21.20595513879044,1.7285699910234031,16.02024516572023
2026-08-11,487,BenjaminZ,23.585342889539955,1.839625072893146,18.06646767086052
2026-08-11,487,Maximilien,22.112973266797283,3.7883218629285995,10.748007678011485
2026-08-11,487,PhilippeA,25.56053894871333,4.1927001351978666,12.98243854311973
2026-08-11,487,Nicolas,12.297240655569215,1.5510857419371311,7.643983429757822
2026-08-11,487,Vadim,25.11585530994668,3.002751810662849,16.107599877958137
2026-08-11,488,NathV,19.26904019301336,3.1908713464184753,9.696426153757935
2026-08-11,488,Lily,33.456367027045424,1.1724172682738303,29.939115222223933
2026-08-11,488,Roland,26.939461672304407,1.418106833149051,22.685141172857254
2026-08-11,488,Rémi,36.01051710628023,1.3011283326923202,32.107132108203274
2026-08-11,488,ManonV,14.129476875932944,1.6944820331021215,9.04603077662658
2026-08-11,488,Lilou,20.3981532389789,1.235884517992626,16.690499685001022
2026-08-11,488,Paul,21.141111951681403,1.272142793942647,17.324683569853462
2026-08-11,488,Raphaël,31.263993722204305,1.7057163357305047,26.14684471501279
2026-08-11,488,Julia,21.163905417714407,2.2750079723143943,14.338881500771224
2026-08-11,488,Armelle,24.708574016845432,2.048553022142288,18.562914950418566
2026-08-11,488,Jules,19.582599855483707,1.3393733119930007,15.564479919504706
2026-08-11,488,BenjaminC,27.195882244596994,1.834398344352813,21.692687211538555
2026-08-11,488,LaureS,27.745073543009518,2.2656100513241775,20.948243389036985
2026-08-11,488,Sabine,22.887032665508123,2.9085882074713454,14.161268043094086
2026-08-11,488,Loïc,18.697587181152937,1.4231690504152639,14.428080029907145
2026-08-11,488,JulieB,19.017856851050734,1.482458189992776,14.570482281072406
2026-08-11,488,ThéoM,21.820831564500498,1.3900053337927254,17.650815563122322
2026-08-11,488,EmmanuelP,21.20595513879044,1.7285699910234031,16.02024516572023
2026-08-11,488,BenjaminZ,23.512800863216686,1.831478470116762,18.0183654528664
2026-08-11,488,Maximilien,22.112973266797283,3.7883218629285995,10.748007678011485
2026-08-11,488,PhilippeA,25.56053894871333,4.1927001351978666,12.98243854311973
2026-08-11,488,Nicolas,12.297240655569215,1.5510857419371311,7.643983429757822
2026-08-11,488,Vadim,25.11585530994668,3.002751810662849,16.107599877958137
2026-08-11,489,NathV,21.5223029292015,3.033951637407456,12.420448016979133
2026-08-11,489,Lily,33.15083965193195,1.1676557976885589,29.647872258866276
2026-08-11,489,Roland,26.939461672304407,1.418106833149051,22.685141172857254
2026-08-11,489,Rémi,36.01051710628023,1.3011283326923202,32.107132108203274
2026-08-11,489,ManonV,14.129476875932944,1.6944820331021215,9.04603077662658
2026-08-11,489,Lilou,20.3981532389789,1.235884517992626,16.690499685001022
2026-08-11,489,Paul,21.141111951681403,1.272142793942647,17.324683569853462
2026-08-11,489,Raphaël,31.263993722204305,1.7057163357305047,26.14684471501279
2026-08-11,489,Julia,21.163905417714407,2.2750079723143943,14.338881500771224
2026-08-11,489,Armelle,24.708574016845432,2.048553022142288,18.562914950418566
2026-08-11,489,Jules,19.582599855483707,1.3393733119930007,15.564479919504706
2026-08-11,489,BenjaminC,27.195882244596994,1.834398344352813,21.692687211538555
2026-08-11,489,LaureS,27.745073543009518,2.2656100513241775,20.948243389036985
2026-08-11,489,Sabine,21.014549314895007,2.7906056815389815,12.642732270278062
2026-08-11,489,Loïc,18.697587181152937,1.4231690504152639,14.428080029907145
2026-08-11,489,JulieB,19.017856851050734,1.482458189992776,14.570482281072406
2026-08-11,489,ThéoM,22.24966458548212,1.379647704178968,18.110721472945215
2026-08-11,489,EmmanuelP,21.20595513879044,1.7285699910234031,16.02024516572023
2026-08-11,489,BenjaminZ,23.512800863216686,1.831478470116762,18.0183654528664
2026-08-11,489,Maximilien,22.112973266797283,3.7883218629285995,10.748007678011485
2026-08-11,489,PhilippeA,25.56053894871333,4.1927001351978666,12.98243854311973
2026-08-11,489,Nicolas,12.297240655569215,1.5510857419371311,7.643983429757822
2026-08-11,489,Vadim,25.11585530994668,3.002751810662849,16.107599877958137
2026-08-11,490,NathV,21.23779118573571,2.976218368319921,12.309136080775946
2026-08-11,490,Lily,33.19316411613473,1.1672754552104605,29.69133775050335
2026-08-11,490,Roland,26.939461672304407,1.418106833149051,22.685141172857254
2026-08-11,490,Rémi,36.01051710628023,1.3011283326923202,32.107132108203274
2026-08-11,490,ManonV,14.129476875932944,1.6944820331021215,9.04603077662658
2026-08-11,490,Lilou,20.3981532389789,1.235884517992626,16.690499685001022
2026-08-11,490,Paul,21.141111951681403,1.272142793942647,17.324683569853462
2026-08-11,490,Raphaël,31.263993722204305,1.7057163357305047,26.14684471501279
2026-08-11,490,Julia,21.163905417714407,2.2750079723143943,14.338881500771224
2026-08-11,490,Armelle,24.708574016845432,2.048553022142288,18.562914950418566
2026-08-11,490,Jules,19.582599855483707,1.3393733119930007,15.564479919504706
2026-08-11,490,BenjaminC,27.195882244596994,1.834398344352813,21.692687211538555
2026-08-11,490,LaureS,27.745073543009518,2.2656100513241775,20.948243389036985
2026-08-11,490,Sabine,21.255284418449225,2.7460935784619886,13.017003683063258
2026-08-11,490,Loïc,18.697587181152937,1.4231690504152639,14.428080029907145
2026-08-11,490,JulieB,19.017856851050734,1.482458189992776,14.570482281072406
2026-08-11,490,ThéoM,22.190661684591003,1.3766446385431068,18.060727768961684
2026-08-11,490,EmmanuelP,21.20595513879044,1.7285699910234031,16.02024516572023
2026-08-11,490,BenjaminZ,23.512800863216686,1.831478470116762,18.0183654528664
2026-08-11,490,Maximilien,22.112973266797283,3.7883218629285995,10.748007678011485
2026-08-11,490,PhilippeA,25.56053894871333,4.1927001351978666,12.98243854311973
2026-08-11,490,Nicolas,12.297240655569215,1.5510857419371311,7.643983429757822
2026-08-11,490,Vadim,25.11585530994668,3.002751810662849,16.107599877958137
2026-08-12,491,NathV,21.23779118573571,2.976218368319921,12.309136080775946
2026-08-12,491,Lily,33.209448181708396,1.1684322863828804,29.704151322559753
2026-08-12,491,Roland,26.939461672304407,1.418106833149051,22.685141172857254
2026-08-12,491,Rémi,36.01051710628023,1.3011283326923202,32.107132108203274
2026-08-12,491,ManonV,14.095252831463874,1.69099810785793,9.022258507890085
2026-08-12,491,Lilou,20.3981532389789,1.235884517992626,16.690499685001022
2026-08-12,491,Paul,21.141111951681403,1.272142793942647,17.324683569853462
2026-08-12,491,Raphaël,31.263993722204305,1.7057163357305047,26.14684471501279
2026-08-12,491,Julia,21.163905417714407,2.2750079723143943,14.338881500771224
2026-08-12,491,Armelle,24.708574016845432,2.048553022142288,18.562914950418566
2026-08-12,491,Jules,19.582599855483707,1.3393733119930007,15.564479919504706
2026-08-12,491,BenjaminC,27.195882244596994,1.834398344352813,21.692687211538555
2026-08-12,491,LaureS,27.745073543009518,2.2656100513241775,20.948243389036985
2026-08-12,491,Sabine,21.255284418449225,2.7460935784619886,13.017003683063258
2026-08-12,491,Loïc,18.697587181152937,1.4231690504152639,14.428080029907145
2026-08-12,491,JulieB,19.017856851050734,1.482458189992776,14.570482281072406
2026-08-12,491,ThéoM,22.21327896914107,1.3761943300208423,18.084695979078543
2026-08-12,491,EmmanuelP,21.20595513879044,1.7285699910234031,16.02024516572023
2026-08-12,491,BenjaminZ,23.512800863216686,1.831478470116762,18.0183654528664
2026-08-12,491,Maximilien,22.112973266797283,3.7883218629285995,10.748007678011485
2026-08-12,491,PhilippeA,25.56053894871333,4.1927001351978666,12.98243854311973
2026-08-12,491,Nicolas,12.297240655569215,1.5510857419371311,7.643983429757822
2026-08-12,491,Vadim,25.008559808004048,2.973092505426702,16.08928229172394
2026-08-12,492,NathV,21.23779118573571,2.976218368319921,12.309136080775946
2026-08-12,492,Lily,33.21402691459083,1.1707284171342824,29.701841663187984
2026-08-12,492,Roland,26.939461672304407,1.418106833149051,22.685141172857254
2026-08-12,492,Rémi,36.01051710628023,1.3011283326923202,32.107132108203274
2026-08-12,492,ManonV,14.085688064494134,1.691021299659387,9.012624165515973
2026-08-12,492,Lilou,20.3981532389789,1.235884517992626,16.690499685001022
2026-08-12,492,Paul,21.141111951681403,1.272142793942647,17.324683569853462
2026-08-12,492,Raphaël,31.263993722204305,1.7057163357305047,26.14684471501279
2026-08-12,492,Julia,21.163905417714407,2.2750079723143943,14.338881500771224
2026-08-12,492,Armelle,24.708574016845432,2.048553022142288,18.562914950418566
2026-08-12,492,Jules,19.582599855483707,1.3393733119930007,15.564479919504706
2026-08-12,492,BenjaminC,27.195882244596994,1.834398344352813,21.692687211538555
2026-08-12,492,LaureS,27.745073543009518,2.2656100513241775,20.948243389036985
2026-08-12,492,Sabine,21.255284418449225,2.7460935784619886,13.017003683063258
2026-08-12,492,Loïc,18.697587181152937,1.4231690504152639,14.428080029907145
2026-08-12,492,JulieB,19.017856851050734,1.482458189992776,14.570482281072406
2026-08-12,492,ThéoM,22.20693612899993,1.3776196358808483,18.074077221357385
2026-08-12,492,EmmanuelP,21.20595513879044,1.7285699910234031,16.02024516572023
2026-08-12,492,BenjaminZ,23.512800863216686,1.831478470116762,18.0183654528664
2026-08-12,492,Maximilien,22.112973266797283,3.7883218629285995,10.748007678011485
2026-08-12,492,PhilippeA,25.56053894871333,4.1927001351978666,12.98243854311973
2026-08-12,492,Nicolas,12.297240655569215,1.5510857419371311,7.643983429757822
2026-08-12,492,Vadim,25.038078194852503,2.96324636974169,16.148339085627434
2026-08-12,493,NathV,21.23779118573571,2.976218368319921,12.309136080775946
2026-08-12,493,Lily,33.08269145187172,1.1673315726770022,29.58069673384071
2026-08-12,493,Roland,26.939461672304407,1.418106833149051,22.685141172857254
2026-08-12,493,Rémi,36.01051710628023,1.3011283326923202,32.107132108203274
2026-08-12,493,ManonV,13.81239641083355,1.6739291922206618,8.790608834171564
2026-08-12,493,Lilou,20.3981532389789,1.235884517992626,16.690499685001022
2026-08-12,493,Paul,21.141111951681403,1.272142793942647,17.324683569853462
2026-08-12,493,Raphaël,31.263993722204305,1.7057163357305047,26.14684471501279
2026-08-12,493,Julia,21.163905417714407,2.2750079723143943,14.338881500771224
2026-08-12,493,Armelle,24.708574016845432,2.048553022142288,18.562914950418566
2026-08-12,493,Jules,19.582599855483707,1.3393733119930007,15.564479919504706
2026-08-12,493,BenjaminC,27.195882244596994,1.834398344352813,21.692687211538555
2026-08-12,493,LaureS,27.745073543009518,2.2656100513241775,20.948243389036985
2026-08-12,493,Sabine,21.255284418449225,2.7460935784619886,13.017003683063258
2026-08-12,493,Loïc,18.697587181152937,1.4231690504152639,14.428080029907145
2026-08-12,493,JulieB,19.017856851050734,1.482458189992776,14.570482281072406
2026-08-12,493,ThéoM,22.3885377397284,1.3697876455627498,18.27917480304015
2026-08-12,493,EmmanuelP,21.20595513879044,1.7285699910234031,16.02024516572023
2026-08-12,493,BenjaminZ,23.512800863216686,1.831478470116762,18.0183654528664
2026-08-12,493,Maximilien,22.112973266797283,3.7883218629285995,10.748007678011485
2026-08-12,493,PhilippeA,25.56053894871333,4.1927001351978666,12.98243854311973
2026-08-12,493,Nicolas,12.297240655569215,1.5510857419371311,7.643983429757822
2026-08-12,493,Vadim,25.875903857059832,2.860413508262333,17.294663332272833
2026-08-12,494,NathV,21.23779118573571,2.976218368319921,12.309136080775946
2026-08-12,494,Lily,33.22840223349517,1.1636743091467274,29.737379306054983
2026-08-12,494,Roland,26.939461672304407,1.418106833149051,22.685141172857254
2026-08-12,494,Rémi,36.01051710628023,1.3011283326923202,32.107132108203274
2026-08-12,494,ManonV,14.111240554889454,1.6564760630217197,9.141812365824295
2026-08-12,494,Lilou,20.3981532389789,1.235884517992626,16.690499685001022
2026-08-12,494,Paul,21.141111951681403,1.272142793942647,17.324683569853462
2026-08-12,494,Raphaël,31.263993722204305,1.7057163357305047,26.14684471501279
2026-08-12,494,Julia,21.163905417714407,2.2750079723143943,14.338881500771224
2026-08-12,494,Armelle,24.708574016845432,2.048553022142288,18.562914950418566
2026-08-12,494,Jules,19.582599855483707,1.3393733119930007,15.564479919504706
2026-08-12,494,BenjaminC,27.195882244596994,1.834398344352813,21.692687211538555
2026-08-12,494,LaureS,27.745073543009518,2.2656100513241775,20.948243389036985
2026-08-12,494,Sabine,21.255284418449225,2.7460935784619886,13.017003683063258
2026-08-12,494,Loïc,18.697587181152937,1.4231690504152639,14.428080029907145
2026-08-12,494,JulieB,19.017856851050734,1.482458189992776,14.570482281072406
2026-08-12,494,ThéoM,22.18817984006899,1.3616217896171874,18.103314471217427
2026-08-12,494,EmmanuelP,21.20595513879044,1.7285699910234031,16.02024516572023
2026-08-12,494,BenjaminZ,23.512800863216686,1.831478470116762,18.0183654528664
2026-08-12,494,Maximilien,22.112973266797283,3.7883218629285995,10.748007678011485
2026-08-12,494,PhilippeA,25.56053894871333,4.1927001351978666,12.98243854311973
2026-08-12,494,Nicolas,12.297240655569215,1.5510857419371311,7.643983429757822
2026-08-12,494,Vadim,25.004696224540012,2.763312150873985,16.714759771918057
2026-08-13,495,NathV,21.23779118573571,2.976218368319921,12.309136080775946
2026-08-13,495,Lily,33.237628787481476,1.1654958724174957,29.74114117022899
2026-08-13,495,Roland,26.939461672304407,1.418106833149051,22.685141172857254
2026-08-13,495,Rémi,36.01051710628023,1.3011283326923202,32.107132108203274
2026-08-13,495,ManonV,14.092592943758955,1.6552406228846994,9.126871075104857
2026-08-13,495,Lilou,20.3981532389789,1.235884517992626,16.690499685001022
2026-08-13,495,Paul,21.141111951681403,1.272142793942647,17.324683569853462
2026-08-13,495,Raphaël,31.263993722204305,1.7057163357305047,26.14684471501279
2026-08-13,495,Julia,21.19903745195572,2.267914134422999,14.395295048686723
2026-08-13,495,Armelle,24.708574016845432,2.048553022142288,18.562914950418566
2026-08-13,495,Jules,19.582599855483707,1.3393733119930007,15.564479919504706
2026-08-13,495,BenjaminC,27.195882244596994,1.834398344352813,21.692687211538555
2026-08-13,495,LaureS,27.745073543009518,2.2656100513241775,20.948243389036985
2026-08-13,495,Sabine,21.20411793792052,2.732194670597515,13.007533926127973
2026-08-13,495,Loïc,18.697587181152937,1.4231690504152639,14.428080029907145
2026-08-13,495,JulieB,19.017856851050734,1.482458189992776,14.570482281072406
2026-08-13,495,ThéoM,22.18817984006899,1.3616217896171874,18.103314471217427
2026-08-13,495,EmmanuelP,21.20595513879044,1.7285699910234031,16.02024516572023
2026-08-13,495,BenjaminZ,23.512800863216686,1.831478470116762,18.0183654528664
2026-08-13,495,Maximilien,22.112973266797283,3.7883218629285995,10.748007678011485
2026-08-13,495,PhilippeA,25.56053894871333,4.1927001351978666,12.98243854311973
2026-08-13,495,Nicolas,12.297240655569215,1.5510857419371311,7.643983429757822
2026-08-13,495,Vadim,25.004696224540012,2.763312150873985,16.714759771918057
2026-08-13,496,NathV,21.23779118573571,2.976218368319921,12.309136080775946
2026-08-13,496,Lily,33.318846923900445,1.1635017408879162,29.828341701236695
2026-08-13,496,Roland,26.939461672304407,1.418106833149051,22.685141172857254
2026-08-13,496,Rémi,36.01051710628023,1.3011283326923202,32.107132108203274
2026-08-13,496,ManonV,14.255987886973138,1.6431257110196409,9.326610753914215
2026-08-13,496,Lilou,20.3981532389789,1.235884517992626,16.690499685001022
2026-08-13,496,Paul,21.141111951681403,1.272142793942647,17.324683569853462
2026-08-13,496,Raphaël,31.263993722204305,1.7057163357305047,26.14684471501279
2026-08-13,496,Julia,20.892660465488532,2.2328166586260445,14.194210489610398
2026-08-13,496,Armelle,24.708574016845432,2.048553022142288,18.562914950418566
2026-08-13,496,Jules,19.582599855483707,1.3393733119930007,15.564479919504706
2026-08-13,496,BenjaminC,27.195882244596994,1.834398344352813,21.692687211538555
2026-08-13,496,LaureS,27.745073543009518,2.2656100513241775,20.948243389036985
2026-08-13,496,Sabine,20.75964629095266,2.6692246481635946,12.751972346461876
2026-08-13,496,Loïc,18.697587181152937,1.4231690504152639,14.428080029907145
2026-08-13,496,JulieB,19.017856851050734,1.482458189992776,14.570482281072406
2026-08-13,496,ThéoM,22.18817984006899,1.3616217896171874,18.103314471217427
2026-08-13,496,EmmanuelP,21.20595513879044,1.7285699910234031,16.02024516572023
2026-08-13,496,BenjaminZ,23.512800863216686,1.831478470116762,18.0183654528664
2026-08-13,496,Maximilien,22.112973266797283,3.7883218629285995,10.748007678011485
2026-08-13,496,PhilippeA,25.56053894871333,4.1927001351978666,12.98243854311973
2026-08-13,496,Nicolas,12.297240655569215,1.5510857419371311,7.643983429757822
2026-08-13,496,Vadim,25.004696224540012,2.763312150873985,16.714759771918057
2026-08-13,497,NathV,21.23779118573571,2.976218368319921,12.309136080775946
2026-08-13,497,Lily,33.32816185725008,1.1653099309767008,29.832232064319978
2026-08-13,497,Roland,26.939461672304407,1.418106833149051,22.685141172857254
2026-08-13,497,Rémi,36.01051710628023,1.3011283326923202,32.107132108203274
2026-08-13,497,ManonV,14.2374576603524,1.6419467568131598,9.31161738991292
2026-08-13,497,Lilou,20.3981532389789,1.235884517992626,16.690499685001022
2026-08-13,497,Paul,21.141111951681403,1.272142793942647,17.324683569853462
2026-08-13,497,Raphaël,31.263993722204305,1.7057163357305047,26.14684471501279
2026-08-13,497,Julia,20.858483447764232,2.2261213410232417,14.180119424694507
2026-08-13,497,Armelle,24.708574016845432,2.048553022142288,18.562914950418566
2026-08-13,497,Jules,19.582599855483707,1.3393733119930007,15.564479919504706
2026-08-13,497,BenjaminC,27.195882244596994,1.834398344352813,21.692687211538555
2026-08-13,497,LaureS,27.745073543009518,2.2656100513241775,20.948243389036985
2026-08-13,497,Sabine,20.80846843667685,2.6564285138444257,12.839182895143573
2026-08-13,497,Loïc,18.697587181152937,1.4231690504152639,14.428080029907145
2026-08-13,497,JulieB,19.017856851050734,1.482458189992776,14.570482281072406
2026-08-13,497,ThéoM,22.18817984006899,1.3616217896171874,18.103314471217427
2026-08-13,497,EmmanuelP,21.20595513879044,1.7285699910234031,16.02024516572023
2026-08-13,497,BenjaminZ,23.512800863216686,1.831478470116762,18.0183654528664
2026-08-13,497,Maximilien,22.112973266797283,3.7883218629285995,10.748007678011485
2026-08-13,497,PhilippeA,25.56053894871333,4.1927001351978666,12.98243854311973
2026-08-13,497,Nicolas,12.297240655569215,1.5510857419371311,7.643983429757822
2026-08-13,497,Vadim,25.004696224540012,2.763312150873985,16.714759771918057
2026-08-13,498,NathV,21.23779118573571,2.976218368319921,12.309136080775946
2026-08-13,498,Lily,33.33726922944713,1.1671306222076532,29.83587736282417
2026-08-13,498,Roland,26.939461672304407,1.418106833149051,22.685141172857254
2026-08-13,498,Rémi,36.01051710628023,1.3011283326923202,32.107132108203274
2026-08-13,498,ManonV,14.219422073605722,1.6408393193169983,9.296904115654726
2026-08-13,498,Lilou,20.3981532389789,1.235884517992626,16.690499685001022
2026-08-13,498,Paul,21.141111951681403,1.272142793942647,17.324683569853462
2026-08-13,498,Raphaël,31.263993722204305,1.7057163357305047,26.14684471501279
2026-08-13,498,Julia,20.825370280075067,2.219661507610435,14.166385757243763
2026-08-13,498,Armelle,24.708574016845432,2.048553022142288,18.562914950418566
2026-08-13,498,Jules,19.582599855483707,1.3393733119930007,15.564479919504706
2026-08-13,498,BenjaminC,27.195882244596994,1.834398344352813,21.692687211538555
2026-08-13,498,LaureS,27.745073543009518,2.2656100513241775,20.948243389036985
2026-08-13,498,Sabine,20.855600705576286,2.644107301347567,12.923278801533586
2026-08-13,498,Loïc,18.697587181152937,1.4231690504152639,14.428080029907145
2026-08-13,498,JulieB,19.017856851050734,1.482458189992776,14.570482281072406
2026-08-13,498,ThéoM,22.18817984006899,1.3616217896171874,18.103314471217427
2026-08-13,498,EmmanuelP,21.20595513879044,1.7285699910234031,16.02024516572023
2026-08-13,498,BenjaminZ,23.512800863216686,1.831478470116762,18.0183654528664
2026-08-13,498,Maximilien,22.112973266797283,3.7883218629285995,10.748007678011485
2026-08-13,498,PhilippeA,25.56053894871333,4.1927001351978666,12.98243854311973
2026-08-13,498,Nicolas,12.297240655569215,1.5510857419371311,7.643983429757822
2026-08-13,498,Vadim,25.004696224540012,2.763312150873985,16.714759771918057
2026-08-13,499,NathV,21.23779118573571,2.976218368319921,12.309136080775946
2026-08-13,499,Lily,33.14057618656853,1.1628711565931729,29.65196271678901
2026-08-13,499,Roland,26.939461672304407,1.418106833149051,22.685141172857254
2026-08-13,499,Rémi,36.01051710628023,1.3011283326923202,32.107132108203274
2026-08-13,499,ManonV,13.831635721386785,1.6228768956507347,8.96300503443458
2026-08-13,499,Lilou,20.3981532389789,1.235884517992626,16.690499685001022
2026-08-13,499,Paul,21.141111951681403,1.272142793942647,17.324683569853462
2026-08-13,499,Raphaël,31.263993722204305,1.7057163357305047,26.14684471501279
2026-08-13,499,Julia,21.53417544888684,2.1713545426719363,15.020111820871033
2026-08-13,499,Armelle,24.708574016845432,2.048553022142288,18.562914950418566
2026-08-13,499,Jules,19.582599855483707,1.3393733119930007,15.564479919504706
2026-08-13,499,BenjaminC,27.195882244596994,1.834398344352813,21.692687211538555
2026-08-13,499,LaureS,27.745073543009518,2.2656100513241775,20.948243389036985
2026-08-13,499,Sabine,21.860982436231144,2.5607649188462713,14.17868767969233
2026-08-13,499,Loïc,18.697587181152937,1.4231690504152639,14.428080029907145
2026-08-13,499,JulieB,19.017856851050734,1.482458189992776,14.570482281072406
2026-08-13,499,ThéoM,22.18817984006899,1.3616217896171874,18.103314471217427
2026-08-13,499,EmmanuelP,21.20595513879044,1.7285699910234031,16.02024516572023
2026-08-13,499,BenjaminZ,23.512800863216686,1.831478470116762,18.0183654528664
2026-08-13,499,Maximilien,22.112973266797283,3.7883218629285995,10.748007678011485
2026-08-13,499,PhilippeA,25.56053894871333,4.1927001351978666,12.98243854311973
2026-08-13,499,Nicolas,12.297240655569215,1.5510857419371311,7.643983429757822
2026-08-13,499,Vadim,25.004696224540012,2.763312150873985,16.714759771918057
2026-08-14,500,NathV,21.23779118573571,2.976218368319921,12.309136080775946
2026-08-14,500,Lily,33.14057618656853,1.1628711565931729,29.65196271678901
2026-08-14,500,Roland,26.693679490661726,1.4081520126133462,22.469223452821687
2026-08-14,500,Rémi,36.01051710628023,1.3011283326923202,32.107132108203274
2026-08-14,500,ManonV,13.831635721386785,1.6228768956507347,8.96300503443458
2026-08-14,500,Lilou,20.3981532389789,1.235884517992626,16.690499685001022
2026-08-14,500,Paul,21.141111951681403,1.272142793942647,17.324683569853462
2026-08-14,500,Raphaël,31.263993722204305,1.7057163357305047,26.14684471501279
2026-08-14,500,Julia,21.53417544888684,2.1713545426719363,15.020111820871033
2026-08-14,500,Armelle,24.708574016845432,2.048553022142288,18.562914950418566
2026-08-14,500,Jules,19.582599855483707,1.3393733119930007,15.564479919504706
2026-08-14,500,BenjaminC,27.195882244596994,1.834398344352813,21.692687211538555
2026-08-14,500,LaureS,27.745073543009518,2.2656100513241775,20.948243389036985
2026-08-14,500,Sabine,21.860982436231144,2.5607649188462713,14.17868767969233
2026-08-14,500,Loïc,18.697587181152937,1.4231690504152639,14.428080029907145
2026-08-14,500,JulieB,19.017856851050734,1.482458189992776,14.570482281072406
2026-08-14,500,ThéoM,22.414838351425733,1.3531908560258201,18.355265783348273
2026-08-14,500,EmmanuelP,21.20595513879044,1.7285699910234031,16.02024516572023
2026-08-14,500,BenjaminZ,23.1034108844685,1.8066357350786317,17.683503679232604
2026-08-14,500,Maximilien,22.112973266797283,3.7883218629285995,10.748007678011485
2026-08-14,500,PhilippeA,25.56053894871333,4.1927001351978666,12.98243854311973
2026-08-14,500,Nicolas,12.297240655569215,1.5510857419371311,7.643983429757822
2026-08-14,500,Vadim,25.935568428752646,2.672012328007724,17.919531444729472
2026-08-14,501,NathV,21.23779118573571,2.976218368319921,12.309136080775946
2026-08-14,501,Lily,33.14057618656853,1.1628711565931729,29.65196271678901
2026-08-14,501,Roland,26.693679490661726,1.4081520126133462,22.469223452821687
2026-08-14,501,Rémi,36.01051710628023,1.3011283326923202,32.107132108203274
2026-08-14,501,ManonV,13.751535243503833,1.6165424377598123,8.901907930224397
2026-08-14,501,Lilou,20.44469536194568,1.2349423388770424,16.73986834531455
2026-08-14,501,Paul,21.141111951681403,1.272142793942647,17.324683569853462
2026-08-14,501,Raphaël,31.263993722204305,1.7057163357305047,26.14684471501279
2026-08-14,501,Julia,21.390949723892255,2.152653100462414,14.932990422505014
2026-08-14,501,Armelle,24.708574016845432,2.048553022142288,18.562914950418566
2026-08-14,501,Jules,19.582599855483707,1.3393733119930007,15.564479919504706
2026-08-14,501,BenjaminC,27.195882244596994,1.834398344352813,21.692687211538555
2026-08-14,501,LaureS,27.745073543009518,2.2656100513241775,20.948243389036985
2026-08-14,501,Sabine,21.860982436231144,2.5607649188462713,14.17868767969233
2026-08-14,501,Loïc,18.697587181152937,1.4231690504152639,14.428080029907145
2026-08-14,501,JulieB,19.017856851050734,1.482458189992776,14.570482281072406
2026-08-14,501,ThéoM,22.414838351425733,1.3531908560258201,18.355265783348273
2026-08-14,501,EmmanuelP,21.20595513879044,1.7285699910234031,16.02024516572023
2026-08-14,501,BenjaminZ,23.1034108844685,1.8066357350786317,17.683503679232604
2026-08-14,501,Maximilien,22.112973266797283,3.7883218629285995,10.748007678011485
2026-08-14,501,PhilippeA,26.093971456617396,4.045694746757861,13.956887216343812
2026-08-14,501,Nicolas,12.297240655569215,1.5510857419371311,7.643983429757822
2026-08-14,501,Vadim,25.935568428752646,2.672012328007724,17.919531444729472
2026-08-14,502,NathV,21.23779118573571,2.976218368319921,12.309136080775946
2026-08-14,502,Lily,33.14057618656853,1.1628711565931729,29.65196271678901
2026-08-14,502,Roland,26.693679490661726,1.4081520126133462,22.469223452821687
2026-08-14,502,Rémi,36.01051710628023,1.3011283326923202,32.107132108203274
2026-08-14,502,ManonV,13.751535243503833,1.6165424377598123,8.901907930224397
2026-08-14,502,Lilou,20.267425030481505,1.229726885279585,16.57824437464275
2026-08-14,502,Paul,21.141111951681403,1.272142793942647,17.324683569853462
2026-08-14,502,Raphaël,31.263993722204305,1.7057163357305047,26.14684471501279
2026-08-14,502,Julia,21.927942051335098,2.1116774044707647,15.592909837922804
2026-08-14,502,Armelle,24.708574016845432,2.048553022142288,18.562914950418566
2026-08-14,502,Jules,19.582599855483707,1.3393733119930007,15.564479919504706
2026-08-14,502,BenjaminC,27.195882244596994,1.834398344352813,21.692687211538555
2026-08-14,502,LaureS,27.745073543009518,2.2656100513241775,20.948243389036985
2026-08-14,502,Sabine,21.860982436231144,2.5607649188462713,14.17868767969233
2026-08-14,502,Loïc,18.697587181152937,1.4231690504152639,14.428080029907145
2026-08-14,502,JulieB,19.017856851050734,1.482458189992776,14.570482281072406
2026-08-14,502,ThéoM,22.62752080530007,1.3452029175213684,18.591912052735964
2026-08-14,502,EmmanuelP,21.20595513879044,1.7285699910234031,16.02024516572023
2026-08-14,502,BenjaminZ,23.1034108844685,1.8066357350786317,17.683503679232604
2026-08-14,502,Maximilien,22.112973266797283,3.7883218629285995,10.748007678011485
2026-08-14,502,PhilippeA,26.093971456617396,4.045694746757861,13.956887216343812
2026-08-14,502,Nicolas,12.297240655569215,1.5510857419371311,7.643983429757822
2026-08-14,502,Vadim,25.10863840440461,2.5914794428170267,17.33420007595353
2026-08-14,503,NathV,21.23779118573571,2.976218368319921,12.309136080775946
2026-08-14,503,Lily,33.14057618656853,1.1628711565931729,29.65196271678901
2026-08-14,503,Roland,26.617766897639733,1.404155474202336,22.405300475032725
2026-08-14,503,Rémi,36.01051710628023,1.3011283326923202,32.107132108203274
2026-08-14,503,ManonV,13.651575938821303,1.60892049087783,8.824814466187814
2026-08-14,503,Lilou,20.267425030481505,1.229726885279585,16.57824437464275
2026-08-14,503,Paul,21.141111951681403,1.272142793942647,17.324683569853462
2026-08-14,503,Raphaël,31.263993722204305,1.7057163357305047,26.14684471501279
2026-08-14,503,Julia,21.927942051335098,2.1116774044707647,15.592909837922804
2026-08-14,503,Armelle,24.708574016845432,2.048553022142288,18.562914950418566
2026-08-14,503,Jules,19.582599855483707,1.3393733119930007,15.564479919504706
2026-08-14,503,BenjaminC,27.195882244596994,1.834398344352813,21.692687211538555
2026-08-14,503,LaureS,27.745073543009518,2.2656100513241775,20.948243389036985
2026-08-14,503,Sabine,21.860982436231144,2.5607649188462713,14.17868767969233
2026-08-14,503,Loïc,18.697587181152937,1.4231690504152639,14.428080029907145
2026-08-14,503,JulieB,19.017856851050734,1.482458189992776,14.570482281072406
2026-08-14,503,ThéoM,22.62752080530007,1.3452029175213684,18.591912052735964
2026-08-14,503,EmmanuelP,21.20595513879044,1.7285699910234031,16.02024516572023
2026-08-14,503,BenjaminZ,23.228195387889045,1.7949214966526175,17.843430897931192
2026-08-14,503,Maximilien,22.112973266797283,3.7883218629285995,10.748007678011485
2026-08-14,503,PhilippeA,26.718664790558716,3.8914270962390596,15.044383501841537
2026-08-14,503,Nicolas,12.297240655569215,1.5510857419371311,7.643983429757822
2026-08-14,503,Vadim,25.10863840440461,2.5914794428170267,17.33420007595353
2026-08-14,504,NathV,21.23779118573571,2.976218368319921,12.309136080775946
2026-08-14,504,Lily,33.191498243379094,1.1616779662027572,29.706464344770822
2026-08-14,504,Roland,26.54364005091851,1.3992869796044194,22.345779112105248
2026-08-14,504,Rémi,36.01051710628023,1.3011283326923202,32.107132108203274
2026-08-14,504,ManonV,13.651575938821303,1.60892049087783,8.824814466187814
2026-08-14,504,Lilou,20.210510218425892,1.2276125812334189,16.527672474725634
2026-08-14,504,Paul,21.141111951681403,1.272142793942647,17.324683569853462
2026-08-14,504,Raphaël,31.263993722204305,1.7057163357305047,26.14684471501279
2026-08-14,504,Julia,21.927942051335098,2.1116774044707647,15.592909837922804
2026-08-14,504,Armelle,24.708574016845432,2.048553022142288,18.562914950418566
2026-08-14,504,Jules,19.582599855483707,1.3393733119930007,15.564479919504706
2026-08-14,504,BenjaminC,27.195882244596994,1.834398344352813,21.692687211538555
2026-08-14,504,LaureS,27.745073543009518,2.2656100513241775,20.948243389036985
2026-08-14,504,Sabine,21.860982436231144,2.5607649188462713,14.17868767969233
2026-08-14,504,Loïc,18.697587181152937,1.4231690504152639,14.428080029907145
2026-08-14,504,JulieB,19.017856851050734,1.482458189992776,14.570482281072406
2026-08-14,504,ThéoM,22.69557536667745,1.3413269579444342,18.671594492844147
2026-08-14,504,EmmanuelP,21.20595513879044,1.7285699910234031,16.02024516572023
2026-08-14,504,BenjaminZ,23.228195387889045,1.7949214966526175,17.843430897931192
2026-08-14,504,Maximilien,22.112973266797283,3.7883218629285995,10.748007678011485
2026-08-14,504,PhilippeA,26.718664790558716,3.8914270962390596,15.044383501841537
2026-08-14,504,Nicolas,12.297240655569215,1.5510857419371311,7.643983429757822
2026-08-14,504,Vadim,25.10863840440461,2.5914794428170267,17.33420007595353
2026-08-14,505,NathV,21.23779118573571,2.976218368319921,12.309136080775946
2026-08-14,505,Lily,33.002869006560395,1.156883493393511,29.53221852637986
2026-08-14,505,Roland,26.816889657568932,1.3881818162570896,22.652344208797665
2026-08-14,505,Rémi,36.01051710628023,1.3011283326923202,32.107132108203274
2026-08-14,505,ManonV,13.651575938821303,1.60892049087783,8.824814466187814
2026-08-14,505,Lilou,19.999973582822438,1.221260665368771,16.336191586716126
2026-08-14,505,Paul,21.141111951681403,1.272142793942647,17.324683569853462
2026-08-14,505,Raphaël,31.263993722204305,1.7057163357305047,26.14684471501279
2026-08-14,505,Julia,21.927942051335098,2.1116774044707647,15.592909837922804
2026-08-14,505,Armelle,24.708574016845432,2.048553022142288,18.562914950418566
2026-08-14,505,Jules,19.582599855483707,1.3393733119930007,15.564479919504706
2026-08-14,505,BenjaminC,27.195882244596994,1.834398344352813,21.692687211538555
2026-08-14,505,LaureS,27.745073543009518,2.2656100513241775,20.948243389036985
2026-08-14,505,Sabine,21.860982436231144,2.5607649188462713,14.17868767969233
2026-08-14,505,Loïc,18.697587181152937,1.4231690504152639,14.428080029907145
2026-08-14,505,JulieB,19.017856851050734,1.482458189992776,14.570482281072406
2026-08-14,505,ThéoM,22.946735529807253,1.3319469393105317,18.95089471187566
2026-08-14,505,EmmanuelP,21.20595513879044,1.7285699910234031,16.02024516572023
2026-08-14,505,BenjaminZ,23.228195387889045,1.7949214966526175,17.843430897931192
2026-08-14,505,Maximilien,22.112973266797283,3.7883218629285995,10.748007678011485
2026-08-14,505,PhilippeA,26.718664790558716,3.8914270962390596,15.044383501841537
2026-08-14,505,Nicolas,12.297240655569215,1.5510857419371311,7.643983429757822
2026-08-14,505,Vadim,25.10863840440461,2.5914794428170267,17.33420007595353
2026-08-14,506,NathV,21.23779118573571,2.976218368319921,12.309136080775946
2026-08-14,506,Lily,32.545696097359446,1.1507131545796523,29.09355663362049
2026-08-14,506,Roland,26.159672966101546,1.3748513494664691,22.03511891770214
2026-08-14,506,Rémi,36.01051710628023,1.3011283326923202,32.107132108203274
2026-08-14,506,ManonV,14.533611955899811,1.5864172506609713,9.774360203916897
2026-08-14,506,Lilou,19.999973582822438,1.221260665368771,16.336191586716126
2026-08-14,506,Paul,21.141111951681403,1.272142793942647,17.324683569853462
2026-08-14,506,Raphaël,31.263993722204305,1.7057163357305047,26.14684471501279
2026-08-14,506,Julia,21.927942051335098,2.1116774044707647,15.592909837922804
2026-08-14,506,Armelle,24.708574016845432,2.048553022142288,18.562914950418566
2026-08-14,506,Jules,19.582599855483707,1.3393733119930007,15.564479919504706
2026-08-14,506,BenjaminC,27.195882244596994,1.834398344352813,21.692687211538555
2026-08-14,506,LaureS,27.745073543009518,2.2656100513241775,20.948243389036985
2026-08-14,506,Sabine,21.860982436231144,2.5607649188462713,14.17868767969233
2026-08-14,506,Loïc,18.697587181152937,1.4231690504152639,14.428080029907145
2026-08-14,506,JulieB,19.017856851050734,1.482458189992776,14.570482281072406
2026-08-14,506,ThéoM,22.946735529807253,1.3319469393105317,18.95089471187566
2026-08-14,506,EmmanuelP,21.20595513879044,1.7285699910234031,16.02024516572023
2026-08-14,506,BenjaminZ,24.325379906625514,1.7625775888062158,19.037647140206865
2026-08-14,506,Maximilien,22.112973266797283,3.7883218629285995,10.748007678011485
2026-08-14,506,PhilippeA,26.718664790558716,3.8914270962390596,15.044383501841537
2026-08-14,506,Nicolas,12.297240655569215,1.5510857419371311,7.643983429757822
2026-08-14,506,Vadim,25.10863840440461,2.5914794428170267,17.33420007595353
2026-08-14,507,NathV,21.23779118573571,2.976218368319921,12.309136080775946
2026-08-14,507,Lily,32.55860429839844,1.1521638711020152,29.102112685092397
2026-08-14,507,Roland,26.178070684949137,1.374714610552414,22.053926853291895
2026-08-14,507,Rémi,36.01051710628023,1.3011283326923202,32.107132108203274
2026-08-14,507,ManonV,14.533611955899811,1.5864172506609713,9.774360203916897
2026-08-14,507,Lilou,19.98544263241341,1.2222337854514662,16.31874127605901
2026-08-14,507,Paul,21.141111951681403,1.272142793942647,17.324683569853462
2026-08-14,507,Raphaël,31.263993722204305,1.7057163357305047,26.14684471501279
2026-08-14,507,Julia,21.88463178789281,2.103700870256474,15.57352917712339
2026-08-14,507,Armelle,24.708574016845432,2.048553022142288,18.562914950418566
2026-08-14,507,Jules,19.582599855483707,1.3393733119930007,15.564479919504706
2026-08-14,507,BenjaminC,27.195882244596994,1.834398344352813,21.692687211538555
2026-08-14,507,LaureS,27.745073543009518,2.2656100513241775,20.948243389036985
2026-08-14,507,Sabine,21.860982436231144,2.5607649188462713,14.17868767969233
2026-08-14,507,Loïc,18.697587181152937,1.4231690504152639,14.428080029907145
2026-08-14,507,JulieB,19.017856851050734,1.482458189992776,14.570482281072406
2026-08-14,507,ThéoM,22.946735529807253,1.3319469393105317,18.95089471187566
2026-08-14,507,EmmanuelP,21.20595513879044,1.7285699910234031,16.02024516572023
2026-08-14,507,BenjaminZ,24.325379906625514,1.7625775888062158,19.037647140206865
2026-08-14,507,Maximilien,22.112973266797283,3.7883218629285995,10.748007678011485
2026-08-14,507,PhilippeA,26.718664790558716,3.8914270962390596,15.044383501841537
2026-08-14,507,Nicolas,12.297240655569215,1.5510857419371311,7.643983429757822
2026-08-14,507,Vadim,25.10863840440461,2.5914794428170267,17.33420007595353
2026-08-14,508,NathV,21.23779118573571,2.976218368319921,12.309136080775946
2026-08-14,508,Lily,32.573204659671624,1.1534513221705192,29.112850693160066
2026-08-14,508,Roland,26.15731738628743,1.3743184703523248,22.034361975230457
2026-08-14,508,Rémi,36.01051710628023,1.3011283326923202,32.107132108203274
2026-08-14,508,ManonV,14.505999778600685,1.5841222099295642,9.753633148811993
2026-08-14,508,Lilou,19.98544263241341,1.2222337854514662,16.31874127605901
2026-08-14,508,Paul,21.141111951681403,1.272142793942647,17.324683569853462
2026-08-14,508,Raphaël,31.263993722204305,1.7057163357305047,26.14684471501279
2026-08-14,508,Julia,21.88463178789281,2.103700870256474,15.57352917712339
2026-08-14,508,Armelle,24.708574016845432,2.048553022142288,18.562914950418566
2026-08-14,508,Jules,19.582599855483707,1.3393733119930007,15.564479919504706
2026-08-14,508,BenjaminC,27.195882244596994,1.834398344352813,21.692687211538555
2026-08-14,508,LaureS,27.745073543009518,2.2656100513241775,20.948243389036985
2026-08-14,508,Sabine,21.860982436231144,2.5607649188462713,14.17868767969233
2026-08-14,508,Loïc,18.697587181152937,1.4231690504152639,14.428080029907145
2026-08-14,508,JulieB,19.017856851050734,1.482458189992776,14.570482281072406
2026-08-14,508,ThéoM,22.946735529807253,1.3319469393105317,18.95089471187566
2026-08-14,508,EmmanuelP,21.20595513879044,1.7285699910234031,16.02024516572023
2026-08-14,508,BenjaminZ,24.359447016507048,1.7584018809394575,19.084241373688677
2026-08-14,508,Maximilien,22.112973266797283,3.7883218629285995,10.748007678011485
2026-08-14,508,PhilippeA,26.718664790558716,3.8914270962390596,15.044383501841537
2026-08-14,508,Nicolas,12.297240655569215,1.5510857419371311,7.643983429757822
2026-08-14,508,Vadim,25.10863840440461,2.5914794428170267,17.33420007595353
2026-08-14,509,NathV,21.23779118573571,2.976218368319921,12.309136080775946
2026-08-14,509,Lily,32.47734280314841,1.150778272621422,29.025007985284144
2026-08-14,509,Roland,26.29319720590838,1.3672483012286885,22.191452302222316
2026-08-14,509,Rémi,36.01051710628023,1.3011283326923202,32.107132108203274
2026-08-14,509,ManonV,14.325629956835964,1.5716223430473897,9.610762927693795
2026-08-14,509,Lilou,19.98544263241341,1.2222337854514662,16.31874127605901
2026-08-14,509,Paul,21.141111951681403,1.272142793942647,17.324683569853462
2026-08-14,509,Raphaël,31.263993722204305,1.7057163357305047,26.14684471501279
2026-08-14,509,Julia,21.88463178789281,2.103700870256474,15.57352917712339
2026-08-14,509,Armelle,24.708574016845432,2.048553022142288,18.562914950418566
2026-08-14,509,Jules,19.582599855483707,1.3393733119930007,15.564479919504706
2026-08-14,509,BenjaminC,27.195882244596994,1.834398344352813,21.692687211538555
2026-08-14,509,LaureS,27.745073543009518,2.2656100513241775,20.948243389036985
2026-08-14,509,Sabine,21.860982436231144,2.5607649188462713,14.17868767969233
2026-08-14,509,Loïc,18.697587181152937,1.4231690504152639,14.428080029907145
2026-08-14,509,JulieB,19.017856851050734,1.482458189992776,14.570482281072406
2026-08-14,509,ThéoM,22.946735529807253,1.3319469393105317,18.95089471187566
2026-08-14,509,EmmanuelP,21.20595513879044,1.7285699910234031,16.02024516572023
2026-08-14,509,BenjaminZ,24.581571754207626,1.7402775888353652,19.36073898770153
2026-08-14,509,Maximilien,22.112973266797283,3.7883218629285995,10.748007678011485
2026-08-14,509,PhilippeA,26.718664790558716,3.8914270962390596,15.044383501841537
2026-08-14,509,Nicolas,12.297240655569215,1.5510857419371311,7.643983429757822
2026-08-14,509,Vadim,25.10863840440461,2.5914794428170267,17.33420007595353
2026-08-17,510,NathV,21.23779118573571,2.976218368319921,12.309136080775946
2026-08-17,510,Lily,32.47734280314841,1.150778272621422,29.025007985284144
2026-08-17,510,Roland,26.417688364962252,1.3612758880305906,22.33386070087048
2026-08-17,510,Rémi,36.01051710628023,1.3011283326923202,32.107132108203274
2026-08-17,510,ManonV,14.325629956835964,1.5716223430473897,9.610762927693795
2026-08-17,510,Lilou,19.98544263241341,1.2222337854514662,16.31874127605901
2026-08-17,510,Paul,21.141111951681403,1.272142793942647,17.324683569853462
2026-08-17,510,Raphaël,31.263993722204305,1.7057163357305047,26.14684471501279
2026-08-17,510,Julia,21.590540410911025,2.074320342858842,15.3675793823345
2026-08-17,510,Armelle,24.708574016845432,2.048553022142288,18.562914950418566
2026-08-17,510,Jules,19.582599855483707,1.3393733119930007,15.564479919504706
2026-08-17,510,BenjaminC,27.195882244596994,1.834398344352813,21.692687211538555
2026-08-17,510,LaureS,27.745073543009518,2.2656100513241775,20.948243389036985
2026-08-17,510,Sabine,21.860982436231144,2.5607649188462713,14.17868767969233
2026-08-17,510,Loïc,18.697587181152937,1.4231690504152639,14.428080029907145
2026-08-17,510,JulieB,19.017856851050734,1.482458189992776,14.570482281072406
2026-08-17,510,ThéoM,22.946735529807253,1.3319469393105317,18.95089471187566
2026-08-17,510,EmmanuelP,21.20595513879044,1.7285699910234031,16.02024516572023
2026-08-17,510,BenjaminZ,24.78297437351709,1.7247271341040111,19.608792971205055
2026-08-17,510,Maximilien,22.112973266797283,3.7883218629285995,10.748007678011485
2026-08-17,510,PhilippeA,26.718664790558716,3.8914270962390596,15.044383501841537
2026-08-17,510,Nicolas,12.297240655569215,1.5510857419371311,7.643983429757822
2026-08-17,510,Vadim,24.66259434730394,2.5346328942761853,17.058695664475387
2026-08-17,511,NathV,21.23779118573571,2.976218368319921,12.309136080775946
2026-08-17,511,Lily,32.47734280314841,1.150778272621422,29.025007985284144
2026-08-17,511,Roland,26.53818870310467,1.3562136855594178,22.469547646426417
2026-08-17,511,Rémi,36.01051710628023,1.3011283326923202,32.107132108203274
2026-08-17,511,ManonV,14.325629956835964,1.5716223430473897,9.610762927693795
2026-08-17,511,Lilou,19.98544263241341,1.2222337854514662,16.31874127605901
2026-08-17,511,Paul,21.141111951681403,1.272142793942647,17.324683569853462
2026-08-17,511,Raphaël,31.263993722204305,1.7057163357305047,26.14684471501279
2026-08-17,511,Julia,21.590540410911025,2.074320342858842,15.3675793823345
2026-08-17,511,Armelle,24.708574016845432,2.048553022142288,18.562914950418566
2026-08-17,511,Jules,19.582599855483707,1.3393733119930007,15.564479919504706
2026-08-17,511,BenjaminC,27.195882244596994,1.834398344352813,21.692687211538555
2026-08-17,511,LaureS,27.745073543009518,2.2656100513241775,20.948243389036985
2026-08-17,511,Sabine,21.860982436231144,2.5607649188462713,14.17868767969233
2026-08-17,511,Loïc,18.697587181152937,1.4231690504152639,14.428080029907145
2026-08-17,511,JulieB,19.017856851050734,1.482458189992776,14.570482281072406
2026-08-17,511,ThéoM,22.946735529807253,1.3319469393105317,18.95089471187566
2026-08-17,511,EmmanuelP,21.20595513879044,1.7285699910234031,16.02024516572023
2026-08-17,511,BenjaminZ,24.58981092554301,1.711266802460464,19.45601051816162
2026-08-17,511,Maximilien,22.112973266797283,3.7883218629285995,10.748007678011485
2026-08-17,511,PhilippeA,27.700160451658228,3.7117073528414406,16.565038393133904
2026-08-17,511,Nicolas,12.297240655569215,1.5510857419371311,7.643983429757822
2026-08-17,511,Vadim,24.245944905565093,2.4867287631396224,16.785758616146225
2026-08-17,512,NathV,21.23779118573571,2.976218368319921,12.309136080775946
2026-08-17,512,Lily,32.47734280314841,1.150778272621422,29.025007985284144
2026-08-17,512,Roland,26.671013723497573,1.3497129579466058,22.621874849657758
2026-08-17,512,Rémi,36.01051710628023,1.3011283326923202,32.107132108203274
2026-08-17,512,ManonV,14.325629956835964,1.5716223430473897,9.610762927693795
2026-08-17,512,Lilou,19.98544263241341,1.2222337854514662,16.31874127605901
2026-08-17,512,Paul,21.141111951681403,1.272142793942647,17.324683569853462
2026-08-17,512,Raphaël,31.263993722204305,1.7057163357305047,26.14684471501279
2026-08-17,512,Julia,21.28048519610474,2.0435405554244745,15.149863529831315
2026-08-17,512,Armelle,24.708574016845432,2.048553022142288,18.562914950418566
2026-08-17,512,Jules,19.582599855483707,1.3393733119930007,15.564479919504706
2026-08-17,512,BenjaminC,27.195882244596994,1.834398344352813,21.692687211538555
2026-08-17,512,LaureS,27.745073543009518,2.2656100513241775,20.948243389036985
2026-08-17,512,Sabine,21.860982436231144,2.5607649188462713,14.17868767969233
2026-08-17,512,Loïc,18.697587181152937,1.4231690504152639,14.428080029907145
2026-08-17,512,JulieB,19.017856851050734,1.482458189992776,14.570482281072406
2026-08-17,512,ThéoM,23.074867515194395,1.3259695650822485,19.09695881994765
2026-08-17,512,EmmanuelP,21.20595513879044,1.7285699910234031,16.02024516572023
2026-08-17,512,BenjaminZ,24.378631725534465,1.6950985609567886,19.293336042664098
2026-08-17,512,Maximilien,22.112973266797283,3.7883218629285995,10.748007678011485
2026-08-17,512,PhilippeA,27.700160451658228,3.7117073528414406,16.565038393133904
2026-08-17,512,Nicolas,12.297240655569215,1.5510857419371311,7.643983429757822
2026-08-17,512,Vadim,24.245944905565093,2.4867287631396224,16.785758616146225
2026-08-17,513,NathV,21.23779118573571,2.976218368319921,12.309136080775946
2026-08-17,513,Lily,32.37240561624222,1.1480154476230666,28.92835927337302
2026-08-17,513,Roland,26.671013723497573,1.3497129579466058,22.621874849657758
2026-08-17,513,Rémi,36.14451339554965,1.295453818947335,32.25815193870765
2026-08-17,513,ManonV,14.325629956835964,1.5716223430473897,9.610762927693795
2026-08-17,513,Lilou,19.98544263241341,1.2222337854514662,16.31874127605901
2026-08-17,513,Paul,21.141111951681403,1.272142793942647,17.324683569853462
2026-08-17,513,Raphaël,31.263993722204305,1.7057163357305047,26.14684471501279
2026-08-17,513,Julia,21.28048519610474,2.0435405554244745,15.149863529831315
2026-08-17,513,Armelle,24.708574016845432,2.048553022142288,18.562914950418566
2026-08-17,513,Jules,19.582599855483707,1.3393733119930007,15.564479919504706
2026-08-17,513,BenjaminC,27.195882244596994,1.834398344352813,21.692687211538555
2026-08-17,513,LaureS,27.745073543009518,2.2656100513241775,20.948243389036985
2026-08-17,513,Sabine,21.860982436231144,2.5607649188462713,14.17868767969233
2026-08-17,513,Loïc,18.697587181152937,1.4231690504152639,14.428080029907145
2026-08-17,513,JulieB,19.017856851050734,1.482458189992776,14.570482281072406
2026-08-17,513,ThéoM,23.21400807807774,1.3197592381941712,19.254730363495227
2026-08-17,513,EmmanuelP,21.20595513879044,1.7285699910234031,16.02024516572023
2026-08-17,513,BenjaminZ,24.378631725534465,1.6950985609567886,19.293336042664098
2026-08-17,513,Maximilien,22.112973266797283,3.7883218629285995,10.748007678011485
2026-08-17,513,PhilippeA,27.700160451658228,3.7117073528414406,16.565038393133904
2026-08-17,513,Nicolas,12.297240655569215,1.5510857419371311,7.643983429757822
2026-08-17,513,Vadim,23.757945895782814,2.4296566951105736,16.46897581045109
2026-08-17,514,NathV,21.23779118573571,2.976218368319921,12.309136080775946
2026-08-17,514,Lily,32.37240561624222,1.1480154476230666,28.92835927337302
2026-08-17,514,Roland,26.805208708757544,1.3436458590742464,22.774271131534803
2026-08-17,514,Rémi,36.14451339554965,1.295453818947335,32.25815193870765
2026-08-17,514,ManonV,14.325629956835964,1.5716223430473897,9.610762927693795
2026-08-17,514,Lilou,19.98544263241341,1.2222337854514662,16.31874127605901
2026-08-17,514,Paul,21.141111951681403,1.272142793942647,17.324683569853462
2026-08-17,514,Raphaël,31.263993722204305,1.7057163357305047,26.14684471501279
2026-08-17,514,Julia,20.973519969464604,2.015232736863102,14.927821758875298
2026-08-17,514,Armelle,24.708574016845432,2.048553022142288,18.562914950418566
2026-08-17,514,Jules,19.582599855483707,1.3393733119930007,15.564479919504706
2026-08-17,514,BenjaminC,27.195882244596994,1.834398344352813,21.692687211538555
2026-08-17,514,LaureS,27.745073543009518,2.2656100513241775,20.948243389036985
2026-08-17,514,Sabine,22.342708519754,2.502878372683909,14.834073401702275
2026-08-17,514,Loïc,18.697587181152937,1.4231690504152639,14.428080029907145
2026-08-17,514,JulieB,19.017856851050734,1.482458189992776,14.570482281072406
2026-08-17,514,ThéoM,23.21400807807774,1.3197592381941712,19.254730363495227
2026-08-17,514,EmmanuelP,21.20595513879044,1.7285699910234031,16.02024516572023
2026-08-17,514,BenjaminZ,24.167263682763913,1.6800403125580825,19.127142745089664
2026-08-17,514,Maximilien,22.112973266797283,3.7883218629285995,10.748007678011485
2026-08-17,514,PhilippeA,27.700160451658228,3.7117073528414406,16.565038393133904
2026-08-17,514,Nicolas,12.297240655569215,1.5510857419371311,7.643983429757822
2026-08-17,514,Vadim,23.757945895782814,2.4296566951105736,16.46897581045109
2026-08-17,515,NathV,21.23779118573571,2.976218368319921,12.309136080775946
2026-08-17,515,Lily,32.276264525154396,1.1455012642684366,28.839760732349085
2026-08-17,515,Roland,26.805208708757544,1.3436458590742464,22.774271131534803
2026-08-17,515,Rémi,36.26679707746976,1.2901867477720637,32.39623683415357
2026-08-17,515,ManonV,14.325629956835964,1.5716223430473897,9.610762927693795
2026-08-17,515,Lilou,19.98544263241341,1.2222337854514662,16.31874127605901
2026-08-17,515,Paul,21.141111951681403,1.272142793942647,17.324683569853462
2026-08-17,515,Raphaël,31.263993722204305,1.7057163357305047,26.14684471501279
2026-08-17,515,Julia,20.973519969464604,2.015232736863102,14.927821758875298
2026-08-17,515,Armelle,24.708574016845432,2.048553022142288,18.562914950418566
2026-08-17,515,Jules,19.582599855483707,1.3393733119930007,15.564479919504706
2026-08-17,515,BenjaminC,27.195882244596994,1.834398344352813,21.692687211538555
2026-08-17,515,LaureS,27.745073543009518,2.2656100513241775,20.948243389036985
2026-08-17,515,Sabine,22.342708519754,2.502878372683909,14.834073401702275
2026-08-17,515,Loïc,18.697587181152937,1.4231690504152639,14.428080029907145
2026-08-17,515,JulieB,19.017856851050734,1.482458189992776,14.570482281072406
2026-08-17,515,ThéoM,23.3409043134553,1.3139882588820753,19.398939536809074
2026-08-17,515,EmmanuelP,21.20595513879044,1.7285699910234031,16.02024516572023
2026-08-17,515,BenjaminZ,24.167263682763913,1.6800403125580825,19.127142745089664
2026-08-17,515,Maximilien,22.112973266797283,3.7883218629285995,10.748007678011485
2026-08-17,515,PhilippeA,27.700160451658228,3.7117073528414406,16.565038393133904
2026-08-17,515,Nicolas,12.297240655569215,1.5510857419371311,7.643983429757822
2026-08-17,515,Vadim,23.329069996922513,2.3784945766083423,16.193586267097487
2026-08-17,516,NathV,21.23779118573571,2.976218368319921,12.309136080775946
2026-08-17,516,Lily,32.276264525154396,1.1455012642684366,28.839760732349085
2026-08-17,516,Roland,26.606028204585993,1.3358409455815397,22.598505367841373
2026-08-17,516,Rémi,36.26679707746976,1.2901867477720637,32.39623683415357
2026-08-17,516,ManonV,14.325629956835964,1.5716223430473897,9.610762927693795
2026-08-17,516,Lilou,19.98544263241341,1.2222337854514662,16.31874127605901
2026-08-17,516,Paul,21.141111951681403,1.272142793942647,17.324683569853462
2026-08-17,516,Raphaël,31.263993722204305,1.7057163357305047,26.14684471501279
2026-08-17,516,Julia,20.973519969464604,2.015232736863102,14.927821758875298
2026-08-17,516,Armelle,24.708574016845432,2.048553022142288,18.562914950418566
2026-08-17,516,Jules,19.582599855483707,1.3393733119930007,15.564479919504706
2026-08-17,516,BenjaminC,27.195882244596994,1.834398344352813,21.692687211538555
2026-08-17,516,LaureS,27.745073543009518,2.2656100513241775,20.948243389036985
2026-08-17,516,Sabine,21.653468416756166,2.436754261408794,14.343205632529784
2026-08-17,516,Loïc,18.697587181152937,1.4231690504152639,14.428080029907145
2026-08-17,516,JulieB,19.017856851050734,1.482458189992776,14.570482281072406
2026-08-17,516,ThéoM,23.53142236104783,1.3069132996944601,19.61068246196445
2026-08-17,516,EmmanuelP,21.20595513879044,1.7285699910234031,16.02024516572023
2026-08-17,516,BenjaminZ,24.47823224560477,1.6617995692647225,19.4928335378106
2026-08-17,516,Maximilien,22.112973266797283,3.7883218629285995,10.748007678011485
2026-08-17,516,PhilippeA,27.700160451658228,3.7117073528414406,16.565038393133904
2026-08-17,516,Nicolas,12.297240655569215,1.5510857419371311,7.643983429757822
2026-08-17,516,Vadim,23.329069996922513,2.3784945766083423,16.193586267097487
2026-08-17,517,NathV,21.23779118573571,2.976218368319921,12.309136080775946
2026-08-17,517,Lily,32.21186713063108,1.144085827705917,28.779609647513325
2026-08-17,517,Roland,26.606028204585993,1.3358409455815397,22.598505367841373
2026-08-17,517,Rémi,36.34839855000338,1.2865349143802305,32.48879380686269
2026-08-17,517,ManonV,14.325629956835964,1.5716223430473897,9.610762927693795
2026-08-17,517,Lilou,19.98544263241341,1.2222337854514662,16.31874127605901
2026-08-17,517,Paul,21.141111951681403,1.272142793942647,17.324683569853462
2026-08-17,517,Raphaël,31.263993722204305,1.7057163357305047,26.14684471501279
2026-08-17,517,Julia,20.973519969464604,2.015232736863102,14.927821758875298
2026-08-17,517,Armelle,24.708574016845432,2.048553022142288,18.562914950418566
2026-08-17,517,Jules,19.582599855483707,1.3393733119930007,15.564479919504706
2026-08-17,517,BenjaminC,27.195882244596994,1.834398344352813,21.692687211538555
2026-08-17,517,LaureS,27.745073543009518,2.2656100513241775,20.948243389036985
2026-08-17,517,Sabine,21.36325607349502,2.3953833083825176,14.177106148347466
2026-08-17,517,Loïc,18.697587181152937,1.4231690504152639,14.428080029907145
2026-08-17,517,JulieB,19.017856851050734,1.482458189992776,14.570482281072406
2026-08-17,517,ThéoM,23.53142236104783,1.3069132996944601,19.61068246196445
2026-08-17,517,EmmanuelP,21.20595513879044,1.7285699910234031,16.02024516572023
2026-08-17,517,BenjaminZ,24.61338745920779,1.6503509171621868,19.66233470772123
2026-08-17,517,Maximilien,22.112973266797283,3.7883218629285995,10.748007678011485
2026-08-17,517,PhilippeA,27.700160451658228,3.7117073528414406,16.565038393133904
2026-08-17,517,Nicolas,12.297240655569215,1.5510857419371311,7.643983429757822
2026-08-17,517,Vadim,23.329069996922513,2.3784945766083423,16.193586267097487
2026-08-17,518,NathV,21.23779118573571,2.976218368319921,12.309136080775946
2026-08-17,518,Lily,32.24899496531399,1.1439858581288918,28.817037390927315
2026-08-17,518,Roland,26.606028204585993,1.3358409455815397,22.598505367841373
2026-08-17,518,Rémi,36.34839855000338,1.2865349143802305,32.48879380686269
2026-08-17,518,ManonV,14.325629956835964,1.5716223430473897,9.610762927693795
2026-08-17,518,Lilou,19.98544263241341,1.2222337854514662,16.31874127605901
2026-08-17,518,Paul,21.141111951681403,1.272142793942647,17.324683569853462
2026-08-17,518,Raphaël,31.263993722204305,1.7057163357305047,26.14684471501279
2026-08-17,518,Julia,20.973519969464604,2.015232736863102,14.927821758875298
2026-08-17,518,Armelle,24.82717734445615,2.032317574973391,18.730224619535974
2026-08-17,518,Jules,19.582599855483707,1.3393733119930007,15.564479919504706
2026-08-17,518,BenjaminC,27.195882244596994,1.834398344352813,21.692687211538555
2026-08-17,518,LaureS,27.745073543009518,2.2656100513241775,20.948243389036985
2026-08-17,518,Sabine,21.20116476686004,2.368139699725592,14.096745667683264
2026-08-17,518,Loïc,18.697587181152937,1.4231690504152639,14.428080029907145
2026-08-17,518,JulieB,19.017856851050734,1.482458189992776,14.570482281072406
2026-08-17,518,ThéoM,23.53142236104783,1.3069132996944601,19.61068246196445
2026-08-17,518,EmmanuelP,21.20595513879044,1.7285699910234031,16.02024516572023
2026-08-17,518,BenjaminZ,24.536342739116574,1.6430806382740533,19.607100824294413
2026-08-17,518,Maximilien,22.112973266797283,3.7883218629285995,10.748007678011485
2026-08-17,518,PhilippeA,27.700160451658228,3.7117073528414406,16.565038393133904
2026-08-17,518,Nicolas,12.297240655569215,1.5510857419371311,7.643983429757822
2026-08-17,518,Vadim,23.329069996922513,2.3784945766083423,16.193586267097487
2026-08-17,519,NathV,21.23779118573571,2.976218368319921,12.309136080775946
2026-08-17,519,Lily,32.33532174467816,1.1419490263983205,28.9094746654832
2026-08-17,519,Roland,26.606028204585993,1.3358409455815397,22.598505367841373
2026-08-17,519,Rémi,36.34839855000338,1.2865349143802305,32.48879380686269
2026-08-17,519,ManonV,14.325629956835964,1.5716223430473897,9.610762927693795
2026-08-17,519,Lilou,19.98544263241341,1.2222337854514662,16.31874127605901
2026-08-17,519,Paul,21.141111951681403,1.272142793942647,17.324683569853462
2026-08-17,519,Raphaël,31.263993722204305,1.7057163357305047,26.14684471501279
2026-08-17,519,Julia,20.973519969464604,2.015232736863102,14.927821758875298
2026-08-17,519,Armelle,24.55570941713882,2.0056279379786055,18.538825603203005
2026-08-17,519,Jules,19.582599855483707,1.3393733119930007,15.564479919504706
2026-08-17,519,BenjaminC,27.195882244596994,1.834398344352813,21.692687211538555
2026-08-17,519,LaureS,27.745073543009518,2.2656100513241775,20.948243389036985
2026-08-17,519,Sabine,21.56959722794534,2.3245922194706496,14.595820569533391
2026-08-17,519,Loïc,18.697587181152937,1.4231690504152639,14.428080029907145
2026-08-17,519,JulieB,19.017856851050734,1.482458189992776,14.570482281072406
2026-08-17,519,ThéoM,23.53142236104783,1.3069132996944601,19.61068246196445
2026-08-17,519,EmmanuelP,21.20595513879044,1.7285699910234031,16.02024516572023
2026-08-17,519,BenjaminZ,24.35874425584521,1.6302025493145307,19.468136607901616
2026-08-17,519,Maximilien,22.112973266797283,3.7883218629285995,10.748007678011485
2026-08-17,519,PhilippeA,27.700160451658228,3.7117073528414406,16.565038393133904
2026-08-17,519,Nicolas,12.297240655569215,1.5510857419371311,7.643983429757822
2026-08-17,519,Vadim,23.329069996922513,2.3784945766083423,16.193586267097487
2026-08-17,520,NathV,21.23779118573571,2.976218368319921,12.309136080775946
2026-08-17,520,Lily,32.33532174467816,1.1419490263983205,28.9094746654832
2026-08-17,520,Roland,26.606028204585993,1.3358409455815397,22.598505367841373
2026-08-17,520,Rémi,36.40986358455197,1.283966590073765,32.55796381433068
2026-08-17,520,ManonV,14.325629956835964,1.5716223430473897,9.610762927693795
2026-08-17,520,Lilou,19.98544263241341,1.2222337854514662,16.31874127605901
2026-08-17,520,Paul,21.141111951681403,1.272142793942647,17.324683569853462
2026-08-17,520,Raphaël,31.263993722204305,1.7057163357305047,26.14684471501279
2026-08-17,520,Julia,20.973519969464604,2.015232736863102,14.927821758875298
2026-08-17,520,Armelle,24.40669903993548,1.9874285518400894,18.44441338441521
2026-08-17,520,Jules,19.582599855483707,1.3393733119930007,15.564479919504706
2026-08-17,520,BenjaminC,27.195882244596994,1.834398344352813,21.692687211538555
2026-08-17,520,LaureS,27.745073543009518,2.2656100513241775,20.948243389036985
2026-08-17,520,Sabine,21.769683818330922,2.2950215863967083,14.884619059140796
2026-08-17,520,Loïc,18.697587181152937,1.4231690504152639,14.428080029907145
2026-08-17,520,JulieB,19.017856851050734,1.482458189992776,14.570482281072406
2026-08-17,520,ThéoM,23.53142236104783,1.3069132996944601,19.61068246196445
2026-08-17,520,EmmanuelP,21.20595513879044,1.7285699910234031,16.02024516572023
2026-08-17,520,BenjaminZ,24.260210924178214,1.6216326914931862,19.395312849698655
2026-08-17,520,Maximilien,22.112973266797283,3.7883218629285995,10.748007678011485
2026-08-17,520,PhilippeA,27.700160451658228,3.7117073528414406,16.565038393133904
2026-08-17,520,Nicolas,12.297240655569215,1.5510857419371311,7.643983429757822
2026-08-17,520,Vadim,23.329069996922513,2.3784945766083423,16.193586267097487
2026-08-17,521,NathV,21.23779118573571,2.976218368319921,12.309136080775946
2026-08-17,521,Lily,32.34136501734886,1.1441359336497323,28.908957216399667
2026-08-17,521,Roland,26.606028204585993,1.3358409455815397,22.598505367841373
2026-08-17,521,Rémi,36.4174950012619,1.285462200357106,32.56110840019058
2026-08-17,521,ManonV,14.325629956835964,1.5716223430473897,9.610762927693795
2026-08-17,521,Lilou,19.98544263241341,1.2222337854514662,16.31874127605901
2026-08-17,521,Paul,21.141111951681403,1.272142793942647,17.324683569853462
2026-08-17,521,Raphaël,31.263993722204305,1.7057163357305047,26.14684471501279
2026-08-17,521,Julia,20.973519969464604,2.015232736863102,14.927821758875298
2026-08-17,521,Armelle,24.38845932393506,1.9847163354252244,18.434310317659385
2026-08-17,521,Jules,19.582599855483707,1.3393733119930007,15.564479919504706
2026-08-17,521,BenjaminC,27.195882244596994,1.834398344352813,21.692687211538555
2026-08-17,521,LaureS,27.745073543009518,2.2656100513241775,20.948243389036985
2026-08-17,521,Sabine,21.769683818330922,2.2950215863967083,14.884619059140796
2026-08-17,521,Loïc,18.697587181152937,1.4231690504152639,14.428080029907145
2026-08-17,521,JulieB,19.017856851050734,1.482458189992776,14.570482281072406
2026-08-17,521,ThéoM,23.53142236104783,1.3069132996944601,19.61068246196445
2026-08-17,521,EmmanuelP,21.20595513879044,1.7285699910234031,16.02024516572023
2026-08-17,521,BenjaminZ,24.2480568330581,1.6213481662508036,19.38401233430569
2026-08-17,521,Maximilien,22.112973266797283,3.7883218629285995,10.748007678011485
2026-08-17,521,PhilippeA,27.700160451658228,3.7117073528414406,16.565038393133904
2026-08-17,521,Nicolas,12.297240655569215,1.5510857419371311,7.643983429757822
2026-08-17,521,Vadim,23.329069996922513,2.3784945766083423,16.193586267097487
2026-08-18,522,NathV,21.23779118573571,2.976218368319921,12.309136080775946
2026-08-18,522,Lily,32.34136501734886,1.1441359336497323,28.908957216399667
2026-08-18,522,Roland,26.78232467130898,1.3283882158874207,22.79716002364672
2026-08-18,522,Rémi,36.4174950012619,1.285462200357106,32.56110840019058
2026-08-18,522,ManonV,14.569390264555839,1.5574674959271837,9.896987776774289
2026-08-18,522,Lilou,19.837746177869285,1.2173700177238003,16.185636124697883
2026-08-18,522,Paul,21.141111951681403,1.272142793942647,17.324683569853462
2026-08-18,522,Raphaël,31.263993722204305,1.7057163357305047,26.14684471501279
2026-08-18,522,Julia,20.573170092337048,1.9823976005844617,14.625977290583663
2026-08-18,522,Armelle,24.38845932393506,1.9847163354252244,18.434310317659385
2026-08-18,522,Jules,19.582599855483707,1.3393733119930007,15.564479919504706
2026-08-18,522,BenjaminC,27.195882244596994,1.834398344352813,21.692687211538555
2026-08-18,522,LaureS,27.745073543009518,2.2656100513241775,20.948243389036985
2026-08-18,522,Sabine,21.769683818330922,2.2950215863967083,14.884619059140796
2026-08-18,522,Loïc,18.697587181152937,1.4231690504152639,14.428080029907145
2026-08-18,522,JulieB,19.017856851050734,1.482458189992776,14.570482281072406
2026-08-18,522,ThéoM,23.53142236104783,1.3069132996944601,19.61068246196445
2026-08-18,522,EmmanuelP,21.20595513879044,1.7285699910234031,16.02024516572023
2026-08-18,522,BenjaminZ,24.2480568330581,1.6213481662508036,19.38401233430569
2026-08-18,522,Maximilien,22.112973266797283,3.7883218629285995,10.748007678011485
2026-08-18,522,PhilippeA,27.700160451658228,3.7117073528414406,16.565038393133904
2026-08-18,522,Nicolas,12.297240655569215,1.5510857419371311,7.643983429757822
2026-08-18,522,Vadim,23.329069996922513,2.3784945766083423,16.193586267097487
2026-08-18,523,NathV,21.23779118573571,2.976218368319921,12.309136080775946
2026-08-18,523,Lily,32.34136501734886,1.1441359336497323,28.908957216399667
2026-08-18,523,Roland,27.008642238967997,1.3201946357497365,23.04805833171879
2026-08-18,523,Rémi,36.4174950012619,1.285462200357106,32.56110840019058
2026-08-18,523,ManonV,14.880162352282706,1.542282447168755,10.253315010776442
2026-08-18,523,Lilou,19.837746177869285,1.2173700177238003,16.185636124697883
2026-08-18,523,Paul,21.141111951681403,1.272142793942647,17.324683569853462
2026-08-18,523,Raphaël,31.263993722204305,1.7057163357305047,26.14684471501279
2026-08-18,523,Julia,20.070236368732896,1.948173655003286,14.225715403723038
2026-08-18,523,Armelle,24.38845932393506,1.9847163354252244,18.434310317659385
2026-08-18,523,Jules,19.582599855483707,1.3393733119930007,15.564479919504706
2026-08-18,523,BenjaminC,27.195882244596994,1.834398344352813,21.692687211538555
2026-08-18,523,LaureS,27.745073543009518,2.2656100513241775,20.948243389036985
2026-08-18,523,Sabine,21.769683818330922,2.2950215863967083,14.884619059140796
2026-08-18,523,Loïc,18.697587181152937,1.4231690504152639,14.428080029907145
2026-08-18,523,JulieB,19.017856851050734,1.482458189992776,14.570482281072406
2026-08-18,523,ThéoM,23.53142236104783,1.3069132996944601,19.61068246196445
2026-08-18,523,EmmanuelP,21.20595513879044,1.7285699910234031,16.02024516572023
2026-08-18,523,BenjaminZ,23.911343113924595,1.6038410099436298,19.099820084093707
2026-08-18,523,Maximilien,22.112973266797283,3.7883218629285995,10.748007678011485
2026-08-18,523,PhilippeA,27.700160451658228,3.7117073528414406,16.565038393133904
2026-08-18,523,Nicolas,12.297240655569215,1.5510857419371311,7.643983429757822
2026-08-18,523,Vadim,23.329069996922513,2.3784945766083423,16.193586267097487
2026-08-18,524,NathV,21.23779118573571,2.976218368319921,12.309136080775946
2026-08-18,524,Lily,32.353803942573975,1.1457610250527304,28.916520867415784
2026-08-18,524,Roland,27.008642238967997,1.3201946357497365,23.04805833171879
2026-08-18,524,Rémi,36.43317946757755,1.286169886087101,32.57466980931625
2026-08-18,524,ManonV,14.880162352282706,1.542282447168755,10.253315010776442
2026-08-18,524,Lilou,19.837746177869285,1.2173700177238003,16.185636124697883
2026-08-18,524,Paul,21.141111951681403,1.272142793942647,17.324683569853462
2026-08-18,524,Raphaël,31.263993722204305,1.7057163357305047,26.14684471501279
2026-08-18,524,Julia,20.070236368732896,1.948173655003286,14.225715403723038
2026-08-18,524,Armelle,24.38845932393506,1.9847163354252244,18.434310317659385
2026-08-18,524,Jules,19.582599855483707,1.3393733119930007,15.564479919504706
2026-08-18,524,BenjaminC,27.195882244596994,1.834398344352813,21.692687211538555
2026-08-18,524,LaureS,27.745073543009518,2.2656100513241775,20.948243389036985
2026-08-18,524,Sabine,21.769683818330922,2.2950215863967083,14.884619059140796
2026-08-18,524,Loïc,18.697587181152937,1.4231690504152639,14.428080029907145
2026-08-18,524,JulieB,19.017856851050734,1.482458189992776,14.570482281072406
2026-08-18,524,ThéoM,23.515212268244568,1.3074758323950049,19.592784771059552
2026-08-18,524,EmmanuelP,21.20595513879044,1.7285699910234031,16.02024516572023
2026-08-18,524,BenjaminZ,23.911343113924595,1.6038410099436298,19.099820084093707
2026-08-18,524,Maximilien,22.112973266797283,3.7883218629285995,10.748007678011485
2026-08-18,524,PhilippeA,27.569874948792673,3.6647128020948108,16.575736542508242
2026-08-18,524,Nicolas,12.297240655569215,1.5510857419371311,7.643983429757822
2026-08-18,524,Vadim,23.329069996922513,2.3784945766083423,16.193586267097487
2026-08-18,525,NathV,21.23779118573571,2.976218368319921,12.309136080775946
2026-08-18,525,Lily,32.353803942573975,1.1457610250527304,28.916520867415784
2026-08-18,525,Roland,27.056869504004393,1.3179136400572231,23.103128583832724
2026-08-18,525,Rémi,36.43317946757755,1.286169886087101,32.57466980931625
2026-08-18,525,ManonV,14.880162352282706,1.542282447168755,10.253315010776442
2026-08-18,525,Lilou,19.796710155894065,1.2163673798059365,16.147608016476255
2026-08-18,525,Paul,21.141111951681403,1.272142793942647,17.324683569853462
2026-08-18,525,Raphaël,31.263993722204305,1.7057163357305047,26.14684471501279
2026-08-18,525,Julia,19.965441749063935,1.9341983761844128,14.162846620510695
2026-08-18,525,Armelle,24.38845932393506,1.9847163354252244,18.434310317659385
2026-08-18,525,Jules,19.582599855483707,1.3393733119930007,15.564479919504706
2026-08-18,525,BenjaminC,27.195882244596994,1.834398344352813,21.692687211538555
2026-08-18,525,LaureS,27.745073543009518,2.2656100513241775,20.948243389036985
2026-08-18,525,Sabine,21.769683818330922,2.2950215863967083,14.884619059140796
2026-08-18,525,Loïc,18.697587181152937,1.4231690504152639,14.428080029907145
2026-08-18,525,JulieB,19.017856851050734,1.482458189992776,14.570482281072406
2026-08-18,525,ThéoM,23.515212268244568,1.3074758323950049,19.592784771059552
2026-08-18,525,EmmanuelP,21.20595513879044,1.7285699910234031,16.02024516572023
2026-08-18,525,BenjaminZ,23.982428979901645,1.5972129425865156,19.1907901521421
2026-08-18,525,Maximilien,22.112973266797283,3.7883218629285995,10.748007678011485
2026-08-18,525,PhilippeA,27.569874948792673,3.6647128020948108,16.575736542508242
2026-08-18,525,Nicolas,12.297240655569215,1.5510857419371311,7.643983429757822
2026-08-18,525,Vadim,23.329069996922513,2.3784945766083423,16.193586267097487
2026-08-18,526,NathV,21.23779118573571,2.976218368319921,12.309136080775946
2026-08-18,526,Lily,32.45220746474572,1.1429641912246828,29.02331489107167
2026-08-18,526,Roland,27.18689785661184,1.3116930933770696,23.25181857648063
2026-08-18,526,Rémi,36.30931485649923,1.280637419067879,32.46740259929559
2026-08-18,526,ManonV,14.880162352282706,1.542282447168755,10.253315010776442
2026-08-18,526,Lilou,19.68587069662747,1.2122549707217865,16.049105784462114
2026-08-18,526,Paul,21.141111951681403,1.272142793942647,17.324683569853462
2026-08-18,526,Raphaël,31.263993722204305,1.7057163357305047,26.14684471501279
2026-08-18,526,Julia,19.965441749063935,1.9341983761844128,14.162846620510695
2026-08-18,526,Armelle,24.38845932393506,1.9847163354252244,18.434310317659385
2026-08-18,526,Jules,19.582599855483707,1.3393733119930007,15.564479919504706
2026-08-18,526,BenjaminC,27.195882244596994,1.834398344352813,21.692687211538555
2026-08-18,526,LaureS,27.745073543009518,2.2656100513241775,20.948243389036985
2026-08-18,526,Sabine,21.769683818330922,2.2950215863967083,14.884619059140796
2026-08-18,526,Loïc,18.697587181152937,1.4231690504152639,14.428080029907145
2026-08-18,526,JulieB,19.017856851050734,1.482458189992776,14.570482281072406
2026-08-18,526,ThéoM,23.515212268244568,1.3074758323950049,19.592784771059552
2026-08-18,526,EmmanuelP,21.20595513879044,1.7285699910234031,16.02024516572023
2026-08-18,526,BenjaminZ,23.982428979901645,1.5972129425865156,19.1907901521421
2026-08-18,526,Maximilien,22.112973266797283,3.7883218629285995,10.748007678011485
2026-08-18,526,PhilippeA,27.569874948792673,3.6647128020948108,16.575736542508242
2026-08-18,526,Nicolas,12.297240655569215,1.5510857419371311,7.643983429757822
2026-08-18,526,Vadim,23.329069996922513,2.3784945766083423,16.193586267097487
2026-08-18,527,NathV,21.23779118573571,2.976218368319921,12.309136080775946
2026-08-18,527,Lily,32.46490958811201,1.1444683966722018,29.0315043980954
2026-08-18,527,Roland,27.18689785661184,1.3116930933770696,23.25181857648063
2026-08-18,527,Rémi,36.30931485649923,1.280637419067879,32.46740259929559
2026-08-18,527,ManonV,14.880162352282706,1.542282447168755,10.253315010776442
2026-08-18,527,Lilou,19.67159017961647,1.2132922290837114,16.031713492365334
2026-08-18,527,Paul,21.141111951681403,1.272142793942647,17.324683569853462
2026-08-18,527,Raphaël,31.263993722204305,1.7057163357305047,26.14684471501279
2026-08-18,527,Julia,19.929191083118795,1.9286086009692902,14.143365280210924
2026-08-18,527,Armelle,24.38845932393506,1.9847163354252244,18.434310317659385
2026-08-18,527,Jules,19.582599855483707,1.3393733119930007,15.564479919504706
2026-08-18,527,BenjaminC,27.195882244596994,1.834398344352813,21.692687211538555
2026-08-18,527,LaureS,27.745073543009518,2.2656100513241775,20.948243389036985
2026-08-18,527,Sabine,21.769683818330922,2.2950215863967083,14.884619059140796
2026-08-18,527,Loïc,18.697587181152937,1.4231690504152639,14.428080029907145
2026-08-18,527,JulieB,19.017856851050734,1.482458189992776,14.570482281072406
2026-08-18,527,ThéoM,23.515212268244568,1.3074758323950049,19.592784771059552
2026-08-18,527,EmmanuelP,21.20595513879044,1.7285699910234031,16.02024516572023
2026-08-18,527,BenjaminZ,24.00716984037079,1.5952245314884417,19.221496245905463
2026-08-18,527,Maximilien,22.112973266797283,3.7883218629285995,10.748007678011485
2026-08-18,527,PhilippeA,27.569874948792673,3.6647128020948108,16.575736542508242
2026-08-18,527,Nicolas,12.297240655569215,1.5510857419371311,7.643983429757822
2026-08-18,527,Vadim,23.329069996922513,2.3784945766083423,16.193586267097487
2026-08-18,528,NathV,21.23779118573571,2.976218368319921,12.309136080775946
2026-08-18,528,Lily,32.47531067396008,1.1461638341729974,29.03681917144109
2026-08-18,528,Roland,27.173252389297406,1.3123319226307217,23.23625662140524
2026-08-18,528,Rémi,36.322324398793846,1.281478867447009,32.47788779645282
2026-08-18,528,ManonV,14.880162352282706,1.542282447168755,10.253315010776442
2026-08-18,528,Lilou,19.67159017961647,1.2132922290837114,16.031713492365334
2026-08-18,528,Paul,21.141111951681403,1.272142793942647,17.324683569853462
2026-08-18,528,Raphaël,31.263993722204305,1.7057163357305047,26.14684471501279
2026-08-18,528,Julia,19.929191083118795,1.9286086009692902,14.143365280210924
2026-08-18,528,Armelle,24.38845932393506,1.9847163354252244,18.434310317659385
2026-08-18,528,Jules,19.582599855483707,1.3393733119930007,15.564479919504706
2026-08-18,528,BenjaminC,27.195882244596994,1.834398344352813,21.692687211538555
2026-08-18,528,LaureS,27.745073543009518,2.2656100513241775,20.948243389036985
2026-08-18,528,Sabine,21.769683818330922,2.2950215863967083,14.884619059140796
2026-08-18,528,Loïc,18.697587181152937,1.4231690504152639,14.428080029907145
2026-08-18,528,JulieB,19.017856851050734,1.482458189992776,14.570482281072406
2026-08-18,528,ThéoM,23.515212268244568,1.3074758323950049,19.592784771059552
2026-08-18,528,EmmanuelP,21.20595513879044,1.7285699910234031,16.02024516572023
2026-08-18,528,BenjaminZ,23.9870139603096,1.5937977945606012,19.205620576627794
2026-08-18,528,Maximilien,22.112973266797283,3.7883218629285995,10.748007678011485
2026-08-18,528,PhilippeA,27.569874948792673,3.6647128020948108,16.575736542508242
2026-08-18,528,Nicolas,12.297240655569215,1.5510857419371311,7.643983429757822
2026-08-18,528,Vadim,23.329069996922513,2.3784945766083423,16.193586267097487
2026-08-18,529,NathV,21.23779118573571,2.976218368319921,12.309136080775946
2026-08-18,529,Lily,32.47531067396008,1.1461638341729974,29.03681917144109
2026-08-18,529,Roland,27.310986652677276,1.306289062245032,23.39211946594218
2026-08-18,529,Rémi,36.322324398793846,1.281478867447009,32.47788779645282
2026-08-18,529,ManonV,14.880162352282706,1.542282447168755,10.253315010776442
2026-08-18,529,Lilou,19.67159017961647,1.2132922290837114,16.031713492365334
2026-08-18,529,Paul,21.141111951681403,1.272142793942647,17.324683569853462
2026-08-18,529,Raphaël,31.263993722204305,1.7057163357305047,26.14684471501279
2026-08-18,529,Julia,19.929191083118795,1.9286086009692902,14.143365280210924
2026-08-18,529,Armelle,24.074141661756872,1.9563921559171638,18.204965194005382
2026-08-18,529,Jules,19.582599855483707,1.3393733119930007,15.564479919504706
2026-08-18,529,BenjaminC,27.195882244596994,1.834398344352813,21.692687211538555
2026-08-18,529,LaureS,27.745073543009518,2.2656100513241775,20.948243389036985
2026-08-18,529,Sabine,21.769683818330922,2.2950215863967083,14.884619059140796
2026-08-18,529,Loïc,18.697587181152937,1.4231690504152639,14.428080029907145
2026-08-18,529,JulieB,19.017856851050734,1.482458189992776,14.570482281072406
2026-08-18,529,ThéoM,23.651933173153296,1.3015386620601164,19.747317186972946
2026-08-18,529,EmmanuelP,21.20595513879044,1.7285699910234031,16.02024516572023
2026-08-18,529,BenjaminZ,23.784124708822795,1.5804212510803577,19.042860955581723
2026-08-18,529,Maximilien,22.112973266797283,3.7883218629285995,10.748007678011485
2026-08-18,529,PhilippeA,27.569874948792673,3.6647128020948108,16.575736542508242
2026-08-18,529,Nicolas,12.297240655569215,1.5510857419371311,7.643983429757822
2026-08-18,529,Vadim,23.329069996922513,2.3784945766083423,16.193586267097487
2026-08-18,530,NathV,21.23779118573571,2.976218368319921,12.309136080775946
2026-08-18,530,Lily,32.47531067396008,1.1461638341729974,29.03681917144109
2026-08-18,530,Roland,27.634248495838936,1.296968196228665,23.74334390715294
2026-08-18,530,Rémi,36.01117599631553,1.2728780841257203,32.19254174393837
2026-08-18,530,ManonV,14.880162352282706,1.542282447168755,10.253315010776442
2026-08-18,530,Lilou,19.67159017961647,1.2132922290837114,16.031713492365334
2026-08-18,530,Paul,21.141111951681403,1.272142793942647,17.324683569853462
2026-08-18,530,Raphaël,31.263993722204305,1.7057163357305047,26.14684471501279
2026-08-18,530,Julia,19.929191083118795,1.9286086009692902,14.143365280210924
2026-08-18,530,Armelle,24.074141661756872,1.9563921559171638,18.204965194005382
2026-08-18,530,Jules,19.582599855483707,1.3393733119930007,15.564479919504706
2026-08-18,530,BenjaminC,27.195882244596994,1.834398344352813,21.692687211538555
2026-08-18,530,LaureS,27.745073543009518,2.2656100513241775,20.948243389036985
2026-08-18,530,Sabine,21.769683818330922,2.2950215863967083,14.884619059140796
2026-08-18,530,Loïc,18.697587181152937,1.4231690504152639,14.428080029907145
2026-08-18,530,JulieB,19.017856851050734,1.482458189992776,14.570482281072406
2026-08-18,530,ThéoM,23.97285768051104,1.2923575192499794,20.095785122761104
2026-08-18,530,EmmanuelP,21.20595513879044,1.7285699910234031,16.02024516572023
2026-08-18,530,BenjaminZ,23.31155755547555,1.5614031910150317,18.627347982430454
2026-08-18,530,Maximilien,22.112973266797283,3.7883218629285995,10.748007678011485
2026-08-18,530,PhilippeA,27.569874948792673,3.6647128020948108,16.575736542508242
2026-08-18,530,Nicolas,12.297240655569215,1.5510857419371311,7.643983429757822
2026-08-18,530,Vadim,23.329069996922513,2.3784945766083423,16.193586267097487
2026-08-18,531,NathV,21.23779118573571,2.976218368319921,12.309136080775946
2026-08-18,531,Lily,32.641915261489146,1.1419965972302535,29.215925469798385
2026-08-18,531,Roland,27.634248495838936,1.296968196228665,23.74334390715294
2026-08-18,531,Rémi,35.80590154145443,1.265758827421845,32.008625059188894
2026-08-18,531,ManonV,14.880162352282706,1.542282447168755,10.253315010776442
2026-08-18,531,Lilou,19.67159017961647,1.2132922290837114,16.031713492365334
2026-08-18,531,Paul,21.141111951681403,1.272142793942647,17.324683569853462
2026-08-18,531,Raphaël,31.263993722204305,1.7057163357305047,26.14684471501279
2026-08-18,531,Julia,19.929191083118795,1.9286086009692902,14.143365280210924
2026-08-18,531,Armelle,24.074141661756872,1.9563921559171638,18.204965194005382
2026-08-18,531,Jules,19.582599855483707,1.3393733119930007,15.564479919504706
2026-08-18,531,BenjaminC,27.195882244596994,1.834398344352813,21.692687211538555
2026-08-18,531,LaureS,27.745073543009518,2.2656100513241775,20.948243389036985
2026-08-18,531,Sabine,21.769683818330922,2.2950215863967083,14.884619059140796
2026-08-18,531,Loïc,18.697587181152937,1.4231690504152639,14.428080029907145
2026-08-18,531,JulieB,19.017856851050734,1.482458189992776,14.570482281072406
2026-08-18,531,ThéoM,24.18443600827622,1.2847391166255253,20.330218658399644
2026-08-18,531,EmmanuelP,21.20595513879044,1.7285699910234031,16.02024516572023
2026-08-18,531,BenjaminZ,23.003118574175147,1.5454584090932637,18.366743346895355
2026-08-18,531,Maximilien,22.112973266797283,3.7883218629285995,10.748007678011485
2026-08-18,531,PhilippeA,27.569874948792673,3.6647128020948108,16.575736542508242
2026-08-18,531,Nicolas,12.297240655569215,1.5510857419371311,7.643983429757822
2026-08-18,531,Vadim,23.329069996922513,2.3784945766083423,16.193586267097487
2026-08-18,532,NathV,21.23779118573571,2.976218368319921,12.309136080775946
2026-08-18,532,Lily,32.64628858485798,1.1443791871671427,29.21315102335655
2026-08-18,532,Roland,27.639882581456153,1.2986864497380155,23.743823232242107
2026-08-18,532,Rémi,35.80590154145443,1.265758827421845,32.008625059188894
2026-08-18,532,ManonV,14.872204983948311,1.5429269880679437,10.24342401974448
2026-08-18,532,Lilou,19.67159017961647,1.2132922290837114,16.031713492365334
2026-08-18,532,Paul,21.141111951681403,1.272142793942647,17.324683569853462
2026-08-18,532,Raphaël,31.263993722204305,1.7057163357305047,26.14684471501279
2026-08-18,532,Julia,19.929191083118795,1.9286086009692902,14.143365280210924
2026-08-18,532,Armelle,24.061351541350476,1.9548941370737554,18.19666913012921
2026-08-18,532,Jules,19.582599855483707,1.3393733119930007,15.564479919504706
2026-08-18,532,BenjaminC,27.195882244596994,1.834398344352813,21.692687211538555
2026-08-18,532,LaureS,27.745073543009518,2.2656100513241775,20.948243389036985
2026-08-18,532,Sabine,21.769683818330922,2.2950215863967083,14.884619059140796
2026-08-18,532,Loïc,18.697587181152937,1.4231690504152639,14.428080029907145
2026-08-18,532,JulieB,19.017856851050734,1.482458189992776,14.570482281072406
2026-08-18,532,ThéoM,24.18443600827622,1.2847391166255253,20.330218658399644
2026-08-18,532,EmmanuelP,21.20595513879044,1.7285699910234031,16.02024516572023
2026-08-18,532,BenjaminZ,23.003118574175147,1.5454584090932637,18.366743346895355
2026-08-18,532,Maximilien,22.112973266797283,3.7883218629285995,10.748007678011485
2026-08-18,532,PhilippeA,27.569874948792673,3.6647128020948108,16.575736542508242
2026-08-18,532,Nicolas,12.297240655569215,1.5510857419371311,7.643983429757822
2026-08-18,532,Vadim,23.329069996922513,2.3784945766083423,16.193586267097487
2026-08-18,533,NathV,21.23779118573571,2.976218368319921,12.309136080775946
2026-08-18,533,Lily,32.689915343100495,1.143799314305533,29.258517400183898
2026-08-18,533,Roland,27.639882581456153,1.2986864497380155,23.743823232242107
2026-08-18,533,Rémi,35.80590154145443,1.265758827421845,32.008625059188894
2026-08-18,533,ManonV,14.872204983948311,1.5429269880679437,10.24342401974448
2026-08-18,533,Lilou,19.67159017961647,1.2132922290837114,16.031713492365334
2026-08-18,533,Paul,21.141111951681403,1.272142793942647,17.324683569853462
2026-08-18,533,Raphaël,31.263993722204305,1.7057163357305047,26.14684471501279
2026-08-18,533,Julia,19.929191083118795,1.9286086009692902,14.143365280210924
2026-08-18,533,Armelle,23.93448381968539,1.938713073989869,18.118344597715783
2026-08-18,533,Jules,19.582599855483707,1.3393733119930007,15.564479919504706
2026-08-18,533,BenjaminC,27.195882244596994,1.834398344352813,21.692687211538555
2026-08-18,533,LaureS,27.745073543009518,2.2656100513241775,20.948243389036985
2026-08-18,533,Sabine,21.769683818330922,2.2950215863967083,14.884619059140796
2026-08-18,533,Loïc,18.697587181152937,1.4231690504152639,14.428080029907145
2026-08-18,533,JulieB,19.017856851050734,1.482458189992776,14.570482281072406
2026-08-18,533,ThéoM,24.239360933724964,1.2823372885886755,20.39234906795894
2026-08-18,533,EmmanuelP,21.20595513879044,1.7285699910234031,16.02024516572023
2026-08-18,533,BenjaminZ,22.92374211498223,1.5388323562736683,18.307245046161224
2026-08-18,533,Maximilien,22.112973266797283,3.7883218629285995,10.748007678011485
2026-08-18,533,PhilippeA,27.569874948792673,3.6647128020948108,16.575736542508242
2026-08-18,533,Nicolas,12.297240655569215,1.5510857419371311,7.643983429757822
2026-08-18,533,Vadim,23.329069996922513,2.3784945766083423,16.193586267097487
2026-08-18,534,NathV,21.23779118573571,2.976218368319921,12.309136080775946
2026-08-18,534,Lily,32.689915343100495,1.143799314305533,29.258517400183898
2026-08-18,534,Roland,27.532785454911593,1.2936895931527486,23.651716675453347
2026-08-18,534,Rémi,35.80590154145443,1.265758827421845,32.008625059188894
2026-08-18,534,ManonV,14.72121767053851,1.5323246583952157,10.124243695352863
2026-08-18,534,Lilou,19.67159017961647,1.2132922290837114,16.031713492365334
2026-08-18,534,Paul,21.141111951681403,1.272142793942647,17.324683569853462
2026-08-18,534,Raphaël,31.263993722204305,1.7057163357305047,26.14684471501279
2026-08-18,534,Julia,19.929191083118795,1.9286086009692902,14.143365280210924
2026-08-18,534,Armelle,23.93448381968539,1.938713073989869,18.118344597715783
2026-08-18,534,Jules,19.582599855483707,1.3393733119930007,15.564479919504706
2026-08-18,534,BenjaminC,27.195882244596994,1.834398344352813,21.692687211538555
2026-08-18,534,LaureS,27.745073543009518,2.2656100513241775,20.948243389036985
2026-08-18,534,Sabine,21.769683818330922,2.2950215863967083,14.884619059140796
2026-08-18,534,Loïc,18.697587181152937,1.4231690504152639,14.428080029907145
2026-08-18,534,JulieB,19.017856851050734,1.482458189992776,14.570482281072406
2026-08-18,534,ThéoM,24.34378952985539,1.2776597508829346,20.510810277206584
2026-08-18,534,EmmanuelP,21.20595513879044,1.7285699910234031,16.02024516572023
2026-08-18,534,BenjaminZ,23.073931436903095,1.5283380294908382,18.48891734843058
2026-08-18,534,Maximilien,22.112973266797283,3.7883218629285995,10.748007678011485
2026-08-18,534,PhilippeA,27.569874948792673,3.6647128020948108,16.575736542508242
2026-08-18,534,Nicolas,12.297240655569215,1.5510857419371311,7.643983429757822
2026-08-18,534,Vadim,23.329069996922513,2.3784945766083423,16.193586267097487
2026-08-18,535,NathV,21.23779118573571,2.976218368319921,12.309136080775946
2026-08-18,535,Lily,32.689915343100495,1.143799314305533,29.258517400183898
2026-08-18,535,Roland,27.56012343432963,1.293096707031711,23.680833313234494
2026-08-18,535,Rémi,35.80590154145443,1.265758827421845,32.008625059188894
2026-08-18,535,ManonV,14.682909440478872,1.529155238167455,10.095443725976507
2026-08-18,535,Lilou,19.67159017961647,1.2132922290837114,16.031713492365334
2026-08-18,535,Paul,21.141111951681403,1.272142793942647,17.324683569853462
2026-08-18,535,Raphaël,31.263993722204305,1.7057163357305047,26.14684471501279
2026-08-18,535,Julia,19.929191083118795,1.9286086009692902,14.143365280210924
2026-08-18,535,Armelle,23.93448381968539,1.938713073989869,18.118344597715783
2026-08-18,535,Jules,19.582599855483707,1.3393733119930007,15.564479919504706
2026-08-18,535,BenjaminC,27.195882244596994,1.834398344352813,21.692687211538555
2026-08-18,535,LaureS,27.745073543009518,2.2656100513241775,20.948243389036985
2026-08-18,535,Sabine,21.769683818330922,2.2950215863967083,14.884619059140796
2026-08-18,535,Loïc,18.697587181152937,1.4231690504152639,14.428080029907145
2026-08-18,535,JulieB,19.017856851050734,1.482458189992776,14.570482281072406
2026-08-18,535,ThéoM,24.370457010055084,1.2772202405191182,20.53879628849773
2026-08-18,535,EmmanuelP,21.20595513879044,1.7285699910234031,16.02024516572023
2026-08-18,535,BenjaminZ,23.035821692543447,1.5252167323165766,18.460171495593716
2026-08-18,535,Maximilien,22.112973266797283,3.7883218629285995,10.748007678011485
2026-08-18,535,PhilippeA,27.569874948792673,3.6647128020948108,16.575736542508242
2026-08-18,535,Nicolas,12.297240655569215,1.5510857419371311,7.643983429757822
2026-08-18,535,Vadim,23.329069996922513,2.3784945766083423,16.193586267097487
2026-08-19,536,NathV,21.23779118573571,2.976218368319921,12.309136080775946
2026-08-19,536,Lily,32.689915343100495,1.143799314305533,29.258517400183898
2026-08-19,536,Roland,27.56012343432963,1.293096707031711,23.680833313234494
2026-08-19,536,Rémi,35.80590154145443,1.265758827421845,32.008625059188894
2026-08-19,536,ManonV,14.682909440478872,1.529155238167455,10.095443725976507
2026-08-19,536,Lilou,19.67159017961647,1.2132922290837114,16.031713492365334
2026-08-19,536,Paul,21.141111951681403,1.272142793942647,17.324683569853462
2026-08-19,536,Raphaël,31.263993722204305,1.7057163357305047,26.14684471501279
2026-08-19,536,Julia,20.230655124303798,1.903494368540245,14.520172018683063
2026-08-19,536,Armelle,23.93448381968539,1.938713073989869,18.118344597715783
2026-08-19,536,Jules,19.582599855483707,1.3393733119930007,15.564479919504706
2026-08-19,536,BenjaminC,27.195882244596994,1.834398344352813,21.692687211538555
2026-08-19,536,LaureS,27.745073543009518,2.2656100513241775,20.948243389036985
2026-08-19,536,Sabine,21.769683818330922,2.2950215863967083,14.884619059140796
2026-08-19,536,Loïc,18.697587181152937,1.4231690504152639,14.428080029907145
2026-08-19,536,JulieB,18.839507182875984,1.4725867037855924,14.421747071519206
2026-08-19,536,ThéoM,24.50298685776267,1.2721217858494045,20.686621500214457
2026-08-19,536,EmmanuelP,21.20595513879044,1.7285699910234031,16.02024516572023
2026-08-19,536,BenjaminZ,23.035821692543447,1.5252167323165766,18.460171495593716
2026-08-19,536,Maximilien,22.112973266797283,3.7883218629285995,10.748007678011485
2026-08-19,536,PhilippeA,27.569874948792673,3.6647128020948108,16.575736542508242
2026-08-19,536,Nicolas,12.297240655569215,1.5510857419371311,7.643983429757822
2026-08-19,536,Vadim,22.870849668896398,2.3293320979666268,15.882853374996518
2026-08-19,537,NathV,21.23779118573571,2.976218368319921,12.309136080775946
2026-08-19,537,Lily,32.689915343100495,1.143799314305533,29.258517400183898
2026-08-19,537,Roland,27.56012343432963,1.293096707031711,23.680833313234494
2026-08-19,537,Rémi,35.80590154145443,1.265758827421845,32.008625059188894
2026-08-19,537,ManonV,14.501458211998507,1.5180832128353177,9.947208573492555
2026-08-19,537,Lilou,19.67159017961647,1.2132922290837114,16.031713492365334
2026-08-19,537,Paul,21.141111951681403,1.272142793942647,17.324683569853462
2026-08-19,537,Raphaël,31.263993722204305,1.7057163357305047,26.14684471501279
2026-08-19,537,Julia,20.230655124303798,1.903494368540245,14.520172018683063
2026-08-19,537,Armelle,23.93448381968539,1.938713073989869,18.118344597715783
2026-08-19,537,Jules,19.582599855483707,1.3393733119930007,15.564479919504706
2026-08-19,537,BenjaminC,27.195882244596994,1.834398344352813,21.692687211538555
2026-08-19,537,LaureS,27.745073543009518,2.2656100513241775,20.948243389036985
2026-08-19,537,Sabine,21.769683818330922,2.2950215863967083,14.884619059140796
2026-08-19,537,Loïc,18.697587181152937,1.4231690504152639,14.428080029907145
2026-08-19,537,JulieB,19.007820777253,1.463027839096313,14.61873725996406
2026-08-19,537,ThéoM,24.377243247488156,1.2671624600321445,20.575755867391724
2026-08-19,537,EmmanuelP,21.20595513879044,1.7285699910234031,16.02024516572023
2026-08-19,537,BenjaminZ,23.035821692543447,1.5252167323165766,18.460171495593716
2026-08-19,537,Maximilien,22.112973266797283,3.7883218629285995,10.748007678011485
2026-08-19,537,PhilippeA,27.569874948792673,3.6647128020948108,16.575736542508242
2026-08-19,537,Nicolas,12.297240655569215,1.5510857419371311,7.643983429757822
2026-08-19,537,Vadim,23.291176584296622,2.2835110239157013,16.440643512549517
2026-08-19,538,NathV,21.23779118573571,2.976218368319921,12.309136080775946
2026-08-19,538,Lily,32.70830159265415,1.1448698180750705,29.27369213842894
2026-08-19,538,Roland,27.56012343432963,1.293096707031711,23.680833313234494
2026-08-19,538,Rémi,35.80590154145443,1.265758827421845,32.008625059188894
2026-08-19,538,ManonV,14.469144104087516,1.5157963158396934,9.921755156568436
2026-08-19,538,Lilou,19.67159017961647,1.2132922290837114,16.031713492365334
2026-08-19,538,Paul,21.141111951681403,1.272142793942647,17.324683569853462
2026-08-19,538,Raphaël,31.263993722204305,1.7057163357305047,26.14684471501279
2026-08-19,538,Julia,20.281404310423188,1.8963107241297958,14.5924721380338
2026-08-19,538,Armelle,23.93448381968539,1.938713073989869,18.118344597715783
2026-08-19,538,Jules,19.582599855483707,1.3393733119930007,15.564479919504706
2026-08-19,538,BenjaminC,27.195882244596994,1.834398344352813,21.692687211538555
2026-08-19,538,LaureS,27.745073543009518,2.2656100513241775,20.948243389036985
2026-08-19,538,Sabine,21.769683818330922,2.2950215863967083,14.884619059140796
2026-08-19,538,Loïc,18.697587181152937,1.4231690504152639,14.428080029907145
2026-08-19,538,JulieB,19.007820777253,1.463027839096313,14.61873725996406
2026-08-19,538,ThéoM,24.377243247488156,1.2671624600321445,20.575755867391724
2026-08-19,538,EmmanuelP,21.20595513879044,1.7285699910234031,16.02024516572023
2026-08-19,538,BenjaminZ,23.035821692543447,1.5252167323165766,18.460171495593716
2026-08-19,538,Maximilien,22.112973266797283,3.7883218629285995,10.748007678011485
2026-08-19,538,PhilippeA,27.569874948792673,3.6647128020948108,16.575736542508242
2026-08-19,538,Nicolas,12.297240655569215,1.5510857419371311,7.643983429757822
2026-08-19,538,Vadim,23.218184034475357,2.26947850359409,16.40974852369309
2026-08-19,539,NathV,21.23779118573571,2.976218368319921,12.309136080775946
2026-08-19,539,Lily,32.58394728758271,1.1417086850239255,29.158821232510935
2026-08-19,539,Roland,27.56012343432963,1.293096707031711,23.680833313234494
2026-08-19,539,Rémi,35.80590154145443,1.265758827421845,32.008625059188894
2026-08-19,539,ManonV,14.251650714648484,1.5037385941803696,9.740434932107375
2026-08-19,539,Lilou,19.67159017961647,1.2132922290837114,16.031713492365334
2026-08-19,539,Paul,21.141111951681403,1.272142793942647,17.324683569853462
2026-08-19,539,Raphaël,31.263993722204305,1.7057163357305047,26.14684471501279
2026-08-19,539,Julia,20.281404310423188,1.8963107241297958,14.5924721380338
2026-08-19,539,Armelle,23.93448381968539,1.938713073989869,18.118344597715783
2026-08-19,539,Jules,19.582599855483707,1.3393733119930007,15.564479919504706
2026-08-19,539,BenjaminC,27.195882244596994,1.834398344352813,21.692687211538555
2026-08-19,539,LaureS,27.745073543009518,2.2656100513241775,20.948243389036985
2026-08-19,539,Sabine,21.769683818330922,2.2950215863967083,14.884619059140796
2026-08-19,539,Loïc,18.697587181152937,1.4231690504152639,14.428080029907145
2026-08-19,539,JulieB,19.007820777253,1.463027839096313,14.61873725996406
2026-08-19,539,ThéoM,24.529435497150693,1.2615137415938726,20.744894272369073
2026-08-19,539,EmmanuelP,21.20595513879044,1.7285699910234031,16.02024516572023
2026-08-19,539,BenjaminZ,23.035821692543447,1.5252167323165766,18.460171495593716
2026-08-19,539,Maximilien,22.112973266797283,3.7883218629285995,10.748007678011485
2026-08-19,539,PhilippeA,27.569874948792673,3.6647128020948108,16.575736542508242
2026-08-19,539,Nicolas,12.297240655569215,1.5510857419371311,7.643983429757822
2026-08-19,539,Vadim,23.704917305299436,2.2226901959989807,17.036846717302495
2026-08-20,540,NathV,21.23779118573571,2.976218368319921,12.309136080775946
2026-08-20,540,Lily,32.58394728758271,1.1417086850239255,29.158821232510935
2026-08-20,540,Roland,27.796450194017698,1.2855302792363283,23.939859356308713
2026-08-20,540,Rémi,35.80590154145443,1.265758827421845,32.008625059188894
2026-08-20,540,ManonV,14.570898100357857,1.4899318117458233,10.101102665120386
2026-08-20,540,Lilou,19.67159017961647,1.2132922290837114,16.031713492365334
2026-08-20,540,Paul,21.141111951681403,1.272142793942647,17.324683569853462
2026-08-20,540,Raphaël,31.263993722204305,1.7057163357305047,26.14684471501279
2026-08-20,540,Julia,20.281404310423188,1.8963107241297958,14.5924721380338
2026-08-20,540,Armelle,23.93448381968539,1.938713073989869,18.118344597715783
2026-08-20,540,Jules,19.582599855483707,1.3393733119930007,15.564479919504706
2026-08-20,540,BenjaminC,27.195882244596994,1.834398344352813,21.692687211538555
2026-08-20,540,LaureS,27.745073543009518,2.2656100513241775,20.948243389036985
2026-08-20,540,Sabine,21.769683818330922,2.2950215863967083,14.884619059140796
2026-08-20,540,Loïc,18.697587181152937,1.4231690504152639,14.428080029907145
2026-08-20,540,JulieB,19.007820777253,1.463027839096313,14.61873725996406
2026-08-20,540,ThéoM,24.529435497150693,1.2615137415938726,20.744894272369073
2026-08-20,540,EmmanuelP,21.20595513879044,1.7285699910234031,16.02024516572023
2026-08-20,540,BenjaminZ,22.707417576130855,1.510676669576861,18.17538756740027
2026-08-20,540,Maximilien,22.112973266797283,3.7883218629285995,10.748007678011485
2026-08-20,540,PhilippeA,27.569874948792673,3.6647128020948108,16.575736542508242
2026-08-20,540,Nicolas,12.297240655569215,1.5510857419371311,7.643983429757822
2026-08-20,540,Vadim,23.008581300786332,2.172006950893485,16.492560448105877
2026-08-20,541,NathV,21.23779118573571,2.976218368319921,12.309136080775946
2026-08-20,541,Lily,32.59354282583836,1.1434931035654272,29.16306351514208
2026-08-20,541,Roland,27.78429849723309,1.286442811907834,23.92497006150959
2026-08-20,541,Rémi,35.8176838786432,1.2667942436764597,32.01730114761382
2026-08-20,541,ManonV,14.570898100357857,1.4899318117458233,10.101102665120386
2026-08-20,541,Lilou,19.67159017961647,1.2132922290837114,16.031713492365334
2026-08-20,541,Paul,21.141111951681403,1.272142793942647,17.324683569853462
2026-08-20,541,Raphaël,31.263993722204305,1.7057163357305047,26.14684471501279
2026-08-20,541,Julia,20.281404310423188,1.8963107241297958,14.5924721380338
2026-08-20,541,Armelle,23.93448381968539,1.938713073989869,18.118344597715783
2026-08-20,541,Jules,19.582599855483707,1.3393733119930007,15.564479919504706
2026-08-20,541,BenjaminC,27.195882244596994,1.834398344352813,21.692687211538555
2026-08-20,541,LaureS,27.745073543009518,2.2656100513241775,20.948243389036985
2026-08-20,541,Sabine,21.769683818330922,2.2950215863967083,14.884619059140796
2026-08-20,541,Loïc,18.697587181152937,1.4231690504152639,14.428080029907145
2026-08-20,541,JulieB,19.007820777253,1.463027839096313,14.61873725996406
2026-08-20,541,ThéoM,24.529435497150693,1.2615137415938726,20.744894272369073
2026-08-20,541,EmmanuelP,21.20595513879044,1.7285699910234031,16.02024516572023
2026-08-20,541,BenjaminZ,22.690656043612098,1.510079879236731,18.160416405901906
2026-08-20,541,Maximilien,22.112973266797283,3.7883218629285995,10.748007678011485
2026-08-20,541,PhilippeA,27.569874948792673,3.6647128020948108,16.575736542508242
2026-08-20,541,Nicolas,12.297240655569215,1.5510857419371311,7.643983429757822
2026-08-20,541,Vadim,23.008581300786332,2.172006950893485,16.492560448105877
2026-08-24,542,NathV,21.23779118573571,2.976218368319921,12.309136080775946
2026-08-24,542,Lily,32.60818182857436,1.144830156795582,29.173691358187614
2026-08-24,542,Roland,27.78429849723309,1.286442811907834,23.92497006150959
2026-08-24,542,Rémi,35.835632514868166,1.2672300918546413,32.033942239304245
2026-08-24,542,ManonV,14.570898100357857,1.4899318117458233,10.101102665120386
2026-08-24,542,Lilou,19.67159017961647,1.2132922290837114,16.031713492365334
2026-08-24,542,Paul,21.141111951681403,1.272142793942647,17.324683569853462
2026-08-24,542,Raphaël,31.263993722204305,1.7057163357305047,26.14684471501279
2026-08-24,542,Julia,20.281404310423188,1.8963107241297958,14.5924721380338
2026-08-24,542,Armelle,23.93448381968539,1.938713073989869,18.118344597715783
2026-08-24,542,Jules,19.582599855483707,1.3393733119930007,15.564479919504706
2026-08-24,542,BenjaminC,27.195882244596994,1.834398344352813,21.692687211538555
2026-08-24,542,LaureS,27.687833298992626,2.254004878851183,20.925818662439077
2026-08-24,542,Sabine,21.769683818330922,2.2950215863967083,14.884619059140796
2026-08-24,542,Loïc,18.697587181152937,1.4231690504152639,14.428080029907145
2026-08-24,542,JulieB,19.007820777253,1.463027839096313,14.61873725996406
2026-08-24,542,ThéoM,24.511635539772435,1.2619895884838936,20.725666774320754
2026-08-24,542,EmmanuelP,21.20595513879044,1.7285699910234031,16.02024516572023
2026-08-24,542,BenjaminZ,22.690656043612098,1.510079879236731,18.160416405901906
2026-08-24,542,Maximilien,22.112973266797283,3.7883218629285995,10.748007678011485
2026-08-24,542,PhilippeA,27.569874948792673,3.6647128020948108,16.575736542508242
2026-08-24,542,Nicolas,12.297240655569215,1.5510857419371311,7.643983429757822
2026-08-24,542,Vadim,23.008581300786332,2.172006950893485,16.492560448105877
2026-08-24,543,NathV,21.23779118573571,2.976218368319921,12.309136080775946
2026-08-24,543,Lily,32.60818182857436,1.144830156795582,29.173691358187614
2026-08-24,543,Roland,27.78429849723309,1.286442811907834,23.92497006150959
2026-08-24,543,Rémi,35.835632514868166,1.2672300918546413,32.033942239304245
2026-08-24,543,ManonV,14.570898100357857,1.4899318117458233,10.101102665120386
2026-08-24,543,Lilou,19.8259046481329,1.2086097522163768,16.20007539148377
2026-08-24,543,Paul,21.141111951681403,1.272142793942647,17.324683569853462
2026-08-24,543,Raphaël,31.263993722204305,1.7057163357305047,26.14684471501279
2026-08-24,543,Julia,19.90549008633004,1.869339931314035,14.297470292387935
2026-08-24,543,Armelle,23.93448381968539,1.938713073989869,18.118344597715783
2026-08-24,543,Jules,19.582599855483707,1.3393733119930007,15.564479919504706
2026-08-24,543,BenjaminC,27.195882244596994,1.834398344352813,21.692687211538555
2026-08-24,543,LaureS,27.687833298992626,2.254004878851183,20.925818662439077
2026-08-24,543,Sabine,21.769683818330922,2.2950215863967083,14.884619059140796
2026-08-24,543,Loïc,18.697587181152937,1.4231690504152639,14.428080029907145
2026-08-24,543,JulieB,19.007820777253,1.463027839096313,14.61873725996406
2026-08-24,543,ThéoM,24.511635539772435,1.2619895884838936,20.725666774320754
2026-08-24,543,EmmanuelP,21.20595513879044,1.7285699910234031,16.02024516572023
2026-08-24,543,BenjaminZ,22.929301013749235,1.4978501720758486,18.43575049752169
2026-08-24,543,Maximilien,22.112973266797283,3.7883218629285995,10.748007678011485
2026-08-24,543,PhilippeA,27.569874948792673,3.6647128020948108,16.575736542508242
2026-08-24,543,Nicolas,12.297240655569215,1.5510857419371311,7.643983429757822
2026-08-24,543,Vadim,22.515642372256842,2.1302530358678946,16.124883264653157
2026-08-24,544,NathV,21.23779118573571,2.976218368319921,12.309136080775946
2026-08-24,544,Lily,32.60818182857436,1.144830156795582,29.173691358187614
2026-08-24,544,Roland,27.546931193902644,1.2789313935171631,23.710137013351154
2026-08-24,544,Rémi,36.06599211863162,1.260209297034836,32.28536422752711
2026-08-24,544,ManonV,14.88895923850101,1.4764059677574166,10.459741335228761
2026-08-24,544,Lilou,19.8259046481329,1.2086097522163768,16.20007539148377
2026-08-24,544,Paul,21.141111951681403,1.272142793942647,17.324683569853462
2026-08-24,544,Raphaël,31.263993722204305,1.7057163357305047,26.14684471501279
2026-08-24,544,Julia,19.90549008633004,1.869339931314035,14.297470292387935
2026-08-24,544,Armelle,23.93448381968539,1.938713073989869,18.118344597715783
2026-08-24,544,Jules,19.582599855483707,1.3393733119930007,15.564479919504706
2026-08-24,544,BenjaminC,27.195882244596994,1.834398344352813,21.692687211538555
2026-08-24,544,LaureS,26.96118497774322,2.2004133386472957,20.359944961801332
2026-08-24,544,Sabine,21.769683818330922,2.2950215863967083,14.884619059140796
2026-08-24,544,Loïc,18.697587181152937,1.4231690504152639,14.428080029907145
2026-08-24,544,JulieB,19.007820777253,1.463027839096313,14.61873725996406
2026-08-24,544,ThéoM,24.511635539772435,1.2619895884838936,20.725666774320754
2026-08-24,544,EmmanuelP,21.20595513879044,1.7285699910234031,16.02024516572023
2026-08-24,544,BenjaminZ,22.929301013749235,1.4978501720758486,18.43575049752169
2026-08-24,544,Maximilien,22.112973266797283,3.7883218629285995,10.748007678011485
2026-08-24,544,PhilippeA,27.569874948792673,3.6647128020948108,16.575736542508242
2026-08-24,544,Nicolas,12.297240655569215,1.5510857419371311,7.643983429757822
2026-08-24,544,Vadim,22.515642372256842,2.1302530358678946,16.124883264653157
2026-08-24,545,NathV,21.23779118573571,2.976218368319921,12.309136080775946
2026-08-24,545,Lily,32.49672242898127,1.1417360219406956,29.071514363159185
2026-08-24,545,Roland,27.546931193902644,1.2789313935171631,23.710137013351154
2026-08-24,545,Rémi,36.20092562272212,1.2548009957292192,32.43652263553446
2026-08-24,545,ManonV,14.88895923850101,1.4764059677574166,10.459741335228761
2026-08-24,545,Lilou,19.8259046481329,1.2086097522163768,16.20007539148377
2026-08-24,545,Paul,21.141111951681403,1.272142793942647,17.324683569853462
2026-08-24,545,Raphaël,31.263993722204305,1.7057163357305047,26.14684471501279
2026-08-24,545,Julia,19.90549008633004,1.869339931314035,14.297470292387935
2026-08-24,545,Armelle,23.93448381968539,1.938713073989869,18.118344597715783
2026-08-24,545,Jules,19.582599855483707,1.3393733119930007,15.564479919504706
2026-08-24,545,BenjaminC,27.195882244596994,1.834398344352813,21.692687211538555
2026-08-24,545,LaureS,26.96118497774322,2.2004133386472957,20.359944961801332
2026-08-24,545,Sabine,21.769683818330922,2.2950215863967083,14.884619059140796
2026-08-24,545,Loïc,18.697587181152937,1.4231690504152639,14.428080029907145
2026-08-24,545,JulieB,19.007820777253,1.463027839096313,14.61873725996406
2026-08-24,545,ThéoM,24.376322187575976,1.2565428547912485,20.60669362320223
2026-08-24,545,EmmanuelP,21.20595513879044,1.7285699910234031,16.02024516572023
2026-08-24,545,BenjaminZ,23.119679761828035,1.4864718990470671,18.660264064686835
2026-08-24,545,Maximilien,22.112973266797283,3.7883218629285995,10.748007678011485
2026-08-24,545,PhilippeA,27.569874948792673,3.6647128020948108,16.575736542508242
2026-08-24,545,Nicolas,12.297240655569215,1.5510857419371311,7.643983429757822
2026-08-24,545,Vadim,22.515642372256842,2.1302530358678946,16.124883264653157
2026-08-24,546,NathV,21.23779118573571,2.976218368319921,12.309136080775946
2026-08-24,546,Lily,32.54162914981784,1.1410064681351515,29.118609745412382
2026-08-24,546,Roland,27.490644347589985,1.2763555335987455,23.661577746793746
2026-08-24,546,Rémi,36.20092562272212,1.2548009957292192,32.43652263553446
2026-08-24,546,ManonV,14.88895923850101,1.4764059677574166,10.459741335228761
2026-08-24,546,Lilou,19.775612008836916,1.2070141050322196,16.154569693740257
2026-08-24,546,Paul,21.141111951681403,1.272142793942647,17.324683569853462
2026-08-24,546,Raphaël,31.263993722204305,1.7057163357305047,26.14684471501279
2026-08-24,546,Julia,19.90549008633004,1.869339931314035,14.297470292387935
2026-08-24,546,Armelle,23.93448381968539,1.938713073989869,18.118344597715783
2026-08-24,546,Jules,19.582599855483707,1.3393733119930007,15.564479919504706
2026-08-24,546,BenjaminC,27.195882244596994,1.834398344352813,21.692687211538555
2026-08-24,546,LaureS,26.96118497774322,2.2004133386472957,20.359944961801332
2026-08-24,546,Sabine,21.769683818330922,2.2950215863967083,14.884619059140796
2026-08-24,546,Loïc,18.697587181152937,1.4231690504152639,14.428080029907145
2026-08-24,546,JulieB,19.007820777253,1.463027839096313,14.61873725996406
2026-08-24,546,ThéoM,24.43066386453456,1.254287300647237,20.667801962592847
2026-08-24,546,EmmanuelP,21.20595513879044,1.7285699910234031,16.02024516572023
2026-08-24,546,BenjaminZ,23.119679761828035,1.4864718990470671,18.660264064686835
2026-08-24,546,Maximilien,22.112973266797283,3.7883218629285995,10.748007678011485
2026-08-24,546,PhilippeA,27.569874948792673,3.6647128020948108,16.575736542508242
2026-08-24,546,Nicolas,12.297240655569215,1.5510857419371311,7.643983429757822
2026-08-24,546,Vadim,22.515642372256842,2.1302530358678946,16.124883264653157
2026-08-24,547,NathV,21.23779118573571,2.976218368319921,12.309136080775946
2026-08-24,547,Lily,32.54162914981784,1.1410064681351515,29.118609745412382
2026-08-24,547,Roland,27.77091235160844,1.2681213075823075,23.96654842886152
2026-08-24,547,Rémi,35.93000393633209,1.2471580792415322,32.188529698607496
2026-08-24,547,ManonV,14.88895923850101,1.4764059677574166,10.459741335228761
2026-08-24,547,Lilou,19.775612008836916,1.2070141050322196,16.154569693740257
2026-08-24,547,Paul,21.141111951681403,1.272142793942647,17.324683569853462
2026-08-24,547,Raphaël,31.263993722204305,1.7057163357305047,26.14684471501279
2026-08-24,547,Julia,19.90549008633004,1.869339931314035,14.297470292387935
2026-08-24,547,Armelle,23.93448381968539,1.938713073989869,18.118344597715783
2026-08-24,547,Jules,19.582599855483707,1.3393733119930007,15.564479919504706
2026-08-24,547,BenjaminC,27.195882244596994,1.834398344352813,21.692687211538555
2026-08-24,547,LaureS,26.96118497774322,2.2004133386472957,20.359944961801332
2026-08-24,547,Sabine,21.769683818330922,2.2950215863967083,14.884619059140796
2026-08-24,547,Loïc,18.697587181152937,1.4231690504152639,14.428080029907145
2026-08-24,547,JulieB,19.007820777253,1.463027839096313,14.61873725996406
2026-08-24,547,ThéoM,24.701364748331436,1.2466582691311774,20.961389940937902
2026-08-24,547,EmmanuelP,21.20595513879044,1.7285699910234031,16.02024516572023
2026-08-24,547,BenjaminZ,22.73996366554839,1.471508628518268,18.325437779993585
2026-08-24,547,Maximilien,22.112973266797283,3.7883218629285995,10.748007678011485
2026-08-24,547,PhilippeA,27.569874948792673,3.6647128020948108,16.575736542508242
2026-08-24,547,Nicolas,12.297240655569215,1.5510857419371311,7.643983429757822
2026-08-24,547,Vadim,22.515642372256842,2.1302530358678946,16.124883264653157
2026-08-24,548,NathV,21.23779118573571,2.976218368319921,12.309136080775946
2026-08-24,548,Lily,32.54162914981784,1.1410064681351515,29.118609745412382
2026-08-24,548,Roland,27.720340241983724,1.2660224173971604,23.922272989792244
2026-08-24,548,Rémi,35.97892498739321,1.2453401347641515,32.24290458310076
2026-08-24,548,ManonV,14.88895923850101,1.4764059677574166,10.459741335228761
2026-08-24,548,Lilou,19.775612008836916,1.2070141050322196,16.154569693740257
2026-08-24,548,Paul,21.141111951681403,1.272142793942647,17.324683569853462
2026-08-24,548,Raphaël,31.263993722204305,1.7057163357305047,26.14684471501279
2026-08-24,548,Julia,19.90549008633004,1.869339931314035,14.297470292387935
2026-08-24,548,Armelle,23.93448381968539,1.938713073989869,18.118344597715783
2026-08-24,548,Jules,19.582599855483707,1.3393733119930007,15.564479919504706
2026-08-24,548,BenjaminC,27.195882244596994,1.834398344352813,21.692687211538555
2026-08-24,548,LaureS,26.96118497774322,2.2004133386472957,20.359944961801332
2026-08-24,548,Sabine,21.769683818330922,2.2950215863967083,14.884619059140796
2026-08-24,548,Loïc,18.697587181152937,1.4231690504152639,14.428080029907145
2026-08-24,548,JulieB,19.007820777253,1.463027839096313,14.61873725996406
2026-08-24,548,ThéoM,24.750246770377988,1.244846946338319,21.01570593136303
2026-08-24,548,EmmanuelP,21.20595513879044,1.7285699910234031,16.02024516572023
2026-08-24,548,BenjaminZ,22.671944029674904,1.4663210132621398,18.272980989888485
2026-08-24,548,Maximilien,22.112973266797283,3.7883218629285995,10.748007678011485
2026-08-24,548,PhilippeA,27.569874948792673,3.6647128020948108,16.575736542508242
2026-08-24,548,Nicolas,12.297240655569215,1.5510857419371311,7.643983429757822
2026-08-24,548,Vadim,22.515642372256842,2.1302530358678946,16.124883264653157
2026-08-25,549,NathV,21.23779118573571,2.976218368319921,12.309136080775946
2026-08-25,549,Lily,32.64270953238653,1.1405699930087554,29.220999553360265
2026-08-25,549,Roland,27.720340241983724,1.2660224173971604,23.922272989792244
2026-08-25,549,Rémi,35.85861642200601,1.243610855180662,32.12778385646402
2026-08-25,549,ManonV,14.88895923850101,1.4764059677574166,10.459741335228761
2026-08-25,549,Lilou,19.775612008836916,1.2070141050322196,16.154569693740257
2026-08-25,549,Paul,21.141111951681403,1.272142793942647,17.324683569853462
2026-08-25,549,Raphaël,31.263993722204305,1.7057163357305047,26.14684471501279
2026-08-25,549,Julia,19.90549008633004,1.869339931314035,14.297470292387935
2026-08-25,549,Armelle,23.93448381968539,1.938713073989869,18.118344597715783
2026-08-25,549,Jules,19.582599855483707,1.3393733119930007,15.564479919504706
2026-08-25,549,BenjaminC,27.195882244596994,1.834398344352813,21.692687211538555
2026-08-25,549,LaureS,27.335649979736967,2.1771055732075406,20.804333260114348
2026-08-25,549,Sabine,21.769683818330922,2.2950215863967083,14.884619059140796
2026-08-25,549,Loïc,18.697587181152937,1.4231690504152639,14.428080029907145
2026-08-25,549,JulieB,19.007820777253,1.463027839096313,14.61873725996406
2026-08-25,549,ThéoM,24.750246770377988,1.244846946338319,21.01570593136303
2026-08-25,549,EmmanuelP,21.20595513879044,1.7285699910234031,16.02024516572023
2026-08-25,549,BenjaminZ,22.671944029674904,1.4663210132621398,18.272980989888485
2026-08-25,549,Maximilien,22.112973266797283,3.7883218629285995,10.748007678011485
2026-08-25,549,PhilippeA,27.569874948792673,3.6647128020948108,16.575736542508242
2026-08-25,549,Nicolas,12.297240655569215,1.5510857419371311,7.643983429757822
2026-08-25,549,Vadim,22.515642372256842,2.1302530358678946,16.124883264653157
2026-08-25,550,NathV,21.23779118573571,2.976218368319921,12.309136080775946
2026-08-25,550,Lily,32.48199472538322,1.1368447022204418,29.071460618721893
2026-08-25,550,Roland,27.720340241983724,1.2660224173971604,23.922272989792244
2026-08-25,550,Rémi,36.04952021378232,1.2376361779161889,32.336611680033755
2026-08-25,550,ManonV,14.88895923850101,1.4764059677574166,10.459741335228761
2026-08-25,550,Lilou,19.775612008836916,1.2070141050322196,16.154569693740257
2026-08-25,550,Paul,21.141111951681403,1.272142793942647,17.324683569853462
2026-08-25,550,Raphaël,31.263993722204305,1.7057163357305047,26.14684471501279
2026-08-25,550,Julia,19.90549008633004,1.869339931314035,14.297470292387935
2026-08-25,550,Armelle,23.93448381968539,1.938713073989869,18.118344597715783
2026-08-25,550,Jules,19.582599855483707,1.3393733119930007,15.564479919504706
2026-08-25,550,BenjaminC,27.195882244596994,1.834398344352813,21.692687211538555
2026-08-25,550,LaureS,26.75234639662283,2.131548067479751,20.357702194183577
2026-08-25,550,Sabine,21.769683818330922,2.2950215863967083,14.884619059140796
2026-08-25,550,Loïc,18.697587181152937,1.4231690504152639,14.428080029907145
2026-08-25,550,JulieB,19.007820777253,1.463027839096313,14.61873725996406
2026-08-25,550,ThéoM,24.750246770377988,1.244846946338319,21.01570593136303
2026-08-25,550,EmmanuelP,21.573984070226334,1.7070423814736089,16.452856925805506
2026-08-25,550,BenjaminZ,22.671944029674904,1.4663210132621398,18.272980989888485
2026-08-25,550,Maximilien,22.112973266797283,3.7883218629285995,10.748007678011485
2026-08-25,550,PhilippeA,27.569874948792673,3.6647128020948108,16.575736542508242
2026-08-25,550,Nicolas,12.297240655569215,1.5510857419371311,7.643983429757822
2026-08-25,550,Vadim,22.515642372256842,2.1302530358678946,16.124883264653157
2026-08-25,551,NathV,21.23779118573571,2.976218368319921,12.309136080775946
2026-08-25,551,Lily,32.48199472538322,1.1368447022204418,29.071460618721893
2026-08-25,551,Roland,27.81894853501202,1.2618133561485791,24.033508466566282
2026-08-25,551,Rémi,36.04952021378232,1.2376361779161889,32.336611680033755
2026-08-25,551,ManonV,14.88895923850101,1.4764059677574166,10.459741335228761
2026-08-25,551,Lilou,19.86528114028749,1.2038633090690167,16.25369121308044
2026-08-25,551,Paul,21.141111951681403,1.272142793942647,17.324683569853462
2026-08-25,551,Raphaël,31.263993722204305,1.7057163357305047,26.14684471501279
2026-08-25,551,Julia,19.691007597056977,1.848833240440571,14.144507875735265
2026-08-25,551,Armelle,23.93448381968539,1.938713073989869,18.118344597715783
2026-08-25,551,Jules,19.582599855483707,1.3393733119930007,15.564479919504706
2026-08-25,551,BenjaminC,27.195882244596994,1.834398344352813,21.692687211538555
2026-08-25,551,LaureS,26.75234639662283,2.131548067479751,20.357702194183577
2026-08-25,551,Sabine,21.769683818330922,2.2950215863967083,14.884619059140796
2026-08-25,551,Loïc,18.697587181152937,1.4231690504152639,14.428080029907145
2026-08-25,551,JulieB,19.007820777253,1.463027839096313,14.61873725996406
2026-08-25,551,ThéoM,24.750246770377988,1.244846946338319,21.01570593136303
2026-08-25,551,EmmanuelP,21.573984070226334,1.7070423814736089,16.452856925805506
2026-08-25,551,BenjaminZ,22.53981093219999,1.457898633004039,18.16611503318787
2026-08-25,551,Maximilien,22.112973266797283,3.7883218629285995,10.748007678011485
2026-08-25,551,PhilippeA,27.569874948792673,3.6647128020948108,16.575736542508242
2026-08-25,551,Nicolas,12.297240655569215,1.5510857419371311,7.643983429757822
2026-08-25,551,Vadim,22.515642372256842,2.1302530358678946,16.124883264653157
2026-08-25,552,NathV,21.23779118573571,2.976218368319921,12.309136080775946
2026-08-25,552,Lily,32.69513737228959,1.1322721542966108,29.298320909399756
2026-08-25,552,Roland,27.81894853501202,1.2618133561485791,24.033508466566282
2026-08-25,552,Rémi,35.79711910909775,1.230609500634981,32.105290607192806
2026-08-25,552,ManonV,14.88895923850101,1.4764059677574166,10.459741335228761
2026-08-25,552,Lilou,19.86528114028749,1.2038633090690167,16.25369121308044
2026-08-25,552,Paul,21.141111951681403,1.272142793942647,17.324683569853462
2026-08-25,552,Raphaël,31.263993722204305,1.7057163357305047,26.14684471501279
2026-08-25,552,Julia,19.691007597056977,1.848833240440571,14.144507875735265
2026-08-25,552,Armelle,23.93448381968539,1.938713073989869,18.118344597715783
2026-08-25,552,Jules,19.582599855483707,1.3393733119930007,15.564479919504706
2026-08-25,552,BenjaminC,27.195882244596994,1.834398344352813,21.692687211538555
2026-08-25,552,LaureS,26.75234639662283,2.131548067479751,20.357702194183577
2026-08-25,552,Sabine,21.769683818330922,2.2950215863967083,14.884619059140796
2026-08-25,552,Loïc,18.697587181152937,1.4231690504152639,14.428080029907145
2026-08-25,552,JulieB,19.007820777253,1.463027839096313,14.61873725996406
2026-08-25,552,ThéoM,24.494909310373,1.2376315883881281,20.782014545208614
2026-08-25,552,EmmanuelP,22.053124825584128,1.6832743159406836,17.003301877762077
2026-08-25,552,BenjaminZ,22.53981093219999,1.457898633004039,18.16611503318787
2026-08-25,552,Maximilien,22.112973266797283,3.7883218629285995,10.748007678011485
2026-08-25,552,PhilippeA,27.569874948792673,3.6647128020948108,16.575736542508242
2026-08-25,552,Nicolas,12.297240655569215,1.5510857419371311,7.643983429757822
2026-08-25,552,Vadim,22.515642372256842,2.1302530358678946,16.124883264653157
2026-08-25,553,NathV,21.23779118573571,2.976218368319921,12.309136080775946
2026-08-25,553,Lily,32.69513737228959,1.1322721542966108,29.298320909399756
2026-08-25,553,Roland,28.0296330213153,1.2547227804344452,24.265464680011963
2026-08-25,553,Rémi,35.59668127970648,1.2242992141320403,31.923783637310358
2026-08-25,553,ManonV,14.88895923850101,1.4764059677574166,10.459741335228761
2026-08-25,553,Lilou,19.673421963685165,1.1981965873151001,16.078832201739864
2026-08-25,553,Paul,21.141111951681403,1.272142793942647,17.324683569853462
2026-08-25,553,Raphaël,31.263993722204305,1.7057163357305047,26.14684471501279
2026-08-25,553,Julia,19.691007597056977,1.848833240440571,14.144507875735265
2026-08-25,553,Armelle,23.93448381968539,1.938713073989869,18.118344597715783
2026-08-25,553,Jules,19.582599855483707,1.3393733119930007,15.564479919504706
2026-08-25,553,BenjaminC,27.195882244596994,1.834398344352813,21.692687211538555
2026-08-25,553,LaureS,26.75234639662283,2.131548067479751,20.357702194183577
2026-08-25,553,Sabine,21.769683818330922,2.2950215863967083,14.884619059140796
2026-08-25,553,Loïc,18.697587181152937,1.4231690504152639,14.428080029907145
2026-08-25,553,JulieB,19.007820777253,1.463027839096313,14.61873725996406
2026-08-25,553,ThéoM,24.69763066618922,1.2311485105382542,21.004185134574456
2026-08-25,553,EmmanuelP,22.053124825584128,1.6832743159406836,17.003301877762077
2026-08-25,553,BenjaminZ,22.53981093219999,1.457898633004039,18.16611503318787
2026-08-25,553,Maximilien,22.112973266797283,3.7883218629285995,10.748007678011485
2026-08-25,553,PhilippeA,27.569874948792673,3.6647128020948108,16.575736542508242
2026-08-25,553,Nicolas,12.297240655569215,1.5510857419371311,7.643983429757822
2026-08-25,553,Vadim,22.515642372256842,2.1302530358678946,16.124883264653157
2026-08-25,554,NathV,21.23779118573571,2.976218368319921,12.309136080775946
2026-08-25,554,Lily,32.48099824466935,1.1277079010391,29.097874541552052
2026-08-25,554,Roland,28.29233014800218,1.2471163237893812,24.550981176634036
2026-08-25,554,Rémi,35.59668127970648,1.2242992141320403,31.923783637310358
2026-08-25,554,ManonV,14.88895923850101,1.4764059677574166,10.459741335228761
2026-08-25,554,Lilou,19.673421963685165,1.1981965873151001,16.078832201739864
2026-08-25,554,Paul,21.141111951681403,1.272142793942647,17.324683569853462
2026-08-25,554,Raphaël,31.263993722204305,1.7057163357305047,26.14684471501279
2026-08-25,554,Julia,19.691007597056977,1.848833240440571,14.144507875735265
2026-08-25,554,Armelle,23.93448381968539,1.938713073989869,18.118344597715783
2026-08-25,554,Jules,19.582599855483707,1.3393733119930007,15.564479919504706
2026-08-25,554,BenjaminC,27.195882244596994,1.834398344352813,21.692687211538555
2026-08-25,554,LaureS,26.75234639662283,2.131548067479751,20.357702194183577
2026-08-25,554,Sabine,21.769683818330922,2.2950215863967083,14.884619059140796
2026-08-25,554,Loïc,18.697587181152937,1.4231690504152639,14.428080029907145
2026-08-25,554,JulieB,19.007820777253,1.463027839096313,14.61873725996406
2026-08-25,554,ThéoM,24.444669194265412,1.2241675147277815,20.772166650082067
2026-08-25,554,EmmanuelP,22.053124825584128,1.6832743159406836,17.003301877762077
2026-08-25,554,BenjaminZ,22.894068853150017,1.4440140067671887,18.562026832848453
2026-08-25,554,Maximilien,22.112973266797283,3.7883218629285995,10.748007678011485
2026-08-25,554,PhilippeA,27.569874948792673,3.6647128020948108,16.575736542508242
2026-08-25,554,Nicolas,12.297240655569215,1.5510857419371311,7.643983429757822
2026-08-25,554,Vadim,22.515642372256842,2.1302530358678946,16.124883264653157
2026-08-25,555,NathV,21.23779118573571,2.976218368319921,12.309136080775946
2026-08-25,555,Lily,32.69671948642384,1.1231558296711608,29.327251997410357
2026-08-25,555,Roland,28.028767821404113,1.2395897564448555,24.309998552069548
2026-08-25,555,Rémi,35.34263246771477,1.2173788522661213,31.690495910916407
2026-08-25,555,ManonV,14.88895923850101,1.4764059677574166,10.459741335228761
2026-08-25,555,Lilou,19.673421963685165,1.1981965873151001,16.078832201739864
2026-08-25,555,Paul,21.141111951681403,1.272142793942647,17.324683569853462
2026-08-25,555,Raphaël,31.263993722204305,1.7057163357305047,26.14684471501279
2026-08-25,555,Julia,19.691007597056977,1.848833240440571,14.144507875735265
2026-08-25,555,Armelle,23.93448381968539,1.938713073989869,18.118344597715783
2026-08-25,555,Jules,19.582599855483707,1.3393733119930007,15.564479919504706
2026-08-25,555,BenjaminC,27.195882244596994,1.834398344352813,21.692687211538555
2026-08-25,555,LaureS,26.75234639662283,2.131548067479751,20.357702194183577
2026-08-25,555,Sabine,21.769683818330922,2.2950215863967083,14.884619059140796
2026-08-25,555,Loïc,18.697587181152937,1.4231690504152639,14.428080029907145
2026-08-25,555,JulieB,19.007820777253,1.463027839096313,14.61873725996406
2026-08-25,555,ThéoM,24.698663604540435,1.2172505979160275,21.046911810792352
2026-08-25,555,EmmanuelP,22.053124825584128,1.6832743159406836,17.003301877762077
2026-08-25,555,BenjaminZ,22.894068853150017,1.4440140067671887,18.562026832848453
2026-08-25,555,Maximilien,22.112973266797283,3.7883218629285995,10.748007678011485
2026-08-25,555,PhilippeA,27.569874948792673,3.6647128020948108,16.575736542508242
2026-08-25,555,Nicolas,12.297240655569215,1.5510857419371311,7.643983429757822
2026-08-25,555,Vadim,22.515642372256842,2.1302530358678946,16.124883264653157
2026-08-25,556,NathV,21.23779118573571,2.976218368319921,12.309136080775946
2026-08-25,556,Lily,32.69671948642384,1.1231558296711608,29.327251997410357
2026-08-25,556,Roland,28.113302052106622,1.2362442021587976,24.40456944563023
2026-08-25,556,Rémi,35.34263246771477,1.2173788522661213,31.690495910916407
2026-08-25,556,ManonV,14.88895923850101,1.4764059677574166,10.459741335228761
2026-08-25,556,Lilou,19.673421963685165,1.1981965873151001,16.078832201739864
2026-08-25,556,Paul,21.141111951681403,1.272142793942647,17.324683569853462
2026-08-25,556,Raphaël,31.263993722204305,1.7057163357305047,26.14684471501279
2026-08-25,556,Julia,19.691007597056977,1.848833240440571,14.144507875735265
2026-08-25,556,Armelle,23.72825609032646,1.9170096391046707,17.977227173012448
2026-08-25,556,Jules,19.582599855483707,1.3393733119930007,15.564479919504706
2026-08-25,556,BenjaminC,27.195882244596994,1.834398344352813,21.692687211538555
2026-08-25,556,LaureS,26.75234639662283,2.131548067479751,20.357702194183577
2026-08-25,556,Sabine,21.769683818330922,2.2950215863967083,14.884619059140796
2026-08-25,556,Loïc,18.697587181152937,1.4231690504152639,14.428080029907145
2026-08-25,556,JulieB,19.007820777253,1.463027839096313,14.61873725996406
2026-08-25,556,ThéoM,24.780192021524115,1.2142815269395273,21.137347440705533
2026-08-25,556,EmmanuelP,22.053124825584128,1.6832743159406836,17.003301877762077
2026-08-25,556,BenjaminZ,22.77948983601602,1.436713508575036,18.46934931029091
2026-08-25,556,Maximilien,22.112973266797283,3.7883218629285995,10.748007678011485
2026-08-25,556,PhilippeA,27.569874948792673,3.6647128020948108,16.575736542508242
2026-08-25,556,Nicolas,12.297240655569215,1.5510857419371311,7.643983429757822
2026-08-25,556,Vadim,22.515642372256842,2.1302530358678946,16.124883264653157
2026-08-25,557,NathV,21.23779118573571,2.976218368319921,12.309136080775946
2026-08-25,557,Lily,32.69671948642384,1.1231558296711608,29.327251997410357
2026-08-25,557,Roland,28.23554485617121,1.2317030383122007,24.540435741234607
2026-08-25,557,Rémi,35.34263246771477,1.2173788522661213,31.690495910916407
2026-08-25,557,ManonV,14.88895923850101,1.4764059677574166,10.459741335228761
2026-08-25,557,Lilou,19.673421963685165,1.1981965873151001,16.078832201739864
2026-08-25,557,Paul,21.141111951681403,1.272142793942647,17.324683569853462
2026-08-25,557,Raphaël,31.263993722204305,1.7057163357305047,26.14684471501279
2026-08-25,557,Julia,19.691007597056977,1.848833240440571,14.144507875735265
2026-08-25,557,Armelle,23.43508958934454,1.891420130276492,17.76082919851506
2026-08-25,557,Jules,19.582599855483707,1.3393733119930007,15.564479919504706
2026-08-25,557,BenjaminC,27.195882244596994,1.834398344352813,21.692687211538555
2026-08-25,557,LaureS,26.75234639662283,2.131548067479751,20.357702194183577
2026-08-25,557,Sabine,21.769683818330922,2.2950215863967083,14.884619059140796
2026-08-25,557,Loïc,18.697587181152937,1.4231690504152639,14.428080029907145
2026-08-25,557,JulieB,19.007820777253,1.463027839096313,14.61873725996406
2026-08-25,557,ThéoM,24.662234607461947,1.210174631523937,21.031710712890135
2026-08-25,557,EmmanuelP,22.053124825584128,1.6832743159406836,17.003301877762077
2026-08-25,557,BenjaminZ,22.944399022499017,1.4276049984518069,18.661584027143597
2026-08-25,557,Maximilien,22.112973266797283,3.7883218629285995,10.748007678011485
2026-08-25,557,PhilippeA,27.569874948792673,3.6647128020948108,16.575736542508242
2026-08-25,557,Nicolas,12.297240655569215,1.5510857419371311,7.643983429757822
2026-08-25,557,Vadim,22.515642372256842,2.1302530358678946,16.124883264653157
2026-08-26,558,NathV,21.23779118573571,2.976218368319921,12.309136080775946
2026-08-26,558,Lily,32.69671948642384,1.1231558296711608,29.327251997410357
2026-08-26,558,Roland,28.29885356431925,1.2294743607540681,24.610430482057044
2026-08-26,558,Rémi,35.34263246771477,1.2173788522661213,31.690495910916407
2026-08-26,558,ManonV,14.88895923850101,1.4764059677574166,10.459741335228761
2026-08-26,558,Lilou,19.673421963685165,1.1981965873151001,16.078832201739864
2026-08-26,558,Paul,21.141111951681403,1.272142793942647,17.324683569853462
2026-08-26,558,Raphaël,31.263993722204305,1.7057163357305047,26.14684471501279
2026-08-26,558,Julia,19.54872725542107,1.8336708812704345,14.047714611609766
2026-08-26,558,Armelle,23.43508958934454,1.891420130276492,17.76082919851506
2026-08-26,558,Jules,19.582599855483707,1.3393733119930007,15.564479919504706
2026-08-26,558,BenjaminC,27.195882244596994,1.834398344352813,21.692687211538555
2026-08-26,558,LaureS,26.75234639662283,2.131548067479751,20.357702194183577
2026-08-26,558,Sabine,21.769683818330922,2.2950215863967083,14.884619059140796
2026-08-26,558,Loïc,18.697587181152937,1.4231690504152639,14.428080029907145
2026-08-26,558,JulieB,19.007820777253,1.463027839096313,14.61873725996406
2026-08-26,558,ThéoM,24.662234607461947,1.210174631523937,21.031710712890135
2026-08-26,558,EmmanuelP,22.053124825584128,1.6832743159406836,17.003301877762077
2026-08-26,558,BenjaminZ,22.859449409284938,1.4221887393514097,18.592883191230708
2026-08-26,558,Maximilien,22.112973266797283,3.7883218629285995,10.748007678011485
2026-08-26,558,PhilippeA,27.569874948792673,3.6647128020948108,16.575736542508242
2026-08-26,558,Nicolas,12.297240655569215,1.5510857419371311,7.643983429757822
2026-08-26,558,Vadim,22.704439102622256,2.105797325214856,16.387047126977688
2026-08-26,559,NathV,21.23779118573571,2.976218368319921,12.309136080775946
2026-08-26,559,Lily,32.69671948642384,1.1231558296711608,29.327251997410357
2026-08-26,559,Roland,28.34549232344759,1.2280935696400765,24.66121161452736
2026-08-26,559,Rémi,35.34263246771477,1.2173788522661213,31.690495910916407
2026-08-26,559,ManonV,14.88895923850101,1.4764059677574166,10.459741335228761
2026-08-26,559,Lilou,19.673421963685165,1.1981965873151001,16.078832201739864
2026-08-26,559,Paul,21.091194920725478,1.2702163264207216,17.280545941463313
2026-08-26,559,Raphaël,31.263993722204305,1.7057163357305047,26.14684471501279
2026-08-26,559,Julia,19.445247297430075,1.8216480239453074,13.980303225594152
2026-08-26,559,Armelle,23.43508958934454,1.891420130276492,17.76082919851506
2026-08-26,559,Jules,19.582599855483707,1.3393733119930007,15.564479919504706
2026-08-26,559,BenjaminC,27.195882244596994,1.834398344352813,21.692687211538555
2026-08-26,559,LaureS,26.75234639662283,2.131548067479751,20.357702194183577
2026-08-26,559,Sabine,21.769683818330922,2.2950215863967083,14.884619059140796
2026-08-26,559,Loïc,18.697587181152937,1.4231690504152639,14.428080029907145
2026-08-26,559,JulieB,19.007820777253,1.463027839096313,14.61873725996406
2026-08-26,559,ThéoM,24.662234607461947,1.210174631523937,21.031710712890135
2026-08-26,559,EmmanuelP,22.053124825584128,1.6832743159406836,17.003301877762077
2026-08-26,559,BenjaminZ,22.859449409284938,1.4221887393514097,18.592883191230708
2026-08-26,559,Maximilien,22.112973266797283,3.7883218629285995,10.748007678011485
2026-08-26,559,PhilippeA,27.569874948792673,3.6647128020948108,16.575736542508242
2026-08-26,559,Nicolas,12.297240655569215,1.5510857419371311,7.643983429757822
2026-08-26,559,Vadim,22.84084405926821,2.0863598909914205,16.581764386293948
2026-08-26,560,NathV,21.23779118573571,2.976218368319921,12.309136080775946
2026-08-26,560,Lily,32.728631944824826,1.123381330538856,29.358487953208257
2026-08-26,560,Roland,28.34549232344759,1.2280935696400765,24.66121161452736
2026-08-26,560,Rémi,35.34263246771477,1.2173788522661213,31.690495910916407
2026-08-26,560,ManonV,14.88895923850101,1.4764059677574166,10.459741335228761
2026-08-26,560,Lilou,19.673421963685165,1.1981965873151001,16.078832201739864
2026-08-26,560,Paul,21.05042718314005,1.2688134505104116,17.243986831608815
2026-08-26,560,Raphaël,31.263993722204305,1.7057163357305047,26.14684471501279
2026-08-26,560,Julia,19.445247297430075,1.8216480239453074,13.980303225594152
2026-08-26,560,Armelle,23.43508958934454,1.891420130276492,17.76082919851506
2026-08-26,560,Jules,19.582599855483707,1.3393733119930007,15.564479919504706
2026-08-26,560,BenjaminC,27.195882244596994,1.834398344352813,21.692687211538555
2026-08-26,560,LaureS,26.75234639662283,2.131548067479751,20.357702194183577
2026-08-26,560,Sabine,21.769683818330922,2.2950215863967083,14.884619059140796
2026-08-26,560,Loïc,18.697587181152937,1.4231690504152639,14.428080029907145
2026-08-26,560,JulieB,19.007820777253,1.463027839096313,14.61873725996406
2026-08-26,560,ThéoM,24.662234607461947,1.210174631523937,21.031710712890135
2026-08-26,560,EmmanuelP,22.053124825584128,1.6832743159406836,17.003301877762077
2026-08-26,560,BenjaminZ,22.808387269000498,1.4188315397913243,18.551892649626524
2026-08-26,560,Maximilien,22.112973266797283,3.7883218629285995,10.748007678011485
2026-08-26,560,PhilippeA,27.569874948792673,3.6647128020948108,16.575736542508242
2026-08-26,560,Nicolas,12.297240655569215,1.5510857419371311,7.643983429757822
2026-08-26,560,Vadim,22.950533986851536,2.0697300536113987,16.74134382601734
2026-08-26,561,NathV,21.23779118573571,2.976218368319921,12.309136080775946
2026-08-26,561,Lily,32.73515176506792,1.1255808145626784,29.358409321379884
2026-08-26,561,Roland,28.353277275370168,1.2297600535441722,24.66399711473765
2026-08-26,561,Rémi,35.34263246771477,1.2173788522661213,31.690495910916407
2026-08-26,561,ManonV,14.88895923850101,1.4764059677574166,10.459741335228761
2026-08-26,561,Lilou,19.673421963685165,1.1981965873151001,16.078832201739864
2026-08-26,561,Paul,21.05042718314005,1.2688134505104116,17.243986831608815
2026-08-26,561,Raphaël,31.263993722204305,1.7057163357305047,26.14684471501279
2026-08-26,561,Julia,19.42816151889261,1.819787207997871,13.968799894898996
2026-08-26,561,Armelle,23.43508958934454,1.891420130276492,17.76082919851506
2026-08-26,561,Jules,19.582599855483707,1.3393733119930007,15.564479919504706
2026-08-26,561,BenjaminC,27.195882244596994,1.834398344352813,21.692687211538555
2026-08-26,561,LaureS,26.75234639662283,2.131548067479751,20.357702194183577
2026-08-26,561,Sabine,21.769683818330922,2.2950215863967083,14.884619059140796
2026-08-26,561,Loïc,18.697587181152937,1.4231690504152639,14.428080029907145
2026-08-26,561,JulieB,19.007820777253,1.463027839096313,14.61873725996406
2026-08-26,561,ThéoM,24.662234607461947,1.210174631523937,21.031710712890135
2026-08-26,561,EmmanuelP,22.038530943061073,1.6823634248870845,16.991440668399818
2026-08-26,561,BenjaminZ,22.808387269000498,1.4188315397913243,18.551892649626524
2026-08-26,561,Maximilien,22.112973266797283,3.7883218629285995,10.748007678011485
2026-08-26,561,PhilippeA,27.569874948792673,3.6647128020948108,16.575736542508242
2026-08-26,561,Nicolas,12.297240655569215,1.5510857419371311,7.643983429757822
2026-08-26,561,Vadim,22.950533986851536,2.0697300536113987,16.74134382601734
2026-08-26,562,NathV,21.23779118573571,2.976218368319921,12.309136080775946
2026-08-26,562,Lily,32.73515176506792,1.1255808145626784,29.358409321379884
2026-08-26,562,Roland,28.353277275370168,1.2297600535441722,24.66399711473765
2026-08-26,562,Rémi,35.34263246771477,1.2173788522661213,31.690495910916407
2026-08-26,562,ManonV,14.88895923850101,1.4764059677574166,10.459741335228761
2026-08-26,562,Lilou,19.673421963685165,1.1981965873151001,16.078832201739864
2026-08-26,562,Paul,21.21961117404382,1.26280047950462,17.43120973552996
2026-08-26,562,Raphaël,31.263993722204305,1.7057163357305047,26.14684471501279
2026-08-26,562,Julia,19.42816151889261,1.819787207997871,13.968799894898996
2026-08-26,562,Armelle,23.43508958934454,1.891420130276492,17.76082919851506
2026-08-26,562,Jules,19.582599855483707,1.3393733119930007,15.564479919504706
2026-08-26,562,BenjaminC,27.195882244596994,1.834398344352813,21.692687211538555
2026-08-26,562,LaureS,26.75234639662283,2.131548067479751,20.357702194183577
2026-08-26,562,Sabine,21.769683818330922,2.2950215863967083,14.884619059140796
2026-08-26,562,Loïc,18.697587181152937,1.4231690504152639,14.428080029907145
2026-08-26,562,JulieB,19.007820777253,1.463027839096313,14.61873725996406
2026-08-26,562,ThéoM,24.662234607461947,1.210174631523937,21.031710712890135
2026-08-26,562,EmmanuelP,21.74163909955748,1.664039757357188,16.74951982748592
2026-08-26,562,BenjaminZ,22.59701324199501,1.409051524530071,18.3698586684048
2026-08-26,562,Maximilien,22.112973266797283,3.7883218629285995,10.748007678011485
2026-08-26,562,PhilippeA,27.569874948792673,3.6647128020948108,16.575736542508242
2026-08-26,562,Nicolas,12.297240655569215,1.5510857419371311,7.643983429757822
2026-08-26,562,Vadim,23.39951217381976,2.0333750887899793,17.299386907449822
2026-08-26,563,NathV,21.23779118573571,2.976218368319921,12.309136080775946
2026-08-26,563,Lily,32.79031349753537,1.1245044071684072,29.416800276030152
2026-08-26,563,Roland,28.287490138190734,1.227164157183253,24.605997666640974
2026-08-26,563,Rémi,35.34263246771477,1.2173788522661213,31.690495910916407
2026-08-26,563,ManonV,14.88895923850101,1.4764059677574166,10.459741335228761
2026-08-26,563,Lilou,19.673421963685165,1.1981965873151001,16.078832201739864
2026-08-26,563,Paul,21.150257868160367,1.2596839420047177,17.371206042146213
2026-08-26,563,Raphaël,31.263993722204305,1.7057163357305047,26.14684471501279
2026-08-26,563,Julia,19.42816151889261,1.819787207997871,13.968799894898996
2026-08-26,563,Armelle,23.43508958934454,1.891420130276492,17.76082919851506
2026-08-26,563,Jules,19.582599855483707,1.3393733119930007,15.564479919504706
2026-08-26,563,BenjaminC,27.195882244596994,1.834398344352813,21.692687211538555
2026-08-26,563,LaureS,26.75234639662283,2.131548067479751,20.357702194183577
2026-08-26,563,Sabine,21.769683818330922,2.2950215863967083,14.884619059140796
2026-08-26,563,Loïc,18.697587181152937,1.4231690504152639,14.428080029907145
2026-08-26,563,JulieB,19.007820777253,1.463027839096313,14.61873725996406
2026-08-26,563,ThéoM,24.72595245317183,1.2078781519413058,21.10231799734791
2026-08-26,563,EmmanuelP,21.74163909955748,1.664039757357188,16.74951982748592
2026-08-26,563,BenjaminZ,22.59701324199501,1.409051524530071,18.3698586684048
2026-08-26,563,Maximilien,22.112973266797283,3.7883218629285995,10.748007678011485
2026-08-26,563,PhilippeA,27.569874948792673,3.6647128020948108,16.575736542508242
2026-08-26,563,Nicolas,12.297240655569215,1.5510857419371311,7.643983429757822
2026-08-26,563,Vadim,23.39951217381976,2.0333750887899793,17.299386907449822
2026-08-26,564,NathV,20.657922817692295,2.888481454700414,11.992478453591055
2026-08-26,564,Lily,32.79031349753537,1.1245044071684072,29.416800276030152
2026-08-26,564,Roland,28.287490138190734,1.227164157183253,24.605997666640974
2026-08-26,564,Rémi,35.34263246771477,1.2173788522661213,31.690495910916407
2026-08-26,564,ManonV,14.88895923850101,1.4764059677574166,10.459741335228761
2026-08-26,564,Lilou,19.673421963685165,1.1981965873151001,16.078832201739864
2026-08-26,564,Paul,21.046007124862914,1.2557437097466304,17.278775995623022
2026-08-26,564,Raphaël,31.263993722204305,1.7057163357305047,26.14684471501279
2026-08-26,564,Julia,19.42816151889261,1.819787207997871,13.968799894898996
2026-08-26,564,Armelle,23.43508958934454,1.891420130276492,17.76082919851506
2026-08-26,564,Jules,19.582599855483707,1.3393733119930007,15.564479919504706
2026-08-26,564,BenjaminC,27.195882244596994,1.834398344352813,21.692687211538555
2026-08-26,564,LaureS,26.75234639662283,2.131548067479751,20.357702194183577
2026-08-26,564,Sabine,21.769683818330922,2.2950215863967083,14.884619059140796
2026-08-26,564,Loïc,18.697587181152937,1.4231690504152639,14.428080029907145
2026-08-26,564,JulieB,19.007820777253,1.463027839096313,14.61873725996406
2026-08-26,564,ThéoM,24.821841278988096,1.2048459718044133,21.207303363574855
2026-08-26,564,EmmanuelP,21.923221890092968,1.65070745676695,16.97109951979212
2026-08-26,564,BenjaminZ,22.59701324199501,1.409051524530071,18.3698586684048
2026-08-26,564,Maximilien,22.112973266797283,3.7883218629285995,10.748007678011485
2026-08-26,564,PhilippeA,27.569874948792673,3.6647128020948108,16.575736542508242
2026-08-26,564,Nicolas,12.297240655569215,1.5510857419371311,7.643983429757822
2026-08-26,564,Vadim,23.39951217381976,2.0333750887899793,17.299386907449822
2026-08-26,565,NathV,21.29636403464794,2.800847587654392,12.893821271684764
2026-08-26,565,Lily,32.887525811506926,1.1223788319808798,29.520389315564287
2026-08-26,565,Roland,28.171819310120565,1.2232262665469382,24.50214051047975
2026-08-26,565,Rémi,35.34263246771477,1.2173788522661213,31.690495910916407
2026-08-26,565,ManonV,14.88895923850101,1.4764059677574166,10.459741335228761
2026-08-26,565,Lilou,19.673421963685165,1.1981965873151001,16.078832201739864
2026-08-26,565,Paul,21.046007124862914,1.2557437097466304,17.278775995623022
2026-08-26,565,Raphaël,31.263993722204305,1.7057163357305047,26.14684471501279
2026-08-26,565,Julia,19.42816151889261,1.819787207997871,13.968799894898996
2026-08-26,565,Armelle,23.43508958934454,1.891420130276492,17.76082919851506
2026-08-26,565,Jules,19.582599855483707,1.3393733119930007,15.564479919504706
2026-08-26,565,BenjaminC,27.195882244596994,1.834398344352813,21.692687211538555
2026-08-26,565,LaureS,26.75234639662283,2.131548067479751,20.357702194183577
2026-08-26,565,Sabine,21.769683818330922,2.2950215863967083,14.884619059140796
2026-08-26,565,Loïc,18.697587181152937,1.4231690504152639,14.428080029907145
2026-08-26,565,JulieB,19.007820777253,1.463027839096313,14.61873725996406
2026-08-26,565,ThéoM,24.821841278988096,1.2048459718044133,21.207303363574855
2026-08-26,565,EmmanuelP,21.923221890092968,1.65070745676695,16.97109951979212
2026-08-26,565,BenjaminZ,22.444681448492812,1.4012820494900868,18.240835300022553
2026-08-26,565,Maximilien,22.112973266797283,3.7883218629285995,10.748007678011485
2026-08-26,565,PhilippeA,27.569874948792673,3.6647128020948108,16.575736542508242
2026-08-26,565,Nicolas,12.297240655569215,1.5510857419371311,7.643983429757822
2026-08-26,565,Vadim,23.39951217381976,2.0333750887899793,17.299386907449822
2026-08-26,566,NathV,20.459774186027218,2.707781856548453,12.336428616381859
2026-08-26,566,Lily,32.752562471416645,1.119444224369435,29.39422979830834
2026-08-26,566,Roland,28.331986629045584,1.218269731081844,24.677177435800054
2026-08-26,566,Rémi,35.34263246771477,1.2173788522661213,31.690495910916407
2026-08-26,566,ManonV,14.88895923850101,1.4764059677574166,10.459741335228761
2026-08-26,566,Lilou,19.673421963685165,1.1981965873151001,16.078832201739864
2026-08-26,566,Paul,21.046007124862914,1.2557437097466304,17.278775995623022
2026-08-26,566,Raphaël,31.263993722204305,1.7057163357305047,26.14684471501279
2026-08-26,566,Julia,19.42816151889261,1.819787207997871,13.968799894898996
2026-08-26,566,Armelle,23.43508958934454,1.891420130276492,17.76082919851506
2026-08-26,566,Jules,19.582599855483707,1.3393733119930007,15.564479919504706
2026-08-26,566,BenjaminC,27.195882244596994,1.834398344352813,21.692687211538555
2026-08-26,566,LaureS,26.75234639662283,2.131548067479751,20.357702194183577
2026-08-26,566,Sabine,21.769683818330922,2.2950215863967083,14.884619059140796
2026-08-26,566,Loïc,18.697587181152937,1.4231690504152639,14.428080029907145
2026-08-26,566,JulieB,19.007820777253,1.463027839096313,14.61873725996406
2026-08-26,566,ThéoM,24.977253456583846,1.200277698363497,21.376420361493356
2026-08-26,566,EmmanuelP,21.923221890092968,1.65070745676695,16.97109951979212
2026-08-26,566,BenjaminZ,22.444681448492812,1.4012820494900868,18.240835300022553
2026-08-26,566,Maximilien,22.112973266797283,3.7883218629285995,10.748007678011485
2026-08-26,566,PhilippeA,27.569874948792673,3.6647128020948108,16.575736542508242
2026-08-26,566,Nicolas,12.297240655569215,1.5510857419371311,7.643983429757822
2026-08-26,566,Vadim,23.39951217381976,2.0333750887899793,17.299386907449822
2026-08-26,567,NathV,20.404613243335547,2.692747103404877,12.326371933120916
2026-08-26,567,Lily,32.76203352166282,1.1213837051878044,29.39788240609941
2026-08-26,567,Roland,28.34319409462344,1.2196257875171372,24.684316732072027
2026-08-26,567,Rémi,35.34263246771477,1.2173788522661213,31.690495910916407
2026-08-26,567,ManonV,14.88895923850101,1.4764059677574166,10.459741335228761
2026-08-26,567,Lilou,19.673421963685165,1.1981965873151001,16.078832201739864
2026-08-26,567,Paul,21.046007124862914,1.2557437097466304,17.278775995623022
2026-08-26,567,Raphaël,31.263993722204305,1.7057163357305047,26.14684471501279
2026-08-26,567,Julia,19.42816151889261,1.819787207997871,13.968799894898996
2026-08-26,567,Armelle,23.43508958934454,1.891420130276492,17.76082919851506
2026-08-26,567,Jules,19.582599855483707,1.3393733119930007,15.564479919504706
2026-08-26,567,BenjaminC,27.195882244596994,1.834398344352813,21.692687211538555
2026-08-26,567,LaureS,26.75234639662283,2.131548067479751,20.357702194183577
2026-08-26,567,Sabine,21.769683818330922,2.2950215863967083,14.884619059140796
2026-08-26,567,Loïc,18.697587181152937,1.4231690504152639,14.428080029907145
2026-08-26,567,JulieB,19.007820777253,1.463027839096313,14.61873725996406
2026-08-26,567,ThéoM,24.977253456583846,1.200277698363497,21.376420361493356
2026-08-26,567,EmmanuelP,21.923221890092968,1.65070745676695,16.97109951979212
2026-08-26,567,BenjaminZ,22.429870682242004,1.4014926205758393,18.225392820514486
2026-08-26,567,Maximilien,22.112973266797283,3.7883218629285995,10.748007678011485
2026-08-26,567,PhilippeA,27.569874948792673,3.6647128020948108,16.575736542508242
2026-08-26,567,Nicolas,12.297240655569215,1.5510857419371311,7.643983429757822
2026-08-26,567,Vadim,23.39951217381976,2.0333750887899793,17.299386907449822
2026-08-26,568,NathV,20.404613243335547,2.692747103404877,12.326371933120916
2026-08-26,568,Lily,32.76203352166282,1.1213837051878044,29.39788240609941
2026-08-26,568,Roland,28.14141210815444,1.2136556805096557,24.500445066625474
2026-08-26,568,Rémi,35.34263246771477,1.2173788522661213,31.690495910916407
2026-08-26,568,ManonV,14.88895923850101,1.4764059677574166,10.459741335228761
2026-08-26,568,Lilou,19.673421963685165,1.1981965873151001,16.078832201739864
2026-08-26,568,Paul,21.046007124862914,1.2557437097466304,17.278775995623022
2026-08-26,568,Raphaël,31.263993722204305,1.7057163357305047,26.14684471501279
2026-08-26,568,Julia,19.42816151889261,1.819787207997871,13.968799894898996
2026-08-26,568,Armelle,23.43508958934454,1.891420130276492,17.76082919851506
2026-08-26,568,Jules,19.582599855483707,1.3393733119930007,15.564479919504706
2026-08-26,568,BenjaminC,27.195882244596994,1.834398344352813,21.692687211538555
2026-08-26,568,LaureS,26.75234639662283,2.131548067479751,20.357702194183577
2026-08-26,568,Sabine,21.769683818330922,2.2950215863967083,14.884619059140796
2026-08-26,568,Loïc,18.697587181152937,1.4231690504152639,14.428080029907145
2026-08-26,568,JulieB,19.007820777253,1.463027839096313,14.61873725996406
2026-08-26,568,ThéoM,25.172713617561374,1.194765216919056,21.588417966804208
2026-08-26,568,EmmanuelP,22.29207379292798,1.63096083580442,17.399191285514718
2026-08-26,568,BenjaminZ,22.163724177520624,1.390601315511732,17.99192023098543
2026-08-26,568,Maximilien,22.112973266797283,3.7883218629285995,10.748007678011485
2026-08-26,568,PhilippeA,27.569874948792673,3.6647128020948108,16.575736542508242
2026-08-26,568,Nicolas,12.297240655569215,1.5510857419371311,7.643983429757822
2026-08-26,568,Vadim,23.39951217381976,2.0333750887899793,17.299386907449822
2026-08-27,569,NathV,20.404613243335547,2.692747103404877,12.326371933120916
2026-08-27,569,Lily,32.76745454032746,1.123713116500515,29.39631519082592
2026-08-27,569,Roland,28.14141210815444,1.2136556805096557,24.500445066625474
2026-08-27,569,Rémi,35.34901602036983,1.2192530744022647,31.691256797163035
2026-08-27,569,ManonV,14.88895923850101,1.4764059677574166,10.459741335228761
2026-08-27,569,Lilou,19.673421963685165,1.1981965873151001,16.078832201739864
2026-08-27,569,Paul,21.039216791926012,1.2574364301144993,17.266907501582516
2026-08-27,569,Raphaël,31.263993722204305,1.7057163357305047,26.14684471501279
2026-08-27,569,Julia,19.42816151889261,1.819787207997871,13.968799894898996
2026-08-27,569,Armelle,23.43508958934454,1.891420130276492,17.76082919851506
2026-08-27,569,Jules,19.582599855483707,1.3393733119930007,15.564479919504706
2026-08-27,569,BenjaminC,27.195882244596994,1.834398344352813,21.692687211538555
2026-08-27,569,LaureS,26.732837432500915,2.1279648686703823,20.34894282648977
2026-08-27,569,Sabine,21.769683818330922,2.2950215863967083,14.884619059140796
2026-08-27,569,Loïc,18.697587181152937,1.4231690504152639,14.428080029907145
2026-08-27,569,JulieB,19.007820777253,1.463027839096313,14.61873725996406
2026-08-27,569,ThéoM,25.172713617561374,1.194765216919056,21.588417966804208
2026-08-27,569,EmmanuelP,22.29207379292798,1.63096083580442,17.399191285514718
2026-08-27,569,BenjaminZ,22.163724177520624,1.390601315511732,17.99192023098543
2026-08-27,569,Maximilien,22.112973266797283,3.7883218629285995,10.748007678011485
2026-08-27,569,PhilippeA,27.569874948792673,3.6647128020948108,16.575736542508242
2026-08-27,569,Nicolas,12.297240655569215,1.5510857419371311,7.643983429757822
2026-08-27,569,Vadim,23.39951217381976,2.0333750887899793,17.299386907449822
2026-08-27,570,NathV,20.404613243335547,2.692747103404877,12.326371933120916
2026-08-27,570,Lily,32.67016863636601,1.1214693796996205,29.305760497267144
2026-08-27,570,Roland,28.2548063097943,1.2098041647922775,24.625393815417468
2026-08-27,570,Rémi,35.34901602036983,1.2192530744022647,31.691256797163035
2026-08-27,570,ManonV,14.88895923850101,1.4764059677574166,10.459741335228761
2026-08-27,570,Lilou,19.673421963685165,1.1981965873151001,16.078832201739864
2026-08-27,570,Paul,21.039216791926012,1.2574364301144993,17.266907501582516
2026-08-27,570,Raphaël,31.263993722204305,1.7057163357305047,26.14684471501279
2026-08-27,570,Julia,19.173883912882324,1.7990871407206772,13.776622490720293
2026-08-27,570,Armelle,23.43508958934454,1.891420130276492,17.76082919851506
2026-08-27,570,Jules,19.582599855483707,1.3393733119930007,15.564479919504706
2026-08-27,570,BenjaminC,27.195882244596994,1.834398344352813,21.692687211538555
2026-08-27,570,LaureS,27.080334838233977,2.0933955039467524,20.800148326393717
2026-08-27,570,Sabine,21.769683818330922,2.2950215863967083,14.884619059140796
2026-08-27,570,Loïc,18.697587181152937,1.4231690504152639,14.428080029907145
2026-08-27,570,JulieB,19.007820777253,1.463027839096313,14.61873725996406
2026-08-27,570,ThéoM,25.172713617561374,1.194765216919056,21.588417966804208
2026-08-27,570,EmmanuelP,22.29207379292798,1.63096083580442,17.399191285514718
2026-08-27,570,BenjaminZ,22.163724177520624,1.390601315511732,17.99192023098543
2026-08-27,570,Maximilien,22.112973266797283,3.7883218629285995,10.748007678011485
2026-08-27,570,PhilippeA,27.569874948792673,3.6647128020948108,16.575736542508242
2026-08-27,570,Nicolas,12.297240655569215,1.5510857419371311,7.643983429757822
2026-08-27,570,Vadim,23.39951217381976,2.0333750887899793,17.299386907449822
2026-08-27,571,NathV,20.404613243335547,2.692747103404877,12.326371933120916
2026-08-27,571,Lily,32.67016863636601,1.1214693796996205,29.305760497267144
2026-08-27,571,Roland,28.234146033795554,1.2103087233709233,24.603219863682785
2026-08-27,571,Rémi,35.36999875179834,1.219679916755678,31.710959001531307
2026-08-27,571,ManonV,14.88895923850101,1.4764059677574166,10.459741335228761
2026-08-27,571,Lilou,19.673421963685165,1.1981965873151001,16.078832201739864
2026-08-27,571,Paul,21.039216791926012,1.2574364301144993,17.266907501582516
2026-08-27,571,Raphaël,31.263993722204305,1.7057163357305047,26.14684471501279
2026-08-27,571,Julia,19.128313240102162,1.7932690388930654,13.748506123422967
2026-08-27,571,Armelle,23.43508958934454,1.891420130276492,17.76082919851506
2026-08-27,571,Jules,19.582599855483707,1.3393733119930007,15.564479919504706
2026-08-27,571,BenjaminC,27.195882244596994,1.834398344352813,21.692687211538555
2026-08-27,571,LaureS,27.142000086990123,2.082849533283169,20.893451487140617
2026-08-27,571,Sabine,21.769683818330922,2.2950215863967083,14.884619059140796
2026-08-27,571,Loïc,18.697587181152937,1.4231690504152639,14.428080029907145
2026-08-27,571,JulieB,19.007820777253,1.463027839096313,14.61873725996406
2026-08-27,571,ThéoM,25.172713617561374,1.194765216919056,21.588417966804208
2026-08-27,571,EmmanuelP,22.29207379292798,1.63096083580442,17.399191285514718
2026-08-27,571,BenjaminZ,22.163724177520624,1.390601315511732,17.99192023098543
2026-08-27,571,Maximilien,22.112973266797283,3.7883218629285995,10.748007678011485
2026-08-27,571,PhilippeA,27.569874948792673,3.6647128020948108,16.575736542508242
2026-08-27,571,Nicolas,12.297240655569215,1.5510857419371311,7.643983429757822
2026-08-27,571,Vadim,23.39951217381976,2.0333750887899793,17.299386907449822
2026-08-27,572,NathV,20.404613243335547,2.692747103404877,12.326371933120916
2026-08-27,572,Lily,32.67492458947054,1.1238683203631818,29.303319628380997
2026-08-27,572,Roland,28.228611033273058,1.2123041754069264,24.59169850705228
2026-08-27,572,Rémi,35.37561939110146,1.2216331290092177,31.710720004073806
2026-08-27,572,ManonV,14.88895923850101,1.4764059677574166,10.459741335228761
2026-08-27,572,Lilou,19.673421963685165,1.1981965873151001,16.078832201739864
2026-08-27,572,Paul,21.039216791926012,1.2574364301144993,17.266907501582516
2026-08-27,572,Raphaël,31.263993722204305,1.7057163357305047,26.14684471501279
2026-08-27,572,Julia,19.116193339288152,1.7923839731404625,13.739041419866766
2026-08-27,572,Armelle,23.43508958934454,1.891420130276492,17.76082919851506
2026-08-27,572,Jules,19.582599855483707,1.3393733119930007,15.564479919504706
2026-08-27,572,BenjaminC,27.195882244596994,1.834398344352813,21.692687211538555
2026-08-27,572,LaureS,27.142000086990123,2.082849533283169,20.893451487140617
2026-08-27,572,Sabine,21.769683818330922,2.2950215863967083,14.884619059140796
2026-08-27,572,Loïc,18.697587181152937,1.4231690504152639,14.428080029907145
2026-08-27,572,JulieB,19.007820777253,1.463027839096313,14.61873725996406
2026-08-27,572,ThéoM,25.172713617561374,1.194765216919056,21.588417966804208
2026-08-27,572,EmmanuelP,22.29207379292798,1.63096083580442,17.399191285514718
2026-08-27,572,BenjaminZ,22.163724177520624,1.390601315511732,17.99192023098543
2026-08-27,572,Maximilien,22.112973266797283,3.7883218629285995,10.748007678011485
2026-08-27,572,PhilippeA,27.569874948792673,3.6647128020948108,16.575736542508242
2026-08-27,572,Nicolas,12.297240655569215,1.5510857419371311,7.643983429757822
2026-08-27,572,Vadim,23.39951217381976,2.0333750887899793,17.299386907449822
2026-08-27,573,NathV,20.404613243335547,2.692747103404877,12.326371933120916
2026-08-27,573,Lily,32.693939065295474,1.1249647024164768,29.319044958046042
2026-08-27,573,Roland,28.250718691729265,1.2126711297710855,24.61270530241601
2026-08-27,573,Rémi,35.37561939110146,1.2216331290092177,31.710720004073806
2026-08-27,573,ManonV,14.88895923850101,1.4764059677574166,10.459741335228761
2026-08-27,573,Lilou,19.673421963685165,1.1981965873151001,16.078832201739864
2026-08-27,573,Paul,21.039216791926012,1.2574364301144993,17.266907501582516
2026-08-27,573,Raphaël,31.263993722204305,1.7057163357305047,26.14684471501279
2026-08-27,573,Julia,19.06799055341217,1.7862814057965317,13.709146336022574
2026-08-27,573,Armelle,23.43508958934454,1.891420130276492,17.76082919851506
2026-08-27,573,Jules,19.582599855483707,1.3393733119930007,15.564479919504706
2026-08-27,573,BenjaminC,27.195882244596994,1.834398344352813,21.692687211538555
2026-08-27,573,LaureS,27.07694478309794,2.0719021366531254,20.861238373138562
2026-08-27,573,Sabine,21.769683818330922,2.2950215863967083,14.884619059140796
2026-08-27,573,Loïc,18.697587181152937,1.4231690504152639,14.428080029907145
2026-08-27,573,JulieB,19.007820777253,1.463027839096313,14.61873725996406
2026-08-27,573,ThéoM,25.172713617561374,1.194765216919056,21.588417966804208
2026-08-27,573,EmmanuelP,22.29207379292798,1.63096083580442,17.399191285514718
2026-08-27,573,BenjaminZ,22.163724177520624,1.390601315511732,17.99192023098543
2026-08-27,573,Maximilien,22.112973266797283,3.7883218629285995,10.748007678011485
2026-08-27,573,PhilippeA,27.569874948792673,3.6647128020948108,16.575736542508242
2026-08-27,573,Nicolas,12.297240655569215,1.5510857419371311,7.643983429757822
2026-08-27,573,Vadim,23.39951217381976,2.0333750887899793,17.299386907449822
2026-08-27,574,NathV,20.404613243335547,2.692747103404877,12.326371933120916
2026-08-27,574,Lily,32.693939065295474,1.1249647024164768,29.319044958046042
2026-08-27,574,Roland,28.362552127493714,1.2088274441003206,24.73606979519275
2026-08-27,574,Rémi,35.37561939110146,1.2216331290092177,31.710720004073806
2026-08-27,574,ManonV,14.88895923850101,1.4764059677574166,10.459741335228761
2026-08-27,574,Lilou,19.673421963685165,1.1981965873151001,16.078832201739864
2026-08-27,574,Paul,20.919013906015635,1.2527231666662928,17.160844406016757
2026-08-27,574,Raphaël,31.263993722204305,1.7057163357305047,26.14684471501279
2026-08-27,574,Julia,19.310028513250707,1.7668108307343786,14.009596021047571
2026-08-27,574,Armelle,23.16378459333153,1.8678239489825197,17.56031274638397
2026-08-27,574,Jules,19.582599855483707,1.3393733119930007,15.564479919504706
2026-08-27,574,BenjaminC,27.195882244596994,1.834398344352813,21.692687211538555
2026-08-27,574,LaureS,27.07694478309794,2.0719021366531254,20.861238373138562
2026-08-27,574,Sabine,21.769683818330922,2.2950215863967083,14.884619059140796
2026-08-27,574,Loïc,18.697587181152937,1.4231690504152639,14.428080029907145
2026-08-27,574,JulieB,19.007820777253,1.463027839096313,14.61873725996406
2026-08-27,574,ThéoM,25.172713617561374,1.194765216919056,21.588417966804208
2026-08-27,574,EmmanuelP,22.29207379292798,1.63096083580442,17.399191285514718
2026-08-27,574,BenjaminZ,22.163724177520624,1.390601315511732,17.99192023098543
2026-08-27,574,Maximilien,22.112973266797283,3.7883218629285995,10.748007678011485
2026-08-27,574,PhilippeA,27.569874948792673,3.6647128020948108,16.575736542508242
2026-08-27,574,Nicolas,12.297240655569215,1.5510857419371311,7.643983429757822
2026-08-27,574,Vadim,23.39951217381976,2.0333750887899793,17.299386907449822
2026-08-27,575,NathV,20.404613243335547,2.692747103404877,12.326371933120916
2026-08-27,575,Lily,32.693939065295474,1.1249647024164768,29.319044958046042
2026-08-27,575,Roland,28.465761076109686,1.205274275799342,24.84993824871166
2026-08-27,575,Rémi,35.37561939110146,1.2216331290092177,31.710720004073806
2026-08-27,575,ManonV,14.88895923850101,1.4764059677574166,10.459741335228761
2026-08-27,575,Lilou,19.673421963685165,1.1981965873151001,16.078832201739864
2026-08-27,575,Paul,20.808209382154317,1.2483464557016417,17.06317001504939
2026-08-27,575,Raphaël,31.263993722204305,1.7057163357305047,26.14684471501279
2026-08-27,575,Julia,19.52995365213815,1.748738051069289,14.283739498930284
2026-08-27,575,Armelle,22.91805062815912,1.8460004991128474,17.380049130820577
2026-08-27,575,Jules,19.582599855483707,1.3393733119930007,15.564479919504706
2026-08-27,575,BenjaminC,27.195882244596994,1.834398344352813,21.692687211538555
2026-08-27,575,LaureS,27.07694478309794,2.0719021366531254,20.861238373138562
2026-08-27,575,Sabine,21.769683818330922,2.2950215863967083,14.884619059140796
2026-08-27,575,Loïc,18.697587181152937,1.4231690504152639,14.428080029907145
2026-08-27,575,JulieB,19.007820777253,1.463027839096313,14.61873725996406
2026-08-27,575,ThéoM,25.172713617561374,1.194765216919056,21.588417966804208
2026-08-27,575,EmmanuelP,22.29207379292798,1.63096083580442,17.399191285514718
2026-08-27,575,BenjaminZ,22.163724177520624,1.390601315511732,17.99192023098543
2026-08-27,575,Maximilien,22.112973266797283,3.7883218629285995,10.748007678011485
2026-08-27,575,PhilippeA,27.569874948792673,3.6647128020948108,16.575736542508242
2026-08-27,575,Nicolas,12.297240655569215,1.5510857419371311,7.643983429757822
2026-08-27,575,Vadim,23.39951217381976,2.0333750887899793,17.299386907449822
2026-08-28,576,NathV,20.404613243335547,2.692747103404877,12.326371933120916
2026-08-28,576,Lily,32.693939065295474,1.1249647024164768,29.319044958046042
2026-08-28,576,Roland,28.465761076109686,1.205274275799342,24.84993824871166
2026-08-28,576,Rémi,35.46847204461395,1.2195634246165492,31.8097817707643
2026-08-28,576,ManonV,14.88895923850101,1.4764059677574166,10.459741335228761
2026-08-28,576,Lilou,19.673421963685165,1.1981965873151001,16.078832201739864
2026-08-28,576,Paul,20.808209382154317,1.2483464557016417,17.06317001504939
2026-08-28,576,Raphaël,31.263993722204305,1.7057163357305047,26.14684471501279
2026-08-28,576,Julia,19.52995365213815,1.748738051069289,14.283739498930284
2026-08-28,576,Armelle,22.91805062815912,1.8460004991128474,17.380049130820577
2026-08-28,576,Jules,19.582599855483707,1.3393733119930007,15.564479919504706
2026-08-28,576,BenjaminC,27.195882244596994,1.834398344352813,21.692687211538555
2026-08-28,576,LaureS,26.810665736366158,2.0496485241598092,20.66172016388673
2026-08-28,576,Sabine,21.769683818330922,2.2950215863967083,14.884619059140796
2026-08-28,576,Loïc,18.697587181152937,1.4231690504152639,14.428080029907145
2026-08-28,576,JulieB,19.007820777253,1.463027839096313,14.61873725996406
2026-08-28,576,ThéoM,25.172713617561374,1.194765216919056,21.588417966804208
2026-08-28,576,EmmanuelP,22.29207379292798,1.63096083580442,17.399191285514718
2026-08-28,576,BenjaminZ,22.283911487448098,1.385862988677333,18.1263225214161
2026-08-28,576,Maximilien,22.112973266797283,3.7883218629285995,10.748007678011485
2026-08-28,576,PhilippeA,27.569874948792673,3.6647128020948108,16.575736542508242
2026-08-28,576,Nicolas,12.297240655569215,1.5510857419371311,7.643983429757822
2026-08-28,576,Vadim,23.39951217381976,2.0333750887899793,17.299386907449822
2026-08-28,577,NathV,20.301231936675137,2.6683400305833813,12.296211844924994
2026-08-28,577,Lily,32.693939065295474,1.1249647024164768,29.319044958046042
2026-08-28,577,Roland,28.465761076109686,1.205274275799342,24.84993824871166
2026-08-28,577,Rémi,35.489756715929424,1.2200157920537136,31.829709339768282
2026-08-28,577,ManonV,14.88895923850101,1.4764059677574166,10.459741335228761
2026-08-28,577,Lilou,19.673421963685165,1.1981965873151001,16.078832201739864
2026-08-28,577,Paul,20.808209382154317,1.2483464557016417,17.06317001504939
2026-08-28,577,Raphaël,31.263993722204305,1.7057163357305047,26.14684471501279
2026-08-28,577,Julia,19.52995365213815,1.748738051069289,14.283739498930284
2026-08-28,577,Armelle,22.91805062815912,1.8460004991128474,17.380049130820577
2026-08-28,577,Jules,19.582599855483707,1.3393733119930007,15.564479919504706
2026-08-28,577,BenjaminC,27.195882244596994,1.834398344352813,21.692687211538555
2026-08-28,577,LaureS,26.810665736366158,2.0496485241598092,20.66172016388673
2026-08-28,577,Sabine,21.769683818330922,2.2950215863967083,14.884619059140796
2026-08-28,577,Loïc,18.697587181152937,1.4231690504152639,14.428080029907145
2026-08-28,577,JulieB,19.007820777253,1.463027839096313,14.61873725996406
2026-08-28,577,ThéoM,25.172713617561374,1.194765216919056,21.588417966804208
2026-08-28,577,EmmanuelP,22.330062501014083,1.6273818678110132,17.447916897581045
2026-08-28,577,BenjaminZ,22.256455112489327,1.3848615447555017,18.10187047822282
2026-08-28,577,Maximilien,22.112973266797283,3.7883218629285995,10.748007678011485
2026-08-28,577,PhilippeA,27.569874948792673,3.6647128020948108,16.575736542508242
2026-08-28,577,Nicolas,12.297240655569215,1.5510857419371311,7.643983429757822
2026-08-28,577,Vadim,23.39951217381976,2.0333750887899793,17.299386907449822
2026-08-28,578,NathV,20.26152344526832,2.6575494162955877,12.288875196381557
2026-08-28,578,Lily,32.693939065295474,1.1249647024164768,29.319044958046042
2026-08-28,578,Roland,28.465761076109686,1.205274275799342,24.84993824871166
2026-08-28,578,Rémi,35.49808834832006,1.221698484473157,31.83299289490059
2026-08-28,578,ManonV,14.88895923850101,1.4764059677574166,10.459741335228761
2026-08-28,578,Lilou,19.673421963685165,1.1981965873151001,16.078832201739864
2026-08-28,578,Paul,20.808209382154317,1.2483464557016417,17.06317001504939
2026-08-28,578,Raphaël,31.263993722204305,1.7057163357305047,26.14684471501279
2026-08-28,578,Julia,19.52995365213815,1.748738051069289,14.283739498930284
2026-08-28,578,Armelle,22.91805062815912,1.8460004991128474,17.380049130820577
2026-08-28,578,Jules,19.582599855483707,1.3393733119930007,15.564479919504706
2026-08-28,578,BenjaminC,27.195882244596994,1.834398344352813,21.692687211538555
2026-08-28,578,LaureS,26.834110926618116,2.045861208295548,20.69652730173147
2026-08-28,578,Sabine,21.769683818330922,2.2950215863967083,14.884619059140796
2026-08-28,578,Loïc,18.697587181152937,1.4231690504152639,14.428080029907145
2026-08-28,578,JulieB,19.007820777253,1.463027839096313,14.61873725996406
2026-08-28,578,ThéoM,25.172713617561374,1.194765216919056,21.588417966804208
2026-08-28,578,EmmanuelP,22.330062501014083,1.6273818678110132,17.447916897581045
2026-08-28,578,BenjaminZ,22.24573103100138,1.3856722968072595,18.0887141405796
2026-08-28,578,Maximilien,22.112973266797283,3.7883218629285995,10.748007678011485
2026-08-28,578,PhilippeA,27.569874948792673,3.6647128020948108,16.575736542508242
2026-08-28,578,Nicolas,12.297240655569215,1.5510857419371311,7.643983429757822
2026-08-28,578,Vadim,23.39951217381976,2.0333750887899793,17.299386907449822
2026-08-28,579,NathV,20.79677198806849,2.591849870647666,13.021222376125491
2026-08-28,579,Lily,32.693939065295474,1.1249647024164768,29.319044958046042
2026-08-28,579,Roland,28.465761076109686,1.205274275799342,24.84993824871166
2026-08-28,579,Rémi,35.49808834832006,1.221698484473157,31.83299289490059
2026-08-28,579,ManonV,14.88895923850101,1.4764059677574166,10.459741335228761
2026-08-28,579,Lilou,19.673421963685165,1.1981965873151001,16.078832201739864
2026-08-28,579,Paul,20.808209382154317,1.2483464557016417,17.06317001504939
2026-08-28,579,Raphaël,31.263993722204305,1.7057163357305047,26.14684471501279
2026-08-28,579,Julia,19.52995365213815,1.748738051069289,14.283739498930284
2026-08-28,579,Armelle,22.91805062815912,1.8460004991128474,17.380049130820577
2026-08-28,579,Jules,19.582599855483707,1.3393733119930007,15.564479919504706
2026-08-28,579,BenjaminC,27.195882244596994,1.834398344352813,21.692687211538555
2026-08-28,579,LaureS,27.15153383919916,2.017115937249688,21.100186027450096
2026-08-28,579,Sabine,21.769683818330922,2.2950215863967083,14.884619059140796
2026-08-28,579,Loïc,18.697587181152937,1.4231690504152639,14.428080029907145
2026-08-28,579,JulieB,19.007820777253,1.463027839096313,14.61873725996406
2026-08-28,579,ThéoM,25.172713617561374,1.194765216919056,21.588417966804208
2026-08-28,579,EmmanuelP,22.129022620175107,1.6142124157176396,17.28638537302219
2026-08-28,579,BenjaminZ,22.099831150125745,1.3787279507238812,17.9636472979541
2026-08-28,579,Maximilien,22.112973266797283,3.7883218629285995,10.748007678011485
2026-08-28,579,PhilippeA,27.569874948792673,3.6647128020948108,16.575736542508242
2026-08-28,579,Nicolas,12.297240655569215,1.5510857419371311,7.643983429757822
2026-08-28,579,Vadim,23.39951217381976,2.0333750887899793,17.299386907449822
